ISO-10303-21;
HEADER;

/* File generated by Shapr3D Version 26.91.0.11012 */

FILE_DESCRIPTION(('HOOPS Exchange Step'),'2;1');

FILE_NAME('/Users/armen/Library/Containers/com.shapr3d.shapr/Data/tmp/export/temp_export',
'2026-09-07T21:25:38+20:00',
('armen'),
('Shapr3D Limited'),
'HOOPS Exchange 2026.3',
'Shapr3D',
'Authorized');

FILE_SCHEMA( ('AP242_MANAGED_MODEL_BASED_3D_ENGINEERING_MIM_LF {1 0 10303 442 1 1 4}') );

ENDSEC;

DATA;
#3=(NAMED_UNIT(*)PLANE_ANGLE_UNIT()SI_UNIT($,.RADIAN.));
#4=PLANE_ANGLE_MEASURE_WITH_UNIT(PLANE_ANGLE_MEASURE(0.0174532925),#3);
#5=(CONVERSION_BASED_UNIT('DEGREE',#4)NAMED_UNIT(#6)PLANE_ANGLE_UNIT());
#6=DIMENSIONAL_EXPONENTS(0.,0.,0.,0.,0.,0.,0.);
#7=(NAMED_UNIT(*)SI_UNIT($,.STERADIAN.)SOLID_ANGLE_UNIT());
#8=(LENGTH_UNIT()NAMED_UNIT(*)SI_UNIT(.MILLI.,.METRE.));
#9=UNCERTAINTY_MEASURE_WITH_UNIT(LENGTH_MEASURE(1.000000E-05),#8,'DISTANCE_ACCURACY_VALUE','Maximum Tolerance applied to model');
#10=(GEOMETRIC_REPRESENTATION_CONTEXT(3)GLOBAL_UNCERTAINTY_ASSIGNED_CONTEXT((#9))GLOBAL_UNIT_ASSIGNED_CONTEXT((#8,#5,#7))REPRESENTATION_CONTEXT('','root'));
#12=CARTESIAN_POINT('',(0.,0.,0.));
#13=DIRECTION('',(0.,0.,1.));
#14=DIRECTION('',(1.,0.,0.));
#15=AXIS2_PLACEMENT_3D('',#12,#13,#14);
#27=CARTESIAN_POINT('',(-29.5,44.311995268,25.836637132));
#28=DIRECTION('',(0.,-0.060662841,0.998158314));
#29=DIRECTION('',(0.,-0.998158314,-0.060662841));
#30=AXIS2_PLACEMENT_3D('',#27,#28,#29);
#31=PLANE('',#30);
#32=CARTESIAN_POINT('',(-27.5,-42.110655811,20.584320437));
#33=VERTEX_POINT('',#32);
#34=CARTESIAN_POINT('',(-27.5,-38.438163024,20.807515339));
#35=VERTEX_POINT('',#34);
#36=CARTESIAN_POINT('',(-27.5,-42.110655811,20.584320437));
#37=DIRECTION('',(0.,0.998158314,0.060662841));
#38=VECTOR('',#37,3.679268845);
#39=LINE('',#36,#38);
#40=EDGE_CURVE('',#33,#35,#39,.T.);
#41=ORIENTED_EDGE('',*,*,#40,.F.);
#42=CARTESIAN_POINT('',(-29.5,-42.110655811,20.584320437));
#43=VERTEX_POINT('',#42);
#44=CARTESIAN_POINT('',(-29.5,-42.110655811,20.584320437));
#45=DIRECTION('',(1.,0.,-0.));
#46=VECTOR('',#45,2.);
#47=LINE('',#44,#46);
#48=EDGE_CURVE('',#43,#33,#47,.T.);
#49=ORIENTED_EDGE('',*,*,#48,.F.);
#50=CARTESIAN_POINT('',(-29.5,-38.438163024,20.807515339));
#51=VERTEX_POINT('',#50);
#52=CARTESIAN_POINT('',(-29.5,-42.110655811,20.584320437));
#53=DIRECTION('',(0.,0.998158314,0.060662841));
#54=VECTOR('',#53,3.679268845);
#55=LINE('',#52,#54);
#56=EDGE_CURVE('',#43,#51,#55,.T.);
#57=ORIENTED_EDGE('',*,*,#56,.T.);
#58=CARTESIAN_POINT('',(-29.5,-38.438163024,20.807515339));
#59=DIRECTION('',(1.,0.,-0.));
#60=VECTOR('',#59,2.);
#61=LINE('',#58,#60);
#62=EDGE_CURVE('',#51,#35,#61,.T.);
#63=ORIENTED_EDGE('',*,*,#62,.T.);
#64=EDGE_LOOP('',(#41,#49,#57,#63));
#65=FACE_BOUND('',#64,.T.);
#66=ADVANCED_FACE('',(#65),#31,.F.);
#67=CARTESIAN_POINT('',(-29.5,-38.438163024,17.758637422));
#68=DIRECTION('',(0.,-1.,0.));
#69=DIRECTION('',(0.,0.,-1.));
#70=AXIS2_PLACEMENT_3D('',#67,#68,#69);
#71=PLANE('',#70);
#72=CARTESIAN_POINT('',(-27.5,-38.438163024,14.709759504));
#73=VERTEX_POINT('',#72);
#74=CARTESIAN_POINT('',(-27.5,-38.438163024,14.709759504));
#75=DIRECTION('',(0.,0.,1.));
#76=VECTOR('',#75,6.097755836);
#77=LINE('',#74,#76);
#78=EDGE_CURVE('',#73,#35,#77,.T.);
#79=ORIENTED_EDGE('',*,*,#78,.T.);
#80=ORIENTED_EDGE('',*,*,#62,.F.);
#81=CARTESIAN_POINT('',(-29.5,-38.438163024,14.709759504));
#82=VERTEX_POINT('',#81);
#83=CARTESIAN_POINT('',(-29.5,-38.438163024,14.709759504));
#84=DIRECTION('',(0.,0.,1.));
#85=VECTOR('',#84,6.097755836);
#86=LINE('',#83,#85);
#87=EDGE_CURVE('',#82,#51,#86,.T.);
#88=ORIENTED_EDGE('',*,*,#87,.F.);
#89=CARTESIAN_POINT('',(-29.5,-38.438163024,14.709759504));
#90=DIRECTION('',(1.,0.,-0.));
#91=VECTOR('',#90,2.);
#92=LINE('',#89,#91);
#93=EDGE_CURVE('',#82,#73,#92,.T.);
#94=ORIENTED_EDGE('',*,*,#93,.T.);
#95=EDGE_LOOP('',(#79,#80,#88,#94));
#96=FACE_BOUND('',#95,.T.);
#97=ADVANCED_FACE('',(#96),#71,.T.);
#98=CARTESIAN_POINT('',(-29.5,-35.051129401,14.709759504));
#99=DIRECTION('',(0.,0.,-1.));
#100=DIRECTION('',(1.,0.,0.));
#101=AXIS2_PLACEMENT_3D('',#98,#99,#100);
#102=PLANE('',#101);
#103=CARTESIAN_POINT('',(-27.5,-31.664095777,14.709759504));
#104=VERTEX_POINT('',#103);
#105=CARTESIAN_POINT('',(-27.5,-31.664095777,14.709759504));
#106=DIRECTION('',(0.,-1.,0.));
#107=VECTOR('',#106,6.774067247);
#108=LINE('',#105,#107);
#109=EDGE_CURVE('',#104,#73,#108,.T.);
#110=ORIENTED_EDGE('',*,*,#109,.T.);
#111=ORIENTED_EDGE('',*,*,#93,.F.);
#112=CARTESIAN_POINT('',(-29.5,-31.664095777,14.709759504));
#113=VERTEX_POINT('',#112);
#114=CARTESIAN_POINT('',(-29.5,-31.664095777,14.709759504));
#115=DIRECTION('',(0.,-1.,0.));
#116=VECTOR('',#115,6.774067247);
#117=LINE('',#114,#116);
#118=EDGE_CURVE('',#113,#82,#117,.T.);
#119=ORIENTED_EDGE('',*,*,#118,.F.);
#120=CARTESIAN_POINT('',(-29.5,-31.664095777,14.709759504));
#121=DIRECTION('',(1.,0.,-0.));
#122=VECTOR('',#121,2.);
#123=LINE('',#120,#122);
#124=EDGE_CURVE('',#113,#104,#123,.T.);
#125=ORIENTED_EDGE('',*,*,#124,.T.);
#126=EDGE_LOOP('',(#110,#111,#119,#125));
#127=FACE_BOUND('',#126,.T.);
#128=ADVANCED_FACE('',(#127),#102,.T.);
#129=CARTESIAN_POINT('',(-29.5,-31.664095777,17.964483609));
#130=DIRECTION('',(0.,-1.,0.));
#131=DIRECTION('',(0.,-0.,-1.));
#132=AXIS2_PLACEMENT_3D('',#129,#130,#131);
#133=PLANE('',#132);
#134=CARTESIAN_POINT('',(-27.5,-31.664095777,21.219207715));
#135=VERTEX_POINT('',#134);
#136=CARTESIAN_POINT('',(-27.5,-31.664095777,14.709759504));
#137=DIRECTION('',(0.,0.,1.));
#138=VECTOR('',#137,6.509448211);
#139=LINE('',#136,#138);
#140=EDGE_CURVE('',#104,#135,#139,.T.);
#141=ORIENTED_EDGE('',*,*,#140,.F.);
#142=ORIENTED_EDGE('',*,*,#124,.F.);
#143=CARTESIAN_POINT('',(-29.5,-31.664095777,21.219207715));
#144=VERTEX_POINT('',#143);
#145=CARTESIAN_POINT('',(-29.5,-31.664095777,14.709759504));
#146=DIRECTION('',(0.,0.,1.));
#147=VECTOR('',#146,6.509448211);
#148=LINE('',#145,#147);
#149=EDGE_CURVE('',#113,#144,#148,.T.);
#150=ORIENTED_EDGE('',*,*,#149,.T.);
#151=CARTESIAN_POINT('',(-29.5,-31.664095777,21.219207715));
#152=DIRECTION('',(1.,0.,-0.));
#153=VECTOR('',#152,2.);
#154=LINE('',#151,#153);
#155=EDGE_CURVE('',#144,#135,#154,.T.);
#156=ORIENTED_EDGE('',*,*,#155,.T.);
#157=EDGE_LOOP('',(#141,#142,#150,#156));
#158=FACE_BOUND('',#157,.T.);
#159=ADVANCED_FACE('',(#158),#133,.F.);
#160=CARTESIAN_POINT('',(-29.5,44.311995268,25.836637132));
#161=DIRECTION('',(0.,-0.060662841,0.998158314));
#162=DIRECTION('',(0.,-0.998158314,-0.060662841));
#163=AXIS2_PLACEMENT_3D('',#160,#161,#162);
#164=PLANE('',#163);
#165=CARTESIAN_POINT('',(-27.5,31.92417662,25.08377031));
#166=VERTEX_POINT('',#165);
#167=CARTESIAN_POINT('',(-27.5,-31.664095777,21.219207715));
#168=DIRECTION('',(0.,0.998158314,0.060662841));
#169=VECTOR('',#168,63.705598109);
#170=LINE('',#167,#169);
#171=EDGE_CURVE('',#135,#166,#170,.T.);
#172=ORIENTED_EDGE('',*,*,#171,.F.);
#173=ORIENTED_EDGE('',*,*,#155,.F.);
#174=CARTESIAN_POINT('',(-29.5,31.92417662,25.08377031));
#175=VERTEX_POINT('',#174);
#176=CARTESIAN_POINT('',(-29.5,-31.664095777,21.219207715));
#177=DIRECTION('',(0.,0.998158314,0.060662841));
#178=VECTOR('',#177,63.705598109);
#179=LINE('',#176,#178);
#180=EDGE_CURVE('',#144,#175,#179,.T.);
#181=ORIENTED_EDGE('',*,*,#180,.T.);
#182=CARTESIAN_POINT('',(-29.5,31.92417662,25.08377031));
#183=DIRECTION('',(1.,0.,-0.));
#184=VECTOR('',#183,2.);
#185=LINE('',#182,#184);
#186=EDGE_CURVE('',#175,#166,#185,.T.);
#187=ORIENTED_EDGE('',*,*,#186,.T.);
#188=EDGE_LOOP('',(#172,#173,#181,#187));
#189=FACE_BOUND('',#188,.T.);
#190=ADVANCED_FACE('',(#189),#164,.F.);
#191=CARTESIAN_POINT('',(-29.5,31.92417662,22.074432876));
#192=DIRECTION('',(0.,1.,0.));
#193=DIRECTION('',(0.,0.,1.));
#194=AXIS2_PLACEMENT_3D('',#191,#192,#193);
#195=PLANE('',#194);
#196=CARTESIAN_POINT('',(-27.5,31.92417662,19.065095443));
#197=VERTEX_POINT('',#196);
#198=CARTESIAN_POINT('',(-27.5,31.92417662,25.08377031));
#199=DIRECTION('',(0.,0.,-1.));
#200=VECTOR('',#199,6.018674867);
#201=LINE('',#198,#200);
#202=EDGE_CURVE('',#166,#197,#201,.T.);
#203=ORIENTED_EDGE('',*,*,#202,.F.);
#204=ORIENTED_EDGE('',*,*,#186,.F.);
#205=CARTESIAN_POINT('',(-29.5,31.92417662,19.065095443));
#206=VERTEX_POINT('',#205);
#207=CARTESIAN_POINT('',(-29.5,31.92417662,25.08377031));
#208=DIRECTION('',(0.,0.,-1.));
#209=VECTOR('',#208,6.018674867);
#210=LINE('',#207,#209);
#211=EDGE_CURVE('',#175,#206,#210,.T.);
#212=ORIENTED_EDGE('',*,*,#211,.T.);
#213=CARTESIAN_POINT('',(-29.5,31.92417662,19.065095443));
#214=DIRECTION('',(1.,0.,-0.));
#215=VECTOR('',#214,2.);
#216=LINE('',#213,#215);
#217=EDGE_CURVE('',#206,#197,#216,.T.);
#218=ORIENTED_EDGE('',*,*,#217,.T.);
#219=EDGE_LOOP('',(#203,#204,#212,#218));
#220=FACE_BOUND('',#219,.T.);
#221=ADVANCED_FACE('',(#220),#195,.F.);
#222=CARTESIAN_POINT('',(-29.5,34.5576463,19.065180407));
#223=DIRECTION('',(0.,-0.000032263,0.999999999));
#224=DIRECTION('',(0.,-0.999999999,-0.000032263));
#225=AXIS2_PLACEMENT_3D('',#222,#223,#224);
#226=PLANE('',#225);
#227=CARTESIAN_POINT('',(-27.5,37.191115981,19.065265371));
#228=VERTEX_POINT('',#227);
#229=CARTESIAN_POINT('',(-27.5,31.92417662,19.065095443));
#230=DIRECTION('',(0.,0.999999999,0.000032263));
#231=VECTOR('',#230,5.266939365);
#232=LINE('',#229,#231);
#233=EDGE_CURVE('',#197,#228,#232,.T.);
#234=ORIENTED_EDGE('',*,*,#233,.F.);
#235=ORIENTED_EDGE('',*,*,#217,.F.);
#236=CARTESIAN_POINT('',(-29.5,37.191115981,19.065265371));
#237=VERTEX_POINT('',#236);
#238=CARTESIAN_POINT('',(-29.5,31.92417662,19.065095443));
#239=DIRECTION('',(0.,0.999999999,0.000032263));
#240=VECTOR('',#239,5.266939365);
#241=LINE('',#238,#240);
#242=EDGE_CURVE('',#206,#237,#241,.T.);
#243=ORIENTED_EDGE('',*,*,#242,.T.);
#244=CARTESIAN_POINT('',(-29.5,37.191115981,19.065265371));
#245=DIRECTION('',(1.,0.,-0.));
#246=VECTOR('',#245,2.);
#247=LINE('',#244,#246);
#248=EDGE_CURVE('',#237,#228,#247,.T.);
#249=ORIENTED_EDGE('',*,*,#248,.T.);
#250=EDGE_LOOP('',(#234,#235,#243,#249));
#251=FACE_BOUND('',#250,.T.);
#252=ADVANCED_FACE('',(#251),#226,.F.);
#253=CARTESIAN_POINT('',(-29.5,37.191115981,22.234566353));
#254=DIRECTION('',(0.,-1.,0.));
#255=DIRECTION('',(0.,0.,-1.));
#256=AXIS2_PLACEMENT_3D('',#253,#254,#255);
#257=PLANE('',#256);
#258=CARTESIAN_POINT('',(-27.5,37.191115981,25.403867335));
#259=VERTEX_POINT('',#258);
#260=CARTESIAN_POINT('',(-27.5,37.191115981,19.065265371));
#261=DIRECTION('',(0.,0.,1.));
#262=VECTOR('',#261,6.338601964);
#263=LINE('',#260,#262);
#264=EDGE_CURVE('',#228,#259,#263,.T.);
#265=ORIENTED_EDGE('',*,*,#264,.F.);
#266=ORIENTED_EDGE('',*,*,#248,.F.);
#267=CARTESIAN_POINT('',(-29.5,37.191115981,25.403867335));
#268=VERTEX_POINT('',#267);
#269=CARTESIAN_POINT('',(-29.5,37.191115981,19.065265371));
#270=DIRECTION('',(0.,0.,1.));
#271=VECTOR('',#270,6.338601964);
#272=LINE('',#269,#271);
#273=EDGE_CURVE('',#237,#268,#272,.T.);
#274=ORIENTED_EDGE('',*,*,#273,.T.);
#275=CARTESIAN_POINT('',(-29.5,37.191115981,25.403867335));
#276=DIRECTION('',(1.,0.,-0.));
#277=VECTOR('',#276,2.);
#278=LINE('',#275,#277);
#279=EDGE_CURVE('',#268,#259,#278,.T.);
#280=ORIENTED_EDGE('',*,*,#279,.T.);
#281=EDGE_LOOP('',(#265,#266,#274,#280));
#282=FACE_BOUND('',#281,.T.);
#283=ADVANCED_FACE('',(#282),#257,.F.);
#284=CARTESIAN_POINT('',(-29.5,44.311995268,25.836637132));
#285=DIRECTION('',(0.,-0.060662841,0.998158314));
#286=DIRECTION('',(0.,-0.998158314,-0.060662841));
#287=AXIS2_PLACEMENT_3D('',#284,#285,#286);
#288=PLANE('',#287);
#289=CARTESIAN_POINT('',(-27.5,44.692709027,25.859774923));
#290=VERTEX_POINT('',#289);
#291=CARTESIAN_POINT('',(-27.5,37.191115981,25.403867335));
#292=DIRECTION('',(0.,0.998158314,0.060662841));
#293=VECTOR('',#292,7.515434116);
#294=LINE('',#291,#293);
#295=EDGE_CURVE('',#259,#290,#294,.T.);
#296=ORIENTED_EDGE('',*,*,#295,.F.);
#297=ORIENTED_EDGE('',*,*,#279,.F.);
#298=CARTESIAN_POINT('',(-29.5,44.692709027,25.859774923));
#299=VERTEX_POINT('',#298);
#300=CARTESIAN_POINT('',(-29.5,37.191115981,25.403867335));
#301=DIRECTION('',(0.,0.998158314,0.060662841));
#302=VECTOR('',#301,7.515434116);
#303=LINE('',#300,#302);
#304=EDGE_CURVE('',#268,#299,#303,.T.);
#305=ORIENTED_EDGE('',*,*,#304,.T.);
#306=CARTESIAN_POINT('',(-29.5,44.692709027,25.859774923));
#307=DIRECTION('',(1.,0.,-0.));
#308=VECTOR('',#307,2.);
#309=LINE('',#306,#308);
#310=EDGE_CURVE('',#299,#290,#309,.T.);
#311=ORIENTED_EDGE('',*,*,#310,.T.);
#312=EDGE_LOOP('',(#296,#297,#305,#311));
#313=FACE_BOUND('',#312,.T.);
#314=ADVANCED_FACE('',(#313),#288,.F.);
#315=CARTESIAN_POINT('',(-29.5,44.13331699,28.776644635));
#316=DIRECTION('',(1.,0.,-0.));
#317=DIRECTION('',(0.,0.,1.));
#318=AXIS2_PLACEMENT_3D('',#315,#316,#317);
#319=CYLINDRICAL_SURFACE('',#318,2.970024978);
#320=CARTESIAN_POINT('',(-27.5,47.,28.));
#321=VERTEX_POINT('',#320);
#322=CARTESIAN_POINT('',(-27.5,44.13331699,28.776644635));
#323=DIRECTION('',(1.,0.,0.));
#324=DIRECTION('',(0.,0.,-1.));
#325=AXIS2_PLACEMENT_3D('',#322,#323,#324);
#326=CIRCLE('',#325,2.970024978);
#327=EDGE_CURVE('',#290,#321,#326,.T.);
#328=ORIENTED_EDGE('',*,*,#327,.F.);
#329=ORIENTED_EDGE('',*,*,#310,.F.);
#330=CARTESIAN_POINT('',(-29.5,47.,28.));
#331=VERTEX_POINT('',#330);
#332=CARTESIAN_POINT('',(-29.5,44.13331699,28.776644635));
#333=DIRECTION('',(1.,0.,0.));
#334=DIRECTION('',(0.,0.,-1.));
#335=AXIS2_PLACEMENT_3D('',#332,#333,#334);
#336=CIRCLE('',#335,2.970024978);
#337=EDGE_CURVE('',#299,#331,#336,.T.);
#338=ORIENTED_EDGE('',*,*,#337,.T.);
#339=CARTESIAN_POINT('',(-29.5,47.,28.));
#340=DIRECTION('',(1.,0.,-0.));
#341=VECTOR('',#340,2.);
#342=LINE('',#339,#341);
#343=EDGE_CURVE('',#331,#321,#342,.T.);
#344=ORIENTED_EDGE('',*,*,#343,.T.);
#345=EDGE_LOOP('',(#328,#329,#338,#344));
#346=FACE_BOUND('',#345,.T.);
#347=ADVANCED_FACE('',(#346),#319,.T.);
#348=CARTESIAN_POINT('',(-29.5,47.,29.5));
#349=DIRECTION('',(0.,-1.,0.));
#350=DIRECTION('',(0.,0.,-1.));
#351=AXIS2_PLACEMENT_3D('',#348,#349,#350);
#352=PLANE('',#351);
#353=CARTESIAN_POINT('',(-27.5,47.,31.));
#354=VERTEX_POINT('',#353);
#355=CARTESIAN_POINT('',(-27.5,47.,28.));
#356=DIRECTION('',(0.,0.,1.));
#357=VECTOR('',#356,3.);
#358=LINE('',#355,#357);
#359=EDGE_CURVE('',#321,#354,#358,.T.);
#360=ORIENTED_EDGE('',*,*,#359,.F.);
#361=ORIENTED_EDGE('',*,*,#343,.F.);
#362=CARTESIAN_POINT('',(-29.5,47.,31.));
#363=VERTEX_POINT('',#362);
#364=CARTESIAN_POINT('',(-29.5,47.,28.));
#365=DIRECTION('',(0.,0.,1.));
#366=VECTOR('',#365,3.);
#367=LINE('',#364,#366);
#368=EDGE_CURVE('',#331,#363,#367,.T.);
#369=ORIENTED_EDGE('',*,*,#368,.T.);
#370=CARTESIAN_POINT('',(-29.5,47.,31.));
#371=DIRECTION('',(1.,0.,-0.));
#372=VECTOR('',#371,2.);
#373=LINE('',#370,#372);
#374=EDGE_CURVE('',#363,#354,#373,.T.);
#375=ORIENTED_EDGE('',*,*,#374,.T.);
#376=EDGE_LOOP('',(#360,#361,#369,#375));
#377=FACE_BOUND('',#376,.T.);
#378=ADVANCED_FACE('',(#377),#352,.F.);
#379=CARTESIAN_POINT('',(-29.5,0.640238129,30.600371093));
#380=DIRECTION('',(0.,0.008619847,-0.999962848));
#381=DIRECTION('',(0.,0.999962848,0.008619847));
#382=AXIS2_PLACEMENT_3D('',#379,#380,#381);
#383=PLANE('',#382);
#384=CARTESIAN_POINT('',(-27.5,-45.719523741,30.200742185));
#385=VERTEX_POINT('',#384);
#386=CARTESIAN_POINT('',(-27.5,47.,31.));
#387=DIRECTION('',(0.,-0.999962848,-0.008619847));
#388=VECTOR('',#387,92.722968545);
#389=LINE('',#386,#388);
#390=EDGE_CURVE('',#354,#385,#389,.T.);
#391=ORIENTED_EDGE('',*,*,#390,.F.);
#392=ORIENTED_EDGE('',*,*,#374,.F.);
#393=CARTESIAN_POINT('',(-29.5,-45.719523741,30.200742185));
#394=VERTEX_POINT('',#393);
#395=CARTESIAN_POINT('',(-29.5,47.,31.));
#396=DIRECTION('',(0.,-0.999962848,-0.008619847));
#397=VECTOR('',#396,92.722968545);
#398=LINE('',#395,#397);
#399=EDGE_CURVE('',#363,#394,#398,.T.);
#400=ORIENTED_EDGE('',*,*,#399,.T.);
#401=CARTESIAN_POINT('',(-29.5,-45.719523741,30.200742185));
#402=DIRECTION('',(1.,0.,-0.));
#403=VECTOR('',#402,2.);
#404=LINE('',#401,#403);
#405=EDGE_CURVE('',#394,#385,#404,.T.);
#406=ORIENTED_EDGE('',*,*,#405,.T.);
#407=EDGE_LOOP('',(#391,#392,#400,#406));
#408=FACE_BOUND('',#407,.T.);
#409=ADVANCED_FACE('',(#408),#383,.F.);
#410=CARTESIAN_POINT('',(-29.5,-45.719523741,27.160686441));
#411=DIRECTION('',(0.,1.,0.));
#412=DIRECTION('',(0.,0.,1.));
#413=AXIS2_PLACEMENT_3D('',#410,#411,#412);
#414=PLANE('',#413);
#415=CARTESIAN_POINT('',(-27.5,-45.719523741,24.120630696));
#416=VERTEX_POINT('',#415);
#417=CARTESIAN_POINT('',(-27.5,-45.719523741,30.200742185));
#418=DIRECTION('',(0.,0.,-1.));
#419=VECTOR('',#418,6.080111489);
#420=LINE('',#417,#419);
#421=EDGE_CURVE('',#385,#416,#420,.T.);
#422=ORIENTED_EDGE('',*,*,#421,.F.);
#423=ORIENTED_EDGE('',*,*,#405,.F.);
#424=CARTESIAN_POINT('',(-29.5,-45.719523741,24.120630696));
#425=VERTEX_POINT('',#424);
#426=CARTESIAN_POINT('',(-29.5,-45.719523741,30.200742185));
#427=DIRECTION('',(0.,0.,-1.));
#428=VECTOR('',#427,6.080111489);
#429=LINE('',#426,#428);
#430=EDGE_CURVE('',#394,#425,#429,.T.);
#431=ORIENTED_EDGE('',*,*,#430,.T.);
#432=CARTESIAN_POINT('',(-29.5,-45.719523741,24.120630696));
#433=DIRECTION('',(1.,0.,-0.));
#434=VECTOR('',#433,2.);
#435=LINE('',#432,#434);
#436=EDGE_CURVE('',#425,#416,#435,.T.);
#437=ORIENTED_EDGE('',*,*,#436,.T.);
#438=EDGE_LOOP('',(#422,#423,#431,#437));
#439=FACE_BOUND('',#438,.T.);
#440=ADVANCED_FACE('',(#439),#414,.F.);
#441=CARTESIAN_POINT('',(-29.5,-41.3593075,24.960697136));
#442=DIRECTION('',(1.,0.,-0.));
#443=DIRECTION('',(0.,0.,1.));
#444=AXIS2_PLACEMENT_3D('',#441,#442,#443);
#445=CYLINDRICAL_SURFACE('',#444,4.440405082);
#446=CARTESIAN_POINT('',(-27.5,-41.3593075,24.960697136));
#447=DIRECTION('',(1.,0.,0.));
#448=DIRECTION('',(0.,0.,-1.));
#449=AXIS2_PLACEMENT_3D('',#446,#447,#448);
#450=CIRCLE('',#449,4.440405082);
#451=EDGE_CURVE('',#416,#33,#450,.T.);
#452=ORIENTED_EDGE('',*,*,#451,.F.);
#453=ORIENTED_EDGE('',*,*,#436,.F.);
#454=CARTESIAN_POINT('',(-29.5,-41.3593075,24.960697136));
#455=DIRECTION('',(1.,0.,0.));
#456=DIRECTION('',(0.,0.,-1.));
#457=AXIS2_PLACEMENT_3D('',#454,#455,#456);
#458=CIRCLE('',#457,4.440405082);
#459=EDGE_CURVE('',#425,#43,#458,.T.);
#460=ORIENTED_EDGE('',*,*,#459,.T.);
#461=ORIENTED_EDGE('',*,*,#48,.T.);
#462=EDGE_LOOP('',(#452,#453,#460,#461));
#463=FACE_BOUND('',#462,.T.);
#464=ADVANCED_FACE('',(#463),#445,.T.);
#465=CARTESIAN_POINT('',(-29.5,0.,0.));
#466=DIRECTION('',(-1.,0.,0.));
#467=DIRECTION('',(0.,1.,0.));
#468=AXIS2_PLACEMENT_3D('',#465,#466,#467);
#469=PLANE('',#468);
#470=ORIENTED_EDGE('',*,*,#56,.F.);
#471=ORIENTED_EDGE('',*,*,#459,.F.);
#472=ORIENTED_EDGE('',*,*,#430,.F.);
#473=ORIENTED_EDGE('',*,*,#399,.F.);
#474=ORIENTED_EDGE('',*,*,#368,.F.);
#475=ORIENTED_EDGE('',*,*,#337,.F.);
#476=ORIENTED_EDGE('',*,*,#304,.F.);
#477=ORIENTED_EDGE('',*,*,#273,.F.);
#478=ORIENTED_EDGE('',*,*,#242,.F.);
#479=ORIENTED_EDGE('',*,*,#211,.F.);
#480=ORIENTED_EDGE('',*,*,#180,.F.);
#481=ORIENTED_EDGE('',*,*,#149,.F.);
#482=ORIENTED_EDGE('',*,*,#118,.T.);
#483=ORIENTED_EDGE('',*,*,#87,.T.);
#484=EDGE_LOOP('',(#470,#471,#472,#473,#474,#475,#476,#477,#478,#479,#480,#481,#482,#483));
#485=FACE_BOUND('',#484,.T.);
#486=ADVANCED_FACE('',(#485),#469,.T.);
#487=CARTESIAN_POINT('',(-27.5,0.,0.));
#488=DIRECTION('',(-1.,0.,0.));
#489=DIRECTION('',(0.,1.,0.));
#490=AXIS2_PLACEMENT_3D('',#487,#488,#489);
#491=PLANE('',#490);
#492=ORIENTED_EDGE('',*,*,#40,.T.);
#493=ORIENTED_EDGE('',*,*,#78,.F.);
#494=ORIENTED_EDGE('',*,*,#109,.F.);
#495=ORIENTED_EDGE('',*,*,#140,.T.);
#496=ORIENTED_EDGE('',*,*,#171,.T.);
#497=ORIENTED_EDGE('',*,*,#202,.T.);
#498=ORIENTED_EDGE('',*,*,#233,.T.);
#499=ORIENTED_EDGE('',*,*,#264,.T.);
#500=ORIENTED_EDGE('',*,*,#295,.T.);
#501=ORIENTED_EDGE('',*,*,#327,.T.);
#502=ORIENTED_EDGE('',*,*,#359,.T.);
#503=ORIENTED_EDGE('',*,*,#390,.T.);
#504=ORIENTED_EDGE('',*,*,#421,.T.);
#505=ORIENTED_EDGE('',*,*,#451,.T.);
#506=EDGE_LOOP('',(#492,#493,#494,#495,#496,#497,#498,#499,#500,#501,#502,#503,#504,#505));
#507=FACE_BOUND('',#506,.T.);
#508=ADVANCED_FACE('',(#507),#491,.F.);
#509=CLOSED_SHELL('',(#66,#97,#128,#159,#190,#221,#252,#283,#314,#347,#378,#409,#440,#464,#486,#508));
#510=MANIFOLD_SOLID_BREP('Body 06 (1)',#509);
#511=COLOUR_RGB('',0.627451003,0.627451003,0.643137276);
#512=FILL_AREA_STYLE_COLOUR('',#511);
#513=FILL_AREA_STYLE('',(#512));
#514=SURFACE_STYLE_FILL_AREA(#513);
#515=SURFACE_SIDE_STYLE('',(#514));
#516=SURFACE_STYLE_USAGE(.BOTH.,#515);
#517=PRESENTATION_STYLE_ASSIGNMENT((#516));
#26=STYLED_ITEM('',(#517),#510);
#519=CARTESIAN_POINT('',(29.5,44.311995268,25.836637132));
#520=DIRECTION('',(0.,-0.060662841,0.998158314));
#521=DIRECTION('',(0.,-0.998158314,-0.060662841));
#522=AXIS2_PLACEMENT_3D('',#519,#520,#521);
#523=PLANE('',#522);
#524=CARTESIAN_POINT('',(27.5,-42.110655811,20.584320437));
#525=VERTEX_POINT('',#524);
#526=CARTESIAN_POINT('',(27.5,-38.438163024,20.807515339));
#527=VERTEX_POINT('',#526);
#528=CARTESIAN_POINT('',(27.5,-42.110655811,20.584320437));
#529=DIRECTION('',(0.,0.998158314,0.060662841));
#530=VECTOR('',#529,3.679268845);
#531=LINE('',#528,#530);
#532=EDGE_CURVE('',#525,#527,#531,.T.);
#533=ORIENTED_EDGE('',*,*,#532,.T.);
#534=CARTESIAN_POINT('',(29.5,-38.438163024,20.807515339));
#535=VERTEX_POINT('',#534);
#536=CARTESIAN_POINT('',(29.5,-38.438163024,20.807515339));
#537=DIRECTION('',(-1.,0.,0.));
#538=VECTOR('',#537,2.);
#539=LINE('',#536,#538);
#540=EDGE_CURVE('',#535,#527,#539,.T.);
#541=ORIENTED_EDGE('',*,*,#540,.F.);
#542=CARTESIAN_POINT('',(29.5,-42.110655811,20.584320437));
#543=VERTEX_POINT('',#542);
#544=CARTESIAN_POINT('',(29.5,-42.110655811,20.584320437));
#545=DIRECTION('',(0.,0.998158314,0.060662841));
#546=VECTOR('',#545,3.679268845);
#547=LINE('',#544,#546);
#548=EDGE_CURVE('',#543,#535,#547,.T.);
#549=ORIENTED_EDGE('',*,*,#548,.F.);
#550=CARTESIAN_POINT('',(29.5,-42.110655811,20.584320437));
#551=DIRECTION('',(-1.,0.,0.));
#552=VECTOR('',#551,2.);
#553=LINE('',#550,#552);
#554=EDGE_CURVE('',#543,#525,#553,.T.);
#555=ORIENTED_EDGE('',*,*,#554,.T.);
#556=EDGE_LOOP('',(#533,#541,#549,#555));
#557=FACE_BOUND('',#556,.T.);
#558=ADVANCED_FACE('',(#557),#523,.F.);
#559=CARTESIAN_POINT('',(29.5,-38.438163024,17.758637422));
#560=DIRECTION('',(0.,-1.,0.));
#561=DIRECTION('',(0.,0.,-1.));
#562=AXIS2_PLACEMENT_3D('',#559,#560,#561);
#563=PLANE('',#562);
#564=CARTESIAN_POINT('',(27.5,-38.438163024,14.709759504));
#565=VERTEX_POINT('',#564);
#566=CARTESIAN_POINT('',(27.5,-38.438163024,14.709759504));
#567=DIRECTION('',(0.,0.,1.));
#568=VECTOR('',#567,6.097755836);
#569=LINE('',#566,#568);
#570=EDGE_CURVE('',#565,#527,#569,.T.);
#571=ORIENTED_EDGE('',*,*,#570,.F.);
#572=CARTESIAN_POINT('',(29.5,-38.438163024,14.709759504));
#573=VERTEX_POINT('',#572);
#574=CARTESIAN_POINT('',(29.5,-38.438163024,14.709759504));
#575=DIRECTION('',(-1.,0.,0.));
#576=VECTOR('',#575,2.);
#577=LINE('',#574,#576);
#578=EDGE_CURVE('',#573,#565,#577,.T.);
#579=ORIENTED_EDGE('',*,*,#578,.F.);
#580=CARTESIAN_POINT('',(29.5,-38.438163024,14.709759504));
#581=DIRECTION('',(0.,0.,1.));
#582=VECTOR('',#581,6.097755836);
#583=LINE('',#580,#582);
#584=EDGE_CURVE('',#573,#535,#583,.T.);
#585=ORIENTED_EDGE('',*,*,#584,.T.);
#586=ORIENTED_EDGE('',*,*,#540,.T.);
#587=EDGE_LOOP('',(#571,#579,#585,#586));
#588=FACE_BOUND('',#587,.T.);
#589=ADVANCED_FACE('',(#588),#563,.T.);
#590=CARTESIAN_POINT('',(29.5,-35.051129401,14.709759504));
#591=DIRECTION('',(0.,0.,-1.));
#592=DIRECTION('',(-1.,0.,0.));
#593=AXIS2_PLACEMENT_3D('',#590,#591,#592);
#594=PLANE('',#593);
#595=CARTESIAN_POINT('',(27.5,-31.664095777,14.709759504));
#596=VERTEX_POINT('',#595);
#597=CARTESIAN_POINT('',(27.5,-31.664095777,14.709759504));
#598=DIRECTION('',(0.,-1.,0.));
#599=VECTOR('',#598,6.774067247);
#600=LINE('',#597,#599);
#601=EDGE_CURVE('',#596,#565,#600,.T.);
#602=ORIENTED_EDGE('',*,*,#601,.F.);
#603=CARTESIAN_POINT('',(29.5,-31.664095777,14.709759504));
#604=VERTEX_POINT('',#603);
#605=CARTESIAN_POINT('',(29.5,-31.664095777,14.709759504));
#606=DIRECTION('',(-1.,0.,0.));
#607=VECTOR('',#606,2.);
#608=LINE('',#605,#607);
#609=EDGE_CURVE('',#604,#596,#608,.T.);
#610=ORIENTED_EDGE('',*,*,#609,.F.);
#611=CARTESIAN_POINT('',(29.5,-31.664095777,14.709759504));
#612=DIRECTION('',(0.,-1.,0.));
#613=VECTOR('',#612,6.774067247);
#614=LINE('',#611,#613);
#615=EDGE_CURVE('',#604,#573,#614,.T.);
#616=ORIENTED_EDGE('',*,*,#615,.T.);
#617=ORIENTED_EDGE('',*,*,#578,.T.);
#618=EDGE_LOOP('',(#602,#610,#616,#617));
#619=FACE_BOUND('',#618,.T.);
#620=ADVANCED_FACE('',(#619),#594,.T.);
#621=CARTESIAN_POINT('',(29.5,-31.664095777,17.964483609));
#622=DIRECTION('',(0.,-1.,0.));
#623=DIRECTION('',(0.,-0.,-1.));
#624=AXIS2_PLACEMENT_3D('',#621,#622,#623);
#625=PLANE('',#624);
#626=CARTESIAN_POINT('',(27.5,-31.664095777,21.219207715));
#627=VERTEX_POINT('',#626);
#628=CARTESIAN_POINT('',(27.5,-31.664095777,14.709759504));
#629=DIRECTION('',(0.,0.,1.));
#630=VECTOR('',#629,6.509448211);
#631=LINE('',#628,#630);
#632=EDGE_CURVE('',#596,#627,#631,.T.);
#633=ORIENTED_EDGE('',*,*,#632,.T.);
#634=CARTESIAN_POINT('',(29.5,-31.664095777,21.219207715));
#635=VERTEX_POINT('',#634);
#636=CARTESIAN_POINT('',(29.5,-31.664095777,21.219207715));
#637=DIRECTION('',(-1.,0.,0.));
#638=VECTOR('',#637,2.);
#639=LINE('',#636,#638);
#640=EDGE_CURVE('',#635,#627,#639,.T.);
#641=ORIENTED_EDGE('',*,*,#640,.F.);
#642=CARTESIAN_POINT('',(29.5,-31.664095777,14.709759504));
#643=DIRECTION('',(0.,0.,1.));
#644=VECTOR('',#643,6.509448211);
#645=LINE('',#642,#644);
#646=EDGE_CURVE('',#604,#635,#645,.T.);
#647=ORIENTED_EDGE('',*,*,#646,.F.);
#648=ORIENTED_EDGE('',*,*,#609,.T.);
#649=EDGE_LOOP('',(#633,#641,#647,#648));
#650=FACE_BOUND('',#649,.T.);
#651=ADVANCED_FACE('',(#650),#625,.F.);
#652=CARTESIAN_POINT('',(29.5,44.311995268,25.836637132));
#653=DIRECTION('',(0.,-0.060662841,0.998158314));
#654=DIRECTION('',(0.,-0.998158314,-0.060662841));
#655=AXIS2_PLACEMENT_3D('',#652,#653,#654);
#656=PLANE('',#655);
#657=CARTESIAN_POINT('',(27.5,31.92417662,25.08377031));
#658=VERTEX_POINT('',#657);
#659=CARTESIAN_POINT('',(27.5,-31.664095777,21.219207715));
#660=DIRECTION('',(0.,0.998158314,0.060662841));
#661=VECTOR('',#660,63.705598109);
#662=LINE('',#659,#661);
#663=EDGE_CURVE('',#627,#658,#662,.T.);
#664=ORIENTED_EDGE('',*,*,#663,.T.);
#665=CARTESIAN_POINT('',(29.5,31.92417662,25.08377031));
#666=VERTEX_POINT('',#665);
#667=CARTESIAN_POINT('',(29.5,31.92417662,25.08377031));
#668=DIRECTION('',(-1.,0.,0.));
#669=VECTOR('',#668,2.);
#670=LINE('',#667,#669);
#671=EDGE_CURVE('',#666,#658,#670,.T.);
#672=ORIENTED_EDGE('',*,*,#671,.F.);
#673=CARTESIAN_POINT('',(29.5,-31.664095777,21.219207715));
#674=DIRECTION('',(0.,0.998158314,0.060662841));
#675=VECTOR('',#674,63.705598109);
#676=LINE('',#673,#675);
#677=EDGE_CURVE('',#635,#666,#676,.T.);
#678=ORIENTED_EDGE('',*,*,#677,.F.);
#679=ORIENTED_EDGE('',*,*,#640,.T.);
#680=EDGE_LOOP('',(#664,#672,#678,#679));
#681=FACE_BOUND('',#680,.T.);
#682=ADVANCED_FACE('',(#681),#656,.F.);
#683=CARTESIAN_POINT('',(29.5,31.92417662,22.074432876));
#684=DIRECTION('',(0.,1.,0.));
#685=DIRECTION('',(0.,0.,1.));
#686=AXIS2_PLACEMENT_3D('',#683,#684,#685);
#687=PLANE('',#686);
#688=CARTESIAN_POINT('',(27.5,31.92417662,19.065095443));
#689=VERTEX_POINT('',#688);
#690=CARTESIAN_POINT('',(27.5,31.92417662,25.08377031));
#691=DIRECTION('',(0.,0.,-1.));
#692=VECTOR('',#691,6.018674867);
#693=LINE('',#690,#692);
#694=EDGE_CURVE('',#658,#689,#693,.T.);
#695=ORIENTED_EDGE('',*,*,#694,.T.);
#696=CARTESIAN_POINT('',(29.5,31.92417662,19.065095443));
#697=VERTEX_POINT('',#696);
#698=CARTESIAN_POINT('',(29.5,31.92417662,19.065095443));
#699=DIRECTION('',(-1.,0.,0.));
#700=VECTOR('',#699,2.);
#701=LINE('',#698,#700);
#702=EDGE_CURVE('',#697,#689,#701,.T.);
#703=ORIENTED_EDGE('',*,*,#702,.F.);
#704=CARTESIAN_POINT('',(29.5,31.92417662,25.08377031));
#705=DIRECTION('',(0.,0.,-1.));
#706=VECTOR('',#705,6.018674867);
#707=LINE('',#704,#706);
#708=EDGE_CURVE('',#666,#697,#707,.T.);
#709=ORIENTED_EDGE('',*,*,#708,.F.);
#710=ORIENTED_EDGE('',*,*,#671,.T.);
#711=EDGE_LOOP('',(#695,#703,#709,#710));
#712=FACE_BOUND('',#711,.T.);
#713=ADVANCED_FACE('',(#712),#687,.F.);
#714=CARTESIAN_POINT('',(29.5,34.5576463,19.065180407));
#715=DIRECTION('',(0.,-0.000032263,0.999999999));
#716=DIRECTION('',(0.,-0.999999999,-0.000032263));
#717=AXIS2_PLACEMENT_3D('',#714,#715,#716);
#718=PLANE('',#717);
#719=CARTESIAN_POINT('',(27.5,37.191115981,19.065265371));
#720=VERTEX_POINT('',#719);
#721=CARTESIAN_POINT('',(27.5,31.92417662,19.065095443));
#722=DIRECTION('',(0.,0.999999999,0.000032263));
#723=VECTOR('',#722,5.266939365);
#724=LINE('',#721,#723);
#725=EDGE_CURVE('',#689,#720,#724,.T.);
#726=ORIENTED_EDGE('',*,*,#725,.T.);
#727=CARTESIAN_POINT('',(29.5,37.191115981,19.065265371));
#728=VERTEX_POINT('',#727);
#729=CARTESIAN_POINT('',(29.5,37.191115981,19.065265371));
#730=DIRECTION('',(-1.,0.,0.));
#731=VECTOR('',#730,2.);
#732=LINE('',#729,#731);
#733=EDGE_CURVE('',#728,#720,#732,.T.);
#734=ORIENTED_EDGE('',*,*,#733,.F.);
#735=CARTESIAN_POINT('',(29.5,31.92417662,19.065095443));
#736=DIRECTION('',(0.,0.999999999,0.000032263));
#737=VECTOR('',#736,5.266939365);
#738=LINE('',#735,#737);
#739=EDGE_CURVE('',#697,#728,#738,.T.);
#740=ORIENTED_EDGE('',*,*,#739,.F.);
#741=ORIENTED_EDGE('',*,*,#702,.T.);
#742=EDGE_LOOP('',(#726,#734,#740,#741));
#743=FACE_BOUND('',#742,.T.);
#744=ADVANCED_FACE('',(#743),#718,.F.);
#745=CARTESIAN_POINT('',(29.5,37.191115981,22.234566353));
#746=DIRECTION('',(0.,-1.,0.));
#747=DIRECTION('',(0.,0.,-1.));
#748=AXIS2_PLACEMENT_3D('',#745,#746,#747);
#749=PLANE('',#748);
#750=CARTESIAN_POINT('',(27.5,37.191115981,25.403867335));
#751=VERTEX_POINT('',#750);
#752=CARTESIAN_POINT('',(27.5,37.191115981,19.065265371));
#753=DIRECTION('',(0.,0.,1.));
#754=VECTOR('',#753,6.338601964);
#755=LINE('',#752,#754);
#756=EDGE_CURVE('',#720,#751,#755,.T.);
#757=ORIENTED_EDGE('',*,*,#756,.T.);
#758=CARTESIAN_POINT('',(29.5,37.191115981,25.403867335));
#759=VERTEX_POINT('',#758);
#760=CARTESIAN_POINT('',(29.5,37.191115981,25.403867335));
#761=DIRECTION('',(-1.,0.,0.));
#762=VECTOR('',#761,2.);
#763=LINE('',#760,#762);
#764=EDGE_CURVE('',#759,#751,#763,.T.);
#765=ORIENTED_EDGE('',*,*,#764,.F.);
#766=CARTESIAN_POINT('',(29.5,37.191115981,19.065265371));
#767=DIRECTION('',(0.,0.,1.));
#768=VECTOR('',#767,6.338601964);
#769=LINE('',#766,#768);
#770=EDGE_CURVE('',#728,#759,#769,.T.);
#771=ORIENTED_EDGE('',*,*,#770,.F.);
#772=ORIENTED_EDGE('',*,*,#733,.T.);
#773=EDGE_LOOP('',(#757,#765,#771,#772));
#774=FACE_BOUND('',#773,.T.);
#775=ADVANCED_FACE('',(#774),#749,.F.);
#776=CARTESIAN_POINT('',(29.5,44.311995268,25.836637132));
#777=DIRECTION('',(0.,-0.060662841,0.998158314));
#778=DIRECTION('',(0.,-0.998158314,-0.060662841));
#779=AXIS2_PLACEMENT_3D('',#776,#777,#778);
#780=PLANE('',#779);
#781=CARTESIAN_POINT('',(27.5,44.692709027,25.859774923));
#782=VERTEX_POINT('',#781);
#783=CARTESIAN_POINT('',(27.5,37.191115981,25.403867335));
#784=DIRECTION('',(0.,0.998158314,0.060662841));
#785=VECTOR('',#784,7.515434116);
#786=LINE('',#783,#785);
#787=EDGE_CURVE('',#751,#782,#786,.T.);
#788=ORIENTED_EDGE('',*,*,#787,.T.);
#789=CARTESIAN_POINT('',(29.5,44.692709027,25.859774923));
#790=VERTEX_POINT('',#789);
#791=CARTESIAN_POINT('',(29.5,44.692709027,25.859774923));
#792=DIRECTION('',(-1.,0.,0.));
#793=VECTOR('',#792,2.);
#794=LINE('',#791,#793);
#795=EDGE_CURVE('',#790,#782,#794,.T.);
#796=ORIENTED_EDGE('',*,*,#795,.F.);
#797=CARTESIAN_POINT('',(29.5,37.191115981,25.403867335));
#798=DIRECTION('',(0.,0.998158314,0.060662841));
#799=VECTOR('',#798,7.515434116);
#800=LINE('',#797,#799);
#801=EDGE_CURVE('',#759,#790,#800,.T.);
#802=ORIENTED_EDGE('',*,*,#801,.F.);
#803=ORIENTED_EDGE('',*,*,#764,.T.);
#804=EDGE_LOOP('',(#788,#796,#802,#803));
#805=FACE_BOUND('',#804,.T.);
#806=ADVANCED_FACE('',(#805),#780,.F.);
#807=CARTESIAN_POINT('',(29.5,44.13331699,28.776644635));
#808=DIRECTION('',(-1.,0.,0.));
#809=DIRECTION('',(0.,0.,1.));
#810=AXIS2_PLACEMENT_3D('',#807,#808,#809);
#811=CYLINDRICAL_SURFACE('',#810,2.970024978);
#812=CARTESIAN_POINT('',(27.5,47.,28.));
#813=VERTEX_POINT('',#812);
#814=CARTESIAN_POINT('',(27.5,44.13331699,28.776644635));
#815=DIRECTION('',(1.,0.,0.));
#816=DIRECTION('',(0.,0.,-1.));
#817=AXIS2_PLACEMENT_3D('',#814,#815,#816);
#818=CIRCLE('',#817,2.970024978);
#819=EDGE_CURVE('',#782,#813,#818,.T.);
#820=ORIENTED_EDGE('',*,*,#819,.T.);
#821=CARTESIAN_POINT('',(29.5,47.,28.));
#822=VERTEX_POINT('',#821);
#823=CARTESIAN_POINT('',(29.5,47.,28.));
#824=DIRECTION('',(-1.,0.,0.));
#825=VECTOR('',#824,2.);
#826=LINE('',#823,#825);
#827=EDGE_CURVE('',#822,#813,#826,.T.);
#828=ORIENTED_EDGE('',*,*,#827,.F.);
#829=CARTESIAN_POINT('',(29.5,44.13331699,28.776644635));
#830=DIRECTION('',(1.,0.,0.));
#831=DIRECTION('',(0.,0.,-1.));
#832=AXIS2_PLACEMENT_3D('',#829,#830,#831);
#833=CIRCLE('',#832,2.970024978);
#834=EDGE_CURVE('',#790,#822,#833,.T.);
#835=ORIENTED_EDGE('',*,*,#834,.F.);
#836=ORIENTED_EDGE('',*,*,#795,.T.);
#837=EDGE_LOOP('',(#820,#828,#835,#836));
#838=FACE_BOUND('',#837,.T.);
#839=ADVANCED_FACE('',(#838),#811,.T.);
#840=CARTESIAN_POINT('',(29.5,47.,29.5));
#841=DIRECTION('',(0.,-1.,0.));
#842=DIRECTION('',(0.,0.,-1.));
#843=AXIS2_PLACEMENT_3D('',#840,#841,#842);
#844=PLANE('',#843);
#845=CARTESIAN_POINT('',(27.5,47.,31.));
#846=VERTEX_POINT('',#845);
#847=CARTESIAN_POINT('',(27.5,47.,28.));
#848=DIRECTION('',(0.,0.,1.));
#849=VECTOR('',#848,3.);
#850=LINE('',#847,#849);
#851=EDGE_CURVE('',#813,#846,#850,.T.);
#852=ORIENTED_EDGE('',*,*,#851,.T.);
#853=CARTESIAN_POINT('',(29.5,47.,31.));
#854=VERTEX_POINT('',#853);
#855=CARTESIAN_POINT('',(29.5,47.,31.));
#856=DIRECTION('',(-1.,0.,0.));
#857=VECTOR('',#856,2.);
#858=LINE('',#855,#857);
#859=EDGE_CURVE('',#854,#846,#858,.T.);
#860=ORIENTED_EDGE('',*,*,#859,.F.);
#861=CARTESIAN_POINT('',(29.5,47.,28.));
#862=DIRECTION('',(0.,0.,1.));
#863=VECTOR('',#862,3.);
#864=LINE('',#861,#863);
#865=EDGE_CURVE('',#822,#854,#864,.T.);
#866=ORIENTED_EDGE('',*,*,#865,.F.);
#867=ORIENTED_EDGE('',*,*,#827,.T.);
#868=EDGE_LOOP('',(#852,#860,#866,#867));
#869=FACE_BOUND('',#868,.T.);
#870=ADVANCED_FACE('',(#869),#844,.F.);
#871=CARTESIAN_POINT('',(29.5,0.640238129,30.600371093));
#872=DIRECTION('',(0.,0.008619847,-0.999962848));
#873=DIRECTION('',(0.,0.999962848,0.008619847));
#874=AXIS2_PLACEMENT_3D('',#871,#872,#873);
#875=PLANE('',#874);
#876=CARTESIAN_POINT('',(27.5,-45.719523741,30.200742185));
#877=VERTEX_POINT('',#876);
#878=CARTESIAN_POINT('',(27.5,47.,31.));
#879=DIRECTION('',(0.,-0.999962848,-0.008619847));
#880=VECTOR('',#879,92.722968545);
#881=LINE('',#878,#880);
#882=EDGE_CURVE('',#846,#877,#881,.T.);
#883=ORIENTED_EDGE('',*,*,#882,.T.);
#884=CARTESIAN_POINT('',(29.5,-45.719523741,30.200742185));
#885=VERTEX_POINT('',#884);
#886=CARTESIAN_POINT('',(29.5,-45.719523741,30.200742185));
#887=DIRECTION('',(-1.,0.,0.));
#888=VECTOR('',#887,2.);
#889=LINE('',#886,#888);
#890=EDGE_CURVE('',#885,#877,#889,.T.);
#891=ORIENTED_EDGE('',*,*,#890,.F.);
#892=CARTESIAN_POINT('',(29.5,47.,31.));
#893=DIRECTION('',(0.,-0.999962848,-0.008619847));
#894=VECTOR('',#893,92.722968545);
#895=LINE('',#892,#894);
#896=EDGE_CURVE('',#854,#885,#895,.T.);
#897=ORIENTED_EDGE('',*,*,#896,.F.);
#898=ORIENTED_EDGE('',*,*,#859,.T.);
#899=EDGE_LOOP('',(#883,#891,#897,#898));
#900=FACE_BOUND('',#899,.T.);
#901=ADVANCED_FACE('',(#900),#875,.F.);
#902=CARTESIAN_POINT('',(29.5,-45.719523741,27.160686441));
#903=DIRECTION('',(0.,1.,0.));
#904=DIRECTION('',(0.,0.,1.));
#905=AXIS2_PLACEMENT_3D('',#902,#903,#904);
#906=PLANE('',#905);
#907=CARTESIAN_POINT('',(27.5,-45.719523741,24.120630696));
#908=VERTEX_POINT('',#907);
#909=CARTESIAN_POINT('',(27.5,-45.719523741,30.200742185));
#910=DIRECTION('',(0.,0.,-1.));
#911=VECTOR('',#910,6.080111489);
#912=LINE('',#909,#911);
#913=EDGE_CURVE('',#877,#908,#912,.T.);
#914=ORIENTED_EDGE('',*,*,#913,.T.);
#915=CARTESIAN_POINT('',(29.5,-45.719523741,24.120630696));
#916=VERTEX_POINT('',#915);
#917=CARTESIAN_POINT('',(29.5,-45.719523741,24.120630696));
#918=DIRECTION('',(-1.,0.,0.));
#919=VECTOR('',#918,2.);
#920=LINE('',#917,#919);
#921=EDGE_CURVE('',#916,#908,#920,.T.);
#922=ORIENTED_EDGE('',*,*,#921,.F.);
#923=CARTESIAN_POINT('',(29.5,-45.719523741,30.200742185));
#924=DIRECTION('',(0.,0.,-1.));
#925=VECTOR('',#924,6.080111489);
#926=LINE('',#923,#925);
#927=EDGE_CURVE('',#885,#916,#926,.T.);
#928=ORIENTED_EDGE('',*,*,#927,.F.);
#929=ORIENTED_EDGE('',*,*,#890,.T.);
#930=EDGE_LOOP('',(#914,#922,#928,#929));
#931=FACE_BOUND('',#930,.T.);
#932=ADVANCED_FACE('',(#931),#906,.F.);
#933=CARTESIAN_POINT('',(29.5,-41.3593075,24.960697136));
#934=DIRECTION('',(-1.,0.,0.));
#935=DIRECTION('',(0.,0.,1.));
#936=AXIS2_PLACEMENT_3D('',#933,#934,#935);
#937=CYLINDRICAL_SURFACE('',#936,4.440405082);
#938=CARTESIAN_POINT('',(27.5,-41.3593075,24.960697136));
#939=DIRECTION('',(1.,0.,0.));
#940=DIRECTION('',(0.,0.,-1.));
#941=AXIS2_PLACEMENT_3D('',#938,#939,#940);
#942=CIRCLE('',#941,4.440405082);
#943=EDGE_CURVE('',#908,#525,#942,.T.);
#944=ORIENTED_EDGE('',*,*,#943,.T.);
#945=ORIENTED_EDGE('',*,*,#554,.F.);
#946=CARTESIAN_POINT('',(29.5,-41.3593075,24.960697136));
#947=DIRECTION('',(1.,0.,0.));
#948=DIRECTION('',(0.,0.,-1.));
#949=AXIS2_PLACEMENT_3D('',#946,#947,#948);
#950=CIRCLE('',#949,4.440405082);
#951=EDGE_CURVE('',#916,#543,#950,.T.);
#952=ORIENTED_EDGE('',*,*,#951,.F.);
#953=ORIENTED_EDGE('',*,*,#921,.T.);
#954=EDGE_LOOP('',(#944,#945,#952,#953));
#955=FACE_BOUND('',#954,.T.);
#956=ADVANCED_FACE('',(#955),#937,.T.);
#957=CARTESIAN_POINT('',(29.5,0.,0.));
#958=DIRECTION('',(1.,0.,0.));
#959=DIRECTION('',(0.,1.,0.));
#960=AXIS2_PLACEMENT_3D('',#957,#958,#959);
#961=PLANE('',#960);
#962=ORIENTED_EDGE('',*,*,#548,.T.);
#963=ORIENTED_EDGE('',*,*,#584,.F.);
#964=ORIENTED_EDGE('',*,*,#615,.F.);
#965=ORIENTED_EDGE('',*,*,#646,.T.);
#966=ORIENTED_EDGE('',*,*,#677,.T.);
#967=ORIENTED_EDGE('',*,*,#708,.T.);
#968=ORIENTED_EDGE('',*,*,#739,.T.);
#969=ORIENTED_EDGE('',*,*,#770,.T.);
#970=ORIENTED_EDGE('',*,*,#801,.T.);
#971=ORIENTED_EDGE('',*,*,#834,.T.);
#972=ORIENTED_EDGE('',*,*,#865,.T.);
#973=ORIENTED_EDGE('',*,*,#896,.T.);
#974=ORIENTED_EDGE('',*,*,#927,.T.);
#975=ORIENTED_EDGE('',*,*,#951,.T.);
#976=EDGE_LOOP('',(#962,#963,#964,#965,#966,#967,#968,#969,#970,#971,#972,#973,#974,#975));
#977=FACE_BOUND('',#976,.T.);
#978=ADVANCED_FACE('',(#977),#961,.T.);
#979=CARTESIAN_POINT('',(27.5,0.,0.));
#980=DIRECTION('',(1.,0.,0.));
#981=DIRECTION('',(0.,1.,0.));
#982=AXIS2_PLACEMENT_3D('',#979,#980,#981);
#983=PLANE('',#982);
#984=ORIENTED_EDGE('',*,*,#532,.F.);
#985=ORIENTED_EDGE('',*,*,#943,.F.);
#986=ORIENTED_EDGE('',*,*,#913,.F.);
#987=ORIENTED_EDGE('',*,*,#882,.F.);
#988=ORIENTED_EDGE('',*,*,#851,.F.);
#989=ORIENTED_EDGE('',*,*,#819,.F.);
#990=ORIENTED_EDGE('',*,*,#787,.F.);
#991=ORIENTED_EDGE('',*,*,#756,.F.);
#992=ORIENTED_EDGE('',*,*,#725,.F.);
#993=ORIENTED_EDGE('',*,*,#694,.F.);
#994=ORIENTED_EDGE('',*,*,#663,.F.);
#995=ORIENTED_EDGE('',*,*,#632,.F.);
#996=ORIENTED_EDGE('',*,*,#601,.T.);
#997=ORIENTED_EDGE('',*,*,#570,.T.);
#998=EDGE_LOOP('',(#984,#985,#986,#987,#988,#989,#990,#991,#992,#993,#994,#995,#996,#997));
#999=FACE_BOUND('',#998,.T.);
#1000=ADVANCED_FACE('',(#999),#983,.F.);
#1001=CLOSED_SHELL('',(#558,#589,#620,#651,#682,#713,#744,#775,#806,#839,#870,#901,#932,#956,#978,#1000));
#1002=MANIFOLD_SOLID_BREP('Body 06',#1001);
#518=STYLED_ITEM('',(#517),#1002);
#1004=CARTESIAN_POINT('',(0.,0.,-1.));
#1005=DIRECTION('',(0.,0.,-1.));
#1006=DIRECTION('',(1.,0.,0.));
#1007=AXIS2_PLACEMENT_3D('',#1004,#1005,#1006);
#1008=PLANE('',#1007);
#1009=CARTESIAN_POINT('',(0.206905354,6.870826335,-1.));
#1010=VERTEX_POINT('',#1009);
#1011=CARTESIAN_POINT('',(-0.206905354,6.870826335,-1.));
#1012=VERTEX_POINT('',#1011);
#1013=CARTESIAN_POINT('',(-0.,5.385164807,-1.));
#1014=DIRECTION('',(0.,0.,1.));
#1015=DIRECTION('',(1.,0.,-0.));
#1016=AXIS2_PLACEMENT_3D('',#1013,#1014,#1015);
#1017=CIRCLE('',#1016,1.5);
#1018=EDGE_CURVE('',#1010,#1012,#1017,.T.);
#1019=ORIENTED_EDGE('',*,*,#1018,.T.);
#1020=CARTESIAN_POINT('',(-0.,-0.,-1.));
#1021=DIRECTION('',(0.,0.,1.));
#1022=DIRECTION('',(1.,0.,-0.));
#1023=AXIS2_PLACEMENT_3D('',#1020,#1021,#1022);
#1024=CIRCLE('',#1023,6.873940962);
#1025=EDGE_CURVE('',#1010,#1012,#1024,.T.);
#1026=ORIENTED_EDGE('',*,*,#1025,.F.);
#1027=EDGE_LOOP('',(#1019,#1026));
#1028=FACE_BOUND('',#1027,.T.);
#1029=CARTESIAN_POINT('',(6.053762828,3.256227874,-1.));
#1030=VERTEX_POINT('',#1029);
#1031=CARTESIAN_POINT('',(5.846857474,3.61459846,-1.));
#1032=VERTEX_POINT('',#1031);
#1033=CARTESIAN_POINT('',(0.,0.,-1.));
#1034=DIRECTION('',(0.,0.,1.));
#1035=DIRECTION('',(1.,0.,-0.));
#1036=AXIS2_PLACEMENT_3D('',#1033,#1034,#1035);
#1037=CIRCLE('',#1036,6.873940962);
#1038=EDGE_CURVE('',#1030,#1032,#1037,.T.);
#1039=ORIENTED_EDGE('',*,*,#1038,.F.);
#1040=CARTESIAN_POINT('',(4.663689527,2.692582404,-1.));
#1041=DIRECTION('',(0.,0.,1.));
#1042=DIRECTION('',(1.,0.,-0.));
#1043=AXIS2_PLACEMENT_3D('',#1040,#1041,#1042);
#1044=CIRCLE('',#1043,1.5);
#1045=EDGE_CURVE('',#1030,#1032,#1044,.T.);
#1046=ORIENTED_EDGE('',*,*,#1045,.T.);
#1047=EDGE_LOOP('',(#1039,#1046));
#1048=FACE_BOUND('',#1047,.T.);
#1049=CARTESIAN_POINT('',(-5.846857474,3.61459846,-1.));
#1050=VERTEX_POINT('',#1049);
#1051=CARTESIAN_POINT('',(-6.053762828,3.256227874,-1.));
#1052=VERTEX_POINT('',#1051);
#1053=CARTESIAN_POINT('',(-4.663689527,2.692582404,-1.));
#1054=DIRECTION('',(0.,0.,1.));
#1055=DIRECTION('',(1.,0.,-0.));
#1056=AXIS2_PLACEMENT_3D('',#1053,#1054,#1055);
#1057=CIRCLE('',#1056,1.5);
#1058=EDGE_CURVE('',#1050,#1052,#1057,.T.);
#1059=ORIENTED_EDGE('',*,*,#1058,.T.);
#1060=CARTESIAN_POINT('',(0.,-0.,-1.));
#1061=DIRECTION('',(0.,0.,1.));
#1062=DIRECTION('',(1.,0.,-0.));
#1063=AXIS2_PLACEMENT_3D('',#1060,#1061,#1062);
#1064=CIRCLE('',#1063,6.873940962);
#1065=EDGE_CURVE('',#1050,#1052,#1064,.T.);
#1066=ORIENTED_EDGE('',*,*,#1065,.F.);
#1067=EDGE_LOOP('',(#1059,#1066));
#1068=FACE_BOUND('',#1067,.T.);
#1069=CARTESIAN_POINT('',(-0.206905354,-6.870826335,-1.));
#1070=VERTEX_POINT('',#1069);
#1071=CARTESIAN_POINT('',(0.206905354,-6.870826335,-1.));
#1072=VERTEX_POINT('',#1071);
#1073=CARTESIAN_POINT('',(-0.,-5.385164807,-1.));
#1074=DIRECTION('',(0.,0.,1.));
#1075=DIRECTION('',(1.,0.,-0.));
#1076=AXIS2_PLACEMENT_3D('',#1073,#1074,#1075);
#1077=CIRCLE('',#1076,1.5);
#1078=EDGE_CURVE('',#1070,#1072,#1077,.T.);
#1079=ORIENTED_EDGE('',*,*,#1078,.T.);
#1080=CARTESIAN_POINT('',(-0.,-0.,-1.));
#1081=DIRECTION('',(0.,0.,1.));
#1082=DIRECTION('',(1.,0.,-0.));
#1083=AXIS2_PLACEMENT_3D('',#1080,#1081,#1082);
#1084=CIRCLE('',#1083,6.873940962);
#1085=EDGE_CURVE('',#1070,#1072,#1084,.T.);
#1086=ORIENTED_EDGE('',*,*,#1085,.F.);
#1087=EDGE_LOOP('',(#1079,#1086));
#1088=FACE_BOUND('',#1087,.T.);
#1089=CARTESIAN_POINT('',(-6.053762828,-3.256227874,-1.));
#1090=VERTEX_POINT('',#1089);
#1091=CARTESIAN_POINT('',(-5.846857474,-3.61459846,-1.));
#1092=VERTEX_POINT('',#1091);
#1093=CARTESIAN_POINT('',(-4.663689527,-2.692582404,-1.));
#1094=DIRECTION('',(0.,0.,1.));
#1095=DIRECTION('',(1.,0.,-0.));
#1096=AXIS2_PLACEMENT_3D('',#1093,#1094,#1095);
#1097=CIRCLE('',#1096,1.5);
#1098=EDGE_CURVE('',#1090,#1092,#1097,.T.);
#1099=ORIENTED_EDGE('',*,*,#1098,.T.);
#1100=CARTESIAN_POINT('',(-0.,-0.,-1.));
#1101=DIRECTION('',(0.,0.,1.));
#1102=DIRECTION('',(1.,0.,-0.));
#1103=AXIS2_PLACEMENT_3D('',#1100,#1101,#1102);
#1104=CIRCLE('',#1103,6.873940962);
#1105=EDGE_CURVE('',#1090,#1092,#1104,.T.);
#1106=ORIENTED_EDGE('',*,*,#1105,.F.);
#1107=EDGE_LOOP('',(#1099,#1106));
#1108=FACE_BOUND('',#1107,.T.);
#1109=CARTESIAN_POINT('',(5.846857474,-3.61459846,-1.));
#1110=VERTEX_POINT('',#1109);
#1111=CARTESIAN_POINT('',(6.053762828,-3.256227874,-1.));
#1112=VERTEX_POINT('',#1111);
#1113=CARTESIAN_POINT('',(4.663689527,-2.692582404,-1.));
#1114=DIRECTION('',(0.,0.,1.));
#1115=DIRECTION('',(1.,0.,-0.));
#1116=AXIS2_PLACEMENT_3D('',#1113,#1114,#1115);
#1117=CIRCLE('',#1116,1.5);
#1118=EDGE_CURVE('',#1110,#1112,#1117,.T.);
#1119=ORIENTED_EDGE('',*,*,#1118,.T.);
#1120=CARTESIAN_POINT('',(0.,-0.,-1.));
#1121=DIRECTION('',(0.,0.,1.));
#1122=DIRECTION('',(1.,0.,-0.));
#1123=AXIS2_PLACEMENT_3D('',#1120,#1121,#1122);
#1124=CIRCLE('',#1123,6.873940962);
#1125=EDGE_CURVE('',#1110,#1112,#1124,.T.);
#1126=ORIENTED_EDGE('',*,*,#1125,.F.);
#1127=EDGE_LOOP('',(#1119,#1126));
#1128=FACE_BOUND('',#1127,.T.);
#1129=CARTESIAN_POINT('',(2.5,-0.,-1.));
#1130=VERTEX_POINT('',#1129);
#1131=CARTESIAN_POINT('',(-2.5,0.,-1.));
#1132=VERTEX_POINT('',#1131);
#1133=CARTESIAN_POINT('',(0.,0.,-1.));
#1134=DIRECTION('',(0.,0.,1.));
#1135=DIRECTION('',(1.,0.,-0.));
#1136=AXIS2_PLACEMENT_3D('',#1133,#1134,#1135);
#1137=CIRCLE('',#1136,2.5);
#1138=EDGE_CURVE('',#1130,#1132,#1137,.T.);
#1139=ORIENTED_EDGE('',*,*,#1138,.T.);
#1140=CARTESIAN_POINT('',(0.,0.,-1.));
#1141=DIRECTION('',(0.,0.,1.));
#1142=DIRECTION('',(1.,0.,-0.));
#1143=AXIS2_PLACEMENT_3D('',#1140,#1141,#1142);
#1144=CIRCLE('',#1143,2.5);
#1145=EDGE_CURVE('',#1132,#1130,#1144,.T.);
#1146=ORIENTED_EDGE('',*,*,#1145,.T.);
#1147=EDGE_LOOP('',(#1139,#1146));
#1148=FACE_BOUND('',#1147,.T.);
#1149=CARTESIAN_POINT('',(0.,9.,-1.));
#1150=VERTEX_POINT('',#1149);
#1151=CARTESIAN_POINT('',(43.734040993,4.830492565,-1.));
#1152=VERTEX_POINT('',#1151);
#1153=CARTESIAN_POINT('',(0.,9.,-1.));
#1154=DIRECTION('',(0.995486099,-0.094907459,0.));
#1155=VECTOR('',#1154,43.932347238);
#1156=LINE('',#1153,#1155);
#1157=EDGE_CURVE('',#1150,#1152,#1156,.T.);
#1158=ORIENTED_EDGE('',*,*,#1157,.T.);
#1159=CARTESIAN_POINT('',(43.734040993,-4.830492565,-1.));
#1160=VERTEX_POINT('',#1159);
#1161=CARTESIAN_POINT('',(-0.,0.,-1.));
#1162=DIRECTION('',(0.,0.,1.));
#1163=DIRECTION('',(1.,0.,-0.));
#1164=AXIS2_PLACEMENT_3D('',#1161,#1162,#1163);
#1165=CIRCLE('',#1164,44.);
#1166=EDGE_CURVE('',#1160,#1152,#1165,.T.);
#1167=ORIENTED_EDGE('',*,*,#1166,.F.);
#1168=CARTESIAN_POINT('',(0.,-9.,-1.));
#1169=VERTEX_POINT('',#1168);
#1170=CARTESIAN_POINT('',(0.,-9.,-1.));
#1171=DIRECTION('',(0.995486099,0.094907459,0.));
#1172=VECTOR('',#1171,43.932347238);
#1173=LINE('',#1170,#1172);
#1174=EDGE_CURVE('',#1169,#1160,#1173,.T.);
#1175=ORIENTED_EDGE('',*,*,#1174,.F.);
#1176=CARTESIAN_POINT('',(-43.734040993,-4.830492565,-1.));
#1177=VERTEX_POINT('',#1176);
#1178=CARTESIAN_POINT('',(0.,-9.,-1.));
#1179=DIRECTION('',(-0.995486099,0.094907459,0.));
#1180=VECTOR('',#1179,43.932347238);
#1181=LINE('',#1178,#1180);
#1182=EDGE_CURVE('',#1169,#1177,#1181,.T.);
#1183=ORIENTED_EDGE('',*,*,#1182,.T.);
#1184=CARTESIAN_POINT('',(-44.,0.,-1.));
#1185=VERTEX_POINT('',#1184);
#1186=CARTESIAN_POINT('',(0.,0.,-1.));
#1187=DIRECTION('',(0.,0.,1.));
#1188=DIRECTION('',(1.,0.,-0.));
#1189=AXIS2_PLACEMENT_3D('',#1186,#1187,#1188);
#1190=CIRCLE('',#1189,44.);
#1191=EDGE_CURVE('',#1185,#1177,#1190,.T.);
#1192=ORIENTED_EDGE('',*,*,#1191,.F.);
#1193=CARTESIAN_POINT('',(-43.734040993,4.830492565,-1.));
#1194=VERTEX_POINT('',#1193);
#1195=CARTESIAN_POINT('',(0.,0.,-1.));
#1196=DIRECTION('',(0.,0.,1.));
#1197=DIRECTION('',(1.,0.,-0.));
#1198=AXIS2_PLACEMENT_3D('',#1195,#1196,#1197);
#1199=CIRCLE('',#1198,44.);
#1200=EDGE_CURVE('',#1194,#1185,#1199,.T.);
#1201=ORIENTED_EDGE('',*,*,#1200,.F.);
#1202=CARTESIAN_POINT('',(0.,9.,-1.));
#1203=DIRECTION('',(-0.995486099,-0.094907459,0.));
#1204=VECTOR('',#1203,43.932347238);
#1205=LINE('',#1202,#1204);
#1206=EDGE_CURVE('',#1150,#1194,#1205,.T.);
#1207=ORIENTED_EDGE('',*,*,#1206,.F.);
#1208=EDGE_LOOP('',(#1158,#1167,#1175,#1183,#1192,#1201,#1207));
#1209=FACE_BOUND('',#1208,.T.);
#1210=CARTESIAN_POINT('',(43.785647978,-1.94064791,-1.));
#1211=VERTEX_POINT('',#1210);
#1212=CARTESIAN_POINT('',(43.079406782,-2.819543539,-1.));
#1213=VERTEX_POINT('',#1212);
#1214=CARTESIAN_POINT('',(42.885647978,-1.94064791,-1.));
#1215=DIRECTION('',(0.,0.,-1.));
#1216=DIRECTION('',(-1.,0.,0.));
#1217=AXIS2_PLACEMENT_3D('',#1214,#1215,#1216);
#1218=CIRCLE('',#1217,0.9);
#1219=EDGE_CURVE('',#1211,#1213,#1218,.T.);
#1220=ORIENTED_EDGE('',*,*,#1219,.F.);
#1221=CARTESIAN_POINT('',(43.785622708,-1.933903647,-1.));
#1222=VERTEX_POINT('',#1221);
#1223=CARTESIAN_POINT('',(42.885647978,-1.94064791,-1.));
#1224=DIRECTION('',(0.,0.,-1.));
#1225=DIRECTION('',(-1.,0.,0.));
#1226=AXIS2_PLACEMENT_3D('',#1223,#1224,#1225);
#1227=CIRCLE('',#1226,0.9);
#1228=EDGE_CURVE('',#1222,#1211,#1227,.T.);
#1229=ORIENTED_EDGE('',*,*,#1228,.F.);
#1230=CARTESIAN_POINT('',(43.785622708,1.933903647,-1.));
#1231=VERTEX_POINT('',#1230);
#1232=CARTESIAN_POINT('',(43.785622708,-1.933903647,-1.));
#1233=DIRECTION('',(0.,1.,0.));
#1234=VECTOR('',#1233,3.867807294);
#1235=LINE('',#1232,#1234);
#1236=EDGE_CURVE('',#1222,#1231,#1235,.T.);
#1237=ORIENTED_EDGE('',*,*,#1236,.T.);
#1238=CARTESIAN_POINT('',(43.785647978,1.94064791,-1.));
#1239=VERTEX_POINT('',#1238);
#1240=CARTESIAN_POINT('',(42.885647978,1.94064791,-1.));
#1241=DIRECTION('',(0.,0.,-1.));
#1242=DIRECTION('',(-1.,0.,0.));
#1243=AXIS2_PLACEMENT_3D('',#1240,#1241,#1242);
#1244=CIRCLE('',#1243,0.9);
#1245=EDGE_CURVE('',#1239,#1231,#1244,.T.);
#1246=ORIENTED_EDGE('',*,*,#1245,.F.);
#1247=CARTESIAN_POINT('',(43.079406782,2.819543539,-1.));
#1248=VERTEX_POINT('',#1247);
#1249=CARTESIAN_POINT('',(42.885647978,1.94064791,-1.));
#1250=DIRECTION('',(0.,0.,-1.));
#1251=DIRECTION('',(-1.,0.,0.));
#1252=AXIS2_PLACEMENT_3D('',#1249,#1250,#1251);
#1253=CIRCLE('',#1252,0.9);
#1254=EDGE_CURVE('',#1248,#1239,#1253,.T.);
#1255=ORIENTED_EDGE('',*,*,#1254,.F.);
#1256=CARTESIAN_POINT('',(34.774429417,3.611321844,-1.));
#1257=VERTEX_POINT('',#1256);
#1258=CARTESIAN_POINT('',(34.774429417,3.611321844,-1.));
#1259=DIRECTION('',(0.995486099,-0.094907459,0.));
#1260=VECTOR('',#1259,8.342635191);
#1261=LINE('',#1258,#1260);
#1262=EDGE_CURVE('',#1257,#1248,#1261,.T.);
#1263=ORIENTED_EDGE('',*,*,#1262,.F.);
#1264=CARTESIAN_POINT('',(33.789014569,2.713552312,-1.));
#1265=VERTEX_POINT('',#1264);
#1266=CARTESIAN_POINT('',(34.689012704,2.715384355,-1.));
#1267=DIRECTION('',(0.,0.,-1.));
#1268=DIRECTION('',(-1.,0.,0.));
#1269=AXIS2_PLACEMENT_3D('',#1266,#1267,#1268);
#1270=CIRCLE('',#1269,0.9);
#1271=EDGE_CURVE('',#1265,#1257,#1270,.T.);
#1272=ORIENTED_EDGE('',*,*,#1271,.F.);
#1273=CARTESIAN_POINT('',(33.789014569,-2.713552312,-1.));
#1274=VERTEX_POINT('',#1273);
#1275=CARTESIAN_POINT('',(33.789014569,2.713552312,-1.));
#1276=DIRECTION('',(0.,-1.,0.));
#1277=VECTOR('',#1276,5.427104624);
#1278=LINE('',#1275,#1277);
#1279=EDGE_CURVE('',#1265,#1274,#1278,.T.);
#1280=ORIENTED_EDGE('',*,*,#1279,.T.);
#1281=CARTESIAN_POINT('',(34.774429417,-3.611321844,-1.));
#1282=VERTEX_POINT('',#1281);
#1283=CARTESIAN_POINT('',(34.689012704,-2.715384355,-1.));
#1284=DIRECTION('',(0.,0.,-1.));
#1285=DIRECTION('',(-1.,0.,0.));
#1286=AXIS2_PLACEMENT_3D('',#1283,#1284,#1285);
#1287=CIRCLE('',#1286,0.9);
#1288=EDGE_CURVE('',#1282,#1274,#1287,.T.);
#1289=ORIENTED_EDGE('',*,*,#1288,.F.);
#1290=CARTESIAN_POINT('',(34.774429417,-3.611321844,-1.));
#1291=DIRECTION('',(0.995486099,0.094907459,0.));
#1292=VECTOR('',#1291,8.342635191);
#1293=LINE('',#1290,#1292);
#1294=EDGE_CURVE('',#1282,#1213,#1293,.T.);
#1295=ORIENTED_EDGE('',*,*,#1294,.T.);
#1296=EDGE_LOOP('',(#1220,#1229,#1237,#1246,#1255,#1263,#1272,#1280,#1289,#1295));
#1297=FACE_BOUND('',#1296,.T.);
#1298=CARTESIAN_POINT('',(31.893737087,-3.074396582,-1.));
#1299=VERTEX_POINT('',#1298);
#1300=CARTESIAN_POINT('',(31.187495891,-3.95329221,-1.));
#1301=VERTEX_POINT('',#1300);
#1302=CARTESIAN_POINT('',(30.993737087,-3.074396582,-1.));
#1303=DIRECTION('',(0.,0.,-1.));
#1304=DIRECTION('',(-1.,0.,0.));
#1305=AXIS2_PLACEMENT_3D('',#1302,#1303,#1304);
#1306=CIRCLE('',#1305,0.9);
#1307=EDGE_CURVE('',#1299,#1301,#1306,.T.);
#1308=ORIENTED_EDGE('',*,*,#1307,.F.);
#1309=CARTESIAN_POINT('',(31.893711817,-3.067652318,-1.));
#1310=VERTEX_POINT('',#1309);
#1311=CARTESIAN_POINT('',(30.993737087,-3.074396582,-1.));
#1312=DIRECTION('',(0.,0.,-1.));
#1313=DIRECTION('',(-1.,0.,0.));
#1314=AXIS2_PLACEMENT_3D('',#1311,#1312,#1313);
#1315=CIRCLE('',#1314,0.9);
#1316=EDGE_CURVE('',#1310,#1299,#1315,.T.);
#1317=ORIENTED_EDGE('',*,*,#1316,.F.);
#1318=CARTESIAN_POINT('',(31.893711817,3.067652318,-1.));
#1319=VERTEX_POINT('',#1318);
#1320=CARTESIAN_POINT('',(31.893711817,-3.067652318,-1.));
#1321=DIRECTION('',(0.,1.,0.));
#1322=VECTOR('',#1321,6.135304636);
#1323=LINE('',#1320,#1322);
#1324=EDGE_CURVE('',#1310,#1319,#1323,.T.);
#1325=ORIENTED_EDGE('',*,*,#1324,.T.);
#1326=CARTESIAN_POINT('',(31.893737087,3.074396582,-1.));
#1327=VERTEX_POINT('',#1326);
#1328=CARTESIAN_POINT('',(30.993737087,3.074396582,-1.));
#1329=DIRECTION('',(0.,0.,-1.));
#1330=DIRECTION('',(-1.,0.,0.));
#1331=AXIS2_PLACEMENT_3D('',#1328,#1329,#1330);
#1332=CIRCLE('',#1331,0.9);
#1333=EDGE_CURVE('',#1327,#1319,#1332,.T.);
#1334=ORIENTED_EDGE('',*,*,#1333,.F.);
#1335=CARTESIAN_POINT('',(31.187495891,3.95329221,-1.));
#1336=VERTEX_POINT('',#1335);
#1337=CARTESIAN_POINT('',(30.993737087,3.074396582,-1.));
#1338=DIRECTION('',(0.,0.,-1.));
#1339=DIRECTION('',(-1.,0.,0.));
#1340=AXIS2_PLACEMENT_3D('',#1337,#1338,#1339);
#1341=CIRCLE('',#1340,0.9);
#1342=EDGE_CURVE('',#1336,#1327,#1341,.T.);
#1343=ORIENTED_EDGE('',*,*,#1342,.F.);
#1344=CARTESIAN_POINT('',(22.882518526,4.745070516,-1.));
#1345=VERTEX_POINT('',#1344);
#1346=CARTESIAN_POINT('',(22.882518526,4.745070516,-1.));
#1347=DIRECTION('',(0.995486099,-0.094907459,0.));
#1348=VECTOR('',#1347,8.342635191);
#1349=LINE('',#1346,#1348);
#1350=EDGE_CURVE('',#1345,#1336,#1349,.T.);
#1351=ORIENTED_EDGE('',*,*,#1350,.F.);
#1352=CARTESIAN_POINT('',(21.897103678,3.847300984,-1.));
#1353=VERTEX_POINT('',#1352);
#1354=CARTESIAN_POINT('',(22.797101813,3.849133026,-1.));
#1355=DIRECTION('',(0.,0.,-1.));
#1356=DIRECTION('',(-1.,0.,0.));
#1357=AXIS2_PLACEMENT_3D('',#1354,#1355,#1356);
#1358=CIRCLE('',#1357,0.9);
#1359=EDGE_CURVE('',#1353,#1345,#1358,.T.);
#1360=ORIENTED_EDGE('',*,*,#1359,.F.);
#1361=CARTESIAN_POINT('',(21.897103678,-3.847300984,-1.));
#1362=VERTEX_POINT('',#1361);
#1363=CARTESIAN_POINT('',(21.897103678,3.847300984,-1.));
#1364=DIRECTION('',(0.,-1.,0.));
#1365=VECTOR('',#1364,7.694601967);
#1366=LINE('',#1363,#1365);
#1367=EDGE_CURVE('',#1353,#1362,#1366,.T.);
#1368=ORIENTED_EDGE('',*,*,#1367,.T.);
#1369=CARTESIAN_POINT('',(22.882518526,-4.745070516,-1.));
#1370=VERTEX_POINT('',#1369);
#1371=CARTESIAN_POINT('',(22.797101813,-3.849133026,-1.));
#1372=DIRECTION('',(0.,0.,-1.));
#1373=DIRECTION('',(-1.,0.,0.));
#1374=AXIS2_PLACEMENT_3D('',#1371,#1372,#1373);
#1375=CIRCLE('',#1374,0.9);
#1376=EDGE_CURVE('',#1370,#1362,#1375,.T.);
#1377=ORIENTED_EDGE('',*,*,#1376,.F.);
#1378=CARTESIAN_POINT('',(22.882518526,-4.745070516,-1.));
#1379=DIRECTION('',(0.995486099,0.094907459,0.));
#1380=VECTOR('',#1379,8.342635191);
#1381=LINE('',#1378,#1380);
#1382=EDGE_CURVE('',#1370,#1301,#1381,.T.);
#1383=ORIENTED_EDGE('',*,*,#1382,.T.);
#1384=EDGE_LOOP('',(#1308,#1317,#1325,#1334,#1343,#1351,#1360,#1368,#1377,#1383));
#1385=FACE_BOUND('',#1384,.T.);
#1386=CARTESIAN_POINT('',(20.001826195,-4.208145253,-1.));
#1387=VERTEX_POINT('',#1386);
#1388=CARTESIAN_POINT('',(19.295585,-5.087040882,-1.));
#1389=VERTEX_POINT('',#1388);
#1390=CARTESIAN_POINT('',(19.101826195,-4.208145253,-1.));
#1391=DIRECTION('',(0.,0.,-1.));
#1392=DIRECTION('',(-1.,0.,0.));
#1393=AXIS2_PLACEMENT_3D('',#1390,#1391,#1392);
#1394=CIRCLE('',#1393,0.9);
#1395=EDGE_CURVE('',#1387,#1389,#1394,.T.);
#1396=ORIENTED_EDGE('',*,*,#1395,.F.);
#1397=CARTESIAN_POINT('',(20.001800925,-4.20140099,-1.));
#1398=VERTEX_POINT('',#1397);
#1399=CARTESIAN_POINT('',(19.101826195,-4.208145253,-1.));
#1400=DIRECTION('',(0.,0.,-1.));
#1401=DIRECTION('',(-1.,0.,0.));
#1402=AXIS2_PLACEMENT_3D('',#1399,#1400,#1401);
#1403=CIRCLE('',#1402,0.9);
#1404=EDGE_CURVE('',#1398,#1387,#1403,.T.);
#1405=ORIENTED_EDGE('',*,*,#1404,.F.);
#1406=CARTESIAN_POINT('',(20.001800925,4.20140099,-1.));
#1407=VERTEX_POINT('',#1406);
#1408=CARTESIAN_POINT('',(20.001800925,-4.20140099,-1.));
#1409=DIRECTION('',(0.,1.,0.));
#1410=VECTOR('',#1409,8.402801979);
#1411=LINE('',#1408,#1410);
#1412=EDGE_CURVE('',#1398,#1407,#1411,.T.);
#1413=ORIENTED_EDGE('',*,*,#1412,.T.);
#1414=CARTESIAN_POINT('',(20.001826195,4.208145253,-1.));
#1415=VERTEX_POINT('',#1414);
#1416=CARTESIAN_POINT('',(19.101826195,4.208145253,-1.));
#1417=DIRECTION('',(0.,0.,-1.));
#1418=DIRECTION('',(-1.,0.,0.));
#1419=AXIS2_PLACEMENT_3D('',#1416,#1417,#1418);
#1420=CIRCLE('',#1419,0.9);
#1421=EDGE_CURVE('',#1415,#1407,#1420,.T.);
#1422=ORIENTED_EDGE('',*,*,#1421,.F.);
#1423=CARTESIAN_POINT('',(19.295585,5.087040882,-1.));
#1424=VERTEX_POINT('',#1423);
#1425=CARTESIAN_POINT('',(19.101826195,4.208145253,-1.));
#1426=DIRECTION('',(0.,0.,-1.));
#1427=DIRECTION('',(-1.,0.,0.));
#1428=AXIS2_PLACEMENT_3D('',#1425,#1426,#1427);
#1429=CIRCLE('',#1428,0.9);
#1430=EDGE_CURVE('',#1424,#1415,#1429,.T.);
#1431=ORIENTED_EDGE('',*,*,#1430,.F.);
#1432=CARTESIAN_POINT('',(10.990607635,5.878819187,-1.));
#1433=VERTEX_POINT('',#1432);
#1434=CARTESIAN_POINT('',(10.990607635,5.878819187,-1.));
#1435=DIRECTION('',(0.995486099,-0.094907459,0.));
#1436=VECTOR('',#1435,8.342635191);
#1437=LINE('',#1434,#1436);
#1438=EDGE_CURVE('',#1433,#1424,#1437,.T.);
#1439=ORIENTED_EDGE('',*,*,#1438,.F.);
#1440=CARTESIAN_POINT('',(10.005192786,4.981049655,-1.));
#1441=VERTEX_POINT('',#1440);
#1442=CARTESIAN_POINT('',(10.905190922,4.982881698,-1.));
#1443=DIRECTION('',(0.,0.,-1.));
#1444=DIRECTION('',(-1.,0.,0.));
#1445=AXIS2_PLACEMENT_3D('',#1442,#1443,#1444);
#1446=CIRCLE('',#1445,0.9);
#1447=EDGE_CURVE('',#1441,#1433,#1446,.T.);
#1448=ORIENTED_EDGE('',*,*,#1447,.F.);
#1449=CARTESIAN_POINT('',(10.005192786,-4.981049655,-1.));
#1450=VERTEX_POINT('',#1449);
#1451=CARTESIAN_POINT('',(10.005192786,4.981049655,-1.));
#1452=DIRECTION('',(0.,-1.,0.));
#1453=VECTOR('',#1452,9.96209931);
#1454=LINE('',#1451,#1453);
#1455=EDGE_CURVE('',#1441,#1450,#1454,.T.);
#1456=ORIENTED_EDGE('',*,*,#1455,.T.);
#1457=CARTESIAN_POINT('',(10.990607635,-5.878819187,-1.));
#1458=VERTEX_POINT('',#1457);
#1459=CARTESIAN_POINT('',(10.905190922,-4.982881698,-1.));
#1460=DIRECTION('',(0.,0.,-1.));
#1461=DIRECTION('',(-1.,0.,0.));
#1462=AXIS2_PLACEMENT_3D('',#1459,#1460,#1461);
#1463=CIRCLE('',#1462,0.9);
#1464=EDGE_CURVE('',#1458,#1450,#1463,.T.);
#1465=ORIENTED_EDGE('',*,*,#1464,.F.);
#1466=CARTESIAN_POINT('',(10.990607635,-5.878819187,-1.));
#1467=DIRECTION('',(0.995486099,0.094907459,0.));
#1468=VECTOR('',#1467,8.342635191);
#1469=LINE('',#1466,#1468);
#1470=EDGE_CURVE('',#1458,#1389,#1469,.T.);
#1471=ORIENTED_EDGE('',*,*,#1470,.T.);
#1472=EDGE_LOOP('',(#1396,#1405,#1413,#1422,#1431,#1439,#1448,#1456,#1465,#1471));
#1473=FACE_BOUND('',#1472,.T.);
#1474=CARTESIAN_POINT('',(-10.005192786,-4.981049655,-1.));
#1475=VERTEX_POINT('',#1474);
#1476=CARTESIAN_POINT('',(-10.990607635,-5.878819187,-1.));
#1477=VERTEX_POINT('',#1476);
#1478=CARTESIAN_POINT('',(-10.905190922,-4.982881698,-1.));
#1479=DIRECTION('',(0.,0.,-1.));
#1480=DIRECTION('',(-1.,0.,0.));
#1481=AXIS2_PLACEMENT_3D('',#1478,#1479,#1480);
#1482=CIRCLE('',#1481,0.9);
#1483=EDGE_CURVE('',#1475,#1477,#1482,.T.);
#1484=ORIENTED_EDGE('',*,*,#1483,.F.);
#1485=CARTESIAN_POINT('',(-10.005192786,4.981049655,-1.));
#1486=VERTEX_POINT('',#1485);
#1487=CARTESIAN_POINT('',(-10.005192786,-4.981049655,-1.));
#1488=DIRECTION('',(0.,1.,0.));
#1489=VECTOR('',#1488,9.96209931);
#1490=LINE('',#1487,#1489);
#1491=EDGE_CURVE('',#1475,#1486,#1490,.T.);
#1492=ORIENTED_EDGE('',*,*,#1491,.T.);
#1493=CARTESIAN_POINT('',(-10.990607635,5.878819187,-1.));
#1494=VERTEX_POINT('',#1493);
#1495=CARTESIAN_POINT('',(-10.905190922,4.982881698,-1.));
#1496=DIRECTION('',(0.,0.,-1.));
#1497=DIRECTION('',(-1.,0.,0.));
#1498=AXIS2_PLACEMENT_3D('',#1495,#1496,#1497);
#1499=CIRCLE('',#1498,0.9);
#1500=EDGE_CURVE('',#1494,#1486,#1499,.T.);
#1501=ORIENTED_EDGE('',*,*,#1500,.F.);
#1502=CARTESIAN_POINT('',(-19.295585,5.087040882,-1.));
#1503=VERTEX_POINT('',#1502);
#1504=CARTESIAN_POINT('',(-10.990607635,5.878819187,-1.));
#1505=DIRECTION('',(-0.995486099,-0.094907459,0.));
#1506=VECTOR('',#1505,8.342635191);
#1507=LINE('',#1504,#1506);
#1508=EDGE_CURVE('',#1494,#1503,#1507,.T.);
#1509=ORIENTED_EDGE('',*,*,#1508,.T.);
#1510=CARTESIAN_POINT('',(-20.001800925,4.20140099,-1.));
#1511=VERTEX_POINT('',#1510);
#1512=CARTESIAN_POINT('',(-19.101826195,4.208145253,-1.));
#1513=DIRECTION('',(0.,0.,-1.));
#1514=DIRECTION('',(-1.,0.,0.));
#1515=AXIS2_PLACEMENT_3D('',#1512,#1513,#1514);
#1516=CIRCLE('',#1515,0.9);
#1517=EDGE_CURVE('',#1511,#1503,#1516,.T.);
#1518=ORIENTED_EDGE('',*,*,#1517,.F.);
#1519=CARTESIAN_POINT('',(-20.001800925,-4.20140099,-1.));
#1520=VERTEX_POINT('',#1519);
#1521=CARTESIAN_POINT('',(-20.001800925,4.20140099,-1.));
#1522=DIRECTION('',(0.,-1.,0.));
#1523=VECTOR('',#1522,8.402801979);
#1524=LINE('',#1521,#1523);
#1525=EDGE_CURVE('',#1511,#1520,#1524,.T.);
#1526=ORIENTED_EDGE('',*,*,#1525,.T.);
#1527=CARTESIAN_POINT('',(-19.295585,-5.087040882,-1.));
#1528=VERTEX_POINT('',#1527);
#1529=CARTESIAN_POINT('',(-19.101826195,-4.208145253,-1.));
#1530=DIRECTION('',(0.,0.,-1.));
#1531=DIRECTION('',(-1.,0.,0.));
#1532=AXIS2_PLACEMENT_3D('',#1529,#1530,#1531);
#1533=CIRCLE('',#1532,0.9);
#1534=EDGE_CURVE('',#1528,#1520,#1533,.T.);
#1535=ORIENTED_EDGE('',*,*,#1534,.F.);
#1536=CARTESIAN_POINT('',(-10.990607635,-5.878819187,-1.));
#1537=DIRECTION('',(-0.995486099,0.094907459,0.));
#1538=VECTOR('',#1537,8.342635191);
#1539=LINE('',#1536,#1538);
#1540=EDGE_CURVE('',#1477,#1528,#1539,.T.);
#1541=ORIENTED_EDGE('',*,*,#1540,.F.);
#1542=EDGE_LOOP('',(#1484,#1492,#1501,#1509,#1518,#1526,#1535,#1541));
#1543=FACE_BOUND('',#1542,.T.);
#1544=CARTESIAN_POINT('',(-21.897103678,-3.847300984,-1.));
#1545=VERTEX_POINT('',#1544);
#1546=CARTESIAN_POINT('',(-22.882518526,-4.745070516,-1.));
#1547=VERTEX_POINT('',#1546);
#1548=CARTESIAN_POINT('',(-22.797101813,-3.849133026,-1.));
#1549=DIRECTION('',(0.,0.,-1.));
#1550=DIRECTION('',(-1.,0.,0.));
#1551=AXIS2_PLACEMENT_3D('',#1548,#1549,#1550);
#1552=CIRCLE('',#1551,0.9);
#1553=EDGE_CURVE('',#1545,#1547,#1552,.T.);
#1554=ORIENTED_EDGE('',*,*,#1553,.F.);
#1555=CARTESIAN_POINT('',(-21.897103678,3.847300984,-1.));
#1556=VERTEX_POINT('',#1555);
#1557=CARTESIAN_POINT('',(-21.897103678,-3.847300984,-1.));
#1558=DIRECTION('',(0.,1.,0.));
#1559=VECTOR('',#1558,7.694601967);
#1560=LINE('',#1557,#1559);
#1561=EDGE_CURVE('',#1545,#1556,#1560,.T.);
#1562=ORIENTED_EDGE('',*,*,#1561,.T.);
#1563=CARTESIAN_POINT('',(-22.882518526,4.745070516,-1.));
#1564=VERTEX_POINT('',#1563);
#1565=CARTESIAN_POINT('',(-22.797101813,3.849133026,-1.));
#1566=DIRECTION('',(0.,0.,-1.));
#1567=DIRECTION('',(-1.,0.,0.));
#1568=AXIS2_PLACEMENT_3D('',#1565,#1566,#1567);
#1569=CIRCLE('',#1568,0.9);
#1570=EDGE_CURVE('',#1564,#1556,#1569,.T.);
#1571=ORIENTED_EDGE('',*,*,#1570,.F.);
#1572=CARTESIAN_POINT('',(-31.187495891,3.95329221,-1.));
#1573=VERTEX_POINT('',#1572);
#1574=CARTESIAN_POINT('',(-22.882518526,4.745070516,-1.));
#1575=DIRECTION('',(-0.995486099,-0.094907459,0.));
#1576=VECTOR('',#1575,8.342635191);
#1577=LINE('',#1574,#1576);
#1578=EDGE_CURVE('',#1564,#1573,#1577,.T.);
#1579=ORIENTED_EDGE('',*,*,#1578,.T.);
#1580=CARTESIAN_POINT('',(-31.893711817,3.067652318,-1.));
#1581=VERTEX_POINT('',#1580);
#1582=CARTESIAN_POINT('',(-30.993737087,3.074396582,-1.));
#1583=DIRECTION('',(0.,0.,-1.));
#1584=DIRECTION('',(-1.,0.,0.));
#1585=AXIS2_PLACEMENT_3D('',#1582,#1583,#1584);
#1586=CIRCLE('',#1585,0.9);
#1587=EDGE_CURVE('',#1581,#1573,#1586,.T.);
#1588=ORIENTED_EDGE('',*,*,#1587,.F.);
#1589=CARTESIAN_POINT('',(-31.893711817,-3.067652318,-1.));
#1590=VERTEX_POINT('',#1589);
#1591=CARTESIAN_POINT('',(-31.893711817,3.067652318,-1.));
#1592=DIRECTION('',(0.,-1.,0.));
#1593=VECTOR('',#1592,6.135304636);
#1594=LINE('',#1591,#1593);
#1595=EDGE_CURVE('',#1581,#1590,#1594,.T.);
#1596=ORIENTED_EDGE('',*,*,#1595,.T.);
#1597=CARTESIAN_POINT('',(-31.187495891,-3.95329221,-1.));
#1598=VERTEX_POINT('',#1597);
#1599=CARTESIAN_POINT('',(-30.993737087,-3.074396582,-1.));
#1600=DIRECTION('',(0.,0.,-1.));
#1601=DIRECTION('',(-1.,0.,0.));
#1602=AXIS2_PLACEMENT_3D('',#1599,#1600,#1601);
#1603=CIRCLE('',#1602,0.9);
#1604=EDGE_CURVE('',#1598,#1590,#1603,.T.);
#1605=ORIENTED_EDGE('',*,*,#1604,.F.);
#1606=CARTESIAN_POINT('',(-22.882518526,-4.745070516,-1.));
#1607=DIRECTION('',(-0.995486099,0.094907459,0.));
#1608=VECTOR('',#1607,8.342635191);
#1609=LINE('',#1606,#1608);
#1610=EDGE_CURVE('',#1547,#1598,#1609,.T.);
#1611=ORIENTED_EDGE('',*,*,#1610,.F.);
#1612=EDGE_LOOP('',(#1554,#1562,#1571,#1579,#1588,#1596,#1605,#1611));
#1613=FACE_BOUND('',#1612,.T.);
#1614=CARTESIAN_POINT('',(-33.789014569,-2.713552312,-1.));
#1615=VERTEX_POINT('',#1614);
#1616=CARTESIAN_POINT('',(-34.774429417,-3.611321844,-1.));
#1617=VERTEX_POINT('',#1616);
#1618=CARTESIAN_POINT('',(-34.689012704,-2.715384355,-1.));
#1619=DIRECTION('',(0.,0.,-1.));
#1620=DIRECTION('',(-1.,0.,0.));
#1621=AXIS2_PLACEMENT_3D('',#1618,#1619,#1620);
#1622=CIRCLE('',#1621,0.9);
#1623=EDGE_CURVE('',#1615,#1617,#1622,.T.);
#1624=ORIENTED_EDGE('',*,*,#1623,.F.);
#1625=CARTESIAN_POINT('',(-33.789014569,2.713552312,-1.));
#1626=VERTEX_POINT('',#1625);
#1627=CARTESIAN_POINT('',(-33.789014569,-2.713552312,-1.));
#1628=DIRECTION('',(0.,1.,0.));
#1629=VECTOR('',#1628,5.427104624);
#1630=LINE('',#1627,#1629);
#1631=EDGE_CURVE('',#1615,#1626,#1630,.T.);
#1632=ORIENTED_EDGE('',*,*,#1631,.T.);
#1633=CARTESIAN_POINT('',(-34.774429417,3.611321844,-1.));
#1634=VERTEX_POINT('',#1633);
#1635=CARTESIAN_POINT('',(-34.689012704,2.715384355,-1.));
#1636=DIRECTION('',(0.,0.,-1.));
#1637=DIRECTION('',(-1.,0.,0.));
#1638=AXIS2_PLACEMENT_3D('',#1635,#1636,#1637);
#1639=CIRCLE('',#1638,0.9);
#1640=EDGE_CURVE('',#1634,#1626,#1639,.T.);
#1641=ORIENTED_EDGE('',*,*,#1640,.F.);
#1642=CARTESIAN_POINT('',(-43.079406782,2.819543539,-1.));
#1643=VERTEX_POINT('',#1642);
#1644=CARTESIAN_POINT('',(-34.774429417,3.611321844,-1.));
#1645=DIRECTION('',(-0.995486099,-0.094907459,0.));
#1646=VECTOR('',#1645,8.342635191);
#1647=LINE('',#1644,#1646);
#1648=EDGE_CURVE('',#1634,#1643,#1647,.T.);
#1649=ORIENTED_EDGE('',*,*,#1648,.T.);
#1650=CARTESIAN_POINT('',(-43.785622708,1.933903647,-1.));
#1651=VERTEX_POINT('',#1650);
#1652=CARTESIAN_POINT('',(-42.885647978,1.94064791,-1.));
#1653=DIRECTION('',(0.,0.,-1.));
#1654=DIRECTION('',(-1.,0.,0.));
#1655=AXIS2_PLACEMENT_3D('',#1652,#1653,#1654);
#1656=CIRCLE('',#1655,0.9);
#1657=EDGE_CURVE('',#1651,#1643,#1656,.T.);
#1658=ORIENTED_EDGE('',*,*,#1657,.F.);
#1659=CARTESIAN_POINT('',(-43.785622708,-1.933903647,-1.));
#1660=VERTEX_POINT('',#1659);
#1661=CARTESIAN_POINT('',(-43.785622708,1.933903647,-1.));
#1662=DIRECTION('',(0.,-1.,0.));
#1663=VECTOR('',#1662,3.867807294);
#1664=LINE('',#1661,#1663);
#1665=EDGE_CURVE('',#1651,#1660,#1664,.T.);
#1666=ORIENTED_EDGE('',*,*,#1665,.T.);
#1667=CARTESIAN_POINT('',(-43.079406782,-2.819543539,-1.));
#1668=VERTEX_POINT('',#1667);
#1669=CARTESIAN_POINT('',(-42.885647978,-1.94064791,-1.));
#1670=DIRECTION('',(0.,0.,-1.));
#1671=DIRECTION('',(-1.,0.,0.));
#1672=AXIS2_PLACEMENT_3D('',#1669,#1670,#1671);
#1673=CIRCLE('',#1672,0.9);
#1674=EDGE_CURVE('',#1668,#1660,#1673,.T.);
#1675=ORIENTED_EDGE('',*,*,#1674,.F.);
#1676=CARTESIAN_POINT('',(-34.774429417,-3.611321844,-1.));
#1677=DIRECTION('',(-0.995486099,0.094907459,0.));
#1678=VECTOR('',#1677,8.342635191);
#1679=LINE('',#1676,#1678);
#1680=EDGE_CURVE('',#1617,#1668,#1679,.T.);
#1681=ORIENTED_EDGE('',*,*,#1680,.F.);
#1682=EDGE_LOOP('',(#1624,#1632,#1641,#1649,#1658,#1666,#1675,#1681));
#1683=FACE_BOUND('',#1682,.T.);
#1684=ADVANCED_FACE('',(#1028,#1048,#1068,#1088,#1108,#1128,#1148,#1209,#1297,#1385,#1473,#1543,#1613,#1683),#1008,.T.);
#1685=CARTESIAN_POINT('',(21.867020496,6.915246283,1.));
#1686=DIRECTION('',(0.094907459,0.995486099,0.));
#1687=DIRECTION('',(-0.995486099,0.094907459,0.));
#1688=AXIS2_PLACEMENT_3D('',#1685,#1686,#1687);
#1689=PLANE('',#1688);
#1690=CARTESIAN_POINT('',(43.734040993,4.830492565,1.));
#1691=VERTEX_POINT('',#1690);
#1692=CARTESIAN_POINT('',(43.734040993,4.830492565,1.));
#1693=DIRECTION('',(0.,0.,-1.));
#1694=VECTOR('',#1693,2.);
#1695=LINE('',#1692,#1694);
#1696=EDGE_CURVE('',#1691,#1152,#1695,.T.);
#1697=ORIENTED_EDGE('',*,*,#1696,.T.);
#1698=ORIENTED_EDGE('',*,*,#1157,.F.);
#1699=CARTESIAN_POINT('',(0.,9.,1.));
#1700=VERTEX_POINT('',#1699);
#1701=CARTESIAN_POINT('',(0.,9.,1.));
#1702=DIRECTION('',(0.,0.,-1.));
#1703=VECTOR('',#1702,2.);
#1704=LINE('',#1701,#1703);
#1705=EDGE_CURVE('',#1700,#1150,#1704,.T.);
#1706=ORIENTED_EDGE('',*,*,#1705,.F.);
#1707=CARTESIAN_POINT('',(0.,9.,1.));
#1708=DIRECTION('',(0.995486099,-0.094907459,0.));
#1709=VECTOR('',#1708,43.932347238);
#1710=LINE('',#1707,#1709);
#1711=EDGE_CURVE('',#1700,#1691,#1710,.T.);
#1712=ORIENTED_EDGE('',*,*,#1711,.T.);
#1713=EDGE_LOOP('',(#1697,#1698,#1706,#1712));
#1714=FACE_BOUND('',#1713,.T.);
#1715=ADVANCED_FACE('',(#1714),#1689,.T.);
#1716=CARTESIAN_POINT('',(-21.867020496,6.915246283,1.));
#1717=DIRECTION('',(0.094907459,-0.995486099,0.));
#1718=DIRECTION('',(0.995486099,0.094907459,0.));
#1719=AXIS2_PLACEMENT_3D('',#1716,#1717,#1718);
#1720=PLANE('',#1719);
#1721=ORIENTED_EDGE('',*,*,#1705,.T.);
#1722=ORIENTED_EDGE('',*,*,#1206,.T.);
#1723=CARTESIAN_POINT('',(-43.734040993,4.830492565,1.));
#1724=VERTEX_POINT('',#1723);
#1725=CARTESIAN_POINT('',(-43.734040993,4.830492565,1.));
#1726=DIRECTION('',(0.,0.,-1.));
#1727=VECTOR('',#1726,2.);
#1728=LINE('',#1725,#1727);
#1729=EDGE_CURVE('',#1724,#1194,#1728,.T.);
#1730=ORIENTED_EDGE('',*,*,#1729,.F.);
#1731=CARTESIAN_POINT('',(0.,9.,1.));
#1732=DIRECTION('',(-0.995486099,-0.094907459,0.));
#1733=VECTOR('',#1732,43.932347238);
#1734=LINE('',#1731,#1733);
#1735=EDGE_CURVE('',#1700,#1724,#1734,.T.);
#1736=ORIENTED_EDGE('',*,*,#1735,.F.);
#1737=EDGE_LOOP('',(#1721,#1722,#1730,#1736));
#1738=FACE_BOUND('',#1737,.T.);
#1739=ADVANCED_FACE('',(#1738),#1720,.F.);
#1740=CARTESIAN_POINT('',(0.,0.,1.));
#1741=DIRECTION('',(0.,0.,-1.));
#1742=DIRECTION('',(-1.,0.,0.));
#1743=AXIS2_PLACEMENT_3D('',#1740,#1741,#1742);
#1744=CYLINDRICAL_SURFACE('',#1743,44.);
#1745=CARTESIAN_POINT('',(-44.,0.,1.));
#1746=VERTEX_POINT('',#1745);
#1747=CARTESIAN_POINT('',(-44.,0.,-1.));
#1748=DIRECTION('',(-0.,-0.,1.));
#1749=VECTOR('',#1748,2.);
#1750=LINE('',#1747,#1749);
#1751=EDGE_CURVE('',#1185,#1746,#1750,.T.);
#1752=ORIENTED_EDGE('',*,*,#1751,.T.);
#1753=CARTESIAN_POINT('',(0.,0.,1.));
#1754=DIRECTION('',(0.,0.,1.));
#1755=DIRECTION('',(1.,0.,-0.));
#1756=AXIS2_PLACEMENT_3D('',#1753,#1754,#1755);
#1757=CIRCLE('',#1756,44.);
#1758=EDGE_CURVE('',#1724,#1746,#1757,.T.);
#1759=ORIENTED_EDGE('',*,*,#1758,.F.);
#1760=ORIENTED_EDGE('',*,*,#1729,.T.);
#1761=ORIENTED_EDGE('',*,*,#1200,.T.);
#1762=EDGE_LOOP('',(#1752,#1759,#1760,#1761));
#1763=FACE_BOUND('',#1762,.T.);
#1764=ADVANCED_FACE('',(#1763),#1744,.T.);
#1765=CARTESIAN_POINT('',(-21.867020496,-6.915246283,1.));
#1766=DIRECTION('',(-0.094907459,-0.995486099,0.));
#1767=DIRECTION('',(0.995486099,-0.094907459,0.));
#1768=AXIS2_PLACEMENT_3D('',#1765,#1766,#1767);
#1769=PLANE('',#1768);
#1770=CARTESIAN_POINT('',(-43.734040993,-4.830492565,1.));
#1771=VERTEX_POINT('',#1770);
#1772=CARTESIAN_POINT('',(-43.734040993,-4.830492565,1.));
#1773=DIRECTION('',(0.,0.,-1.));
#1774=VECTOR('',#1773,2.);
#1775=LINE('',#1772,#1774);
#1776=EDGE_CURVE('',#1771,#1177,#1775,.T.);
#1777=ORIENTED_EDGE('',*,*,#1776,.T.);
#1778=ORIENTED_EDGE('',*,*,#1182,.F.);
#1779=CARTESIAN_POINT('',(0.,-9.,1.));
#1780=VERTEX_POINT('',#1779);
#1781=CARTESIAN_POINT('',(0.,-9.,1.));
#1782=DIRECTION('',(0.,0.,-1.));
#1783=VECTOR('',#1782,2.);
#1784=LINE('',#1781,#1783);
#1785=EDGE_CURVE('',#1780,#1169,#1784,.T.);
#1786=ORIENTED_EDGE('',*,*,#1785,.F.);
#1787=CARTESIAN_POINT('',(0.,-9.,1.));
#1788=DIRECTION('',(-0.995486099,0.094907459,0.));
#1789=VECTOR('',#1788,43.932347238);
#1790=LINE('',#1787,#1789);
#1791=EDGE_CURVE('',#1780,#1771,#1790,.T.);
#1792=ORIENTED_EDGE('',*,*,#1791,.T.);
#1793=EDGE_LOOP('',(#1777,#1778,#1786,#1792));
#1794=FACE_BOUND('',#1793,.T.);
#1795=ADVANCED_FACE('',(#1794),#1769,.T.);
#1796=CARTESIAN_POINT('',(21.867020496,-6.915246283,1.));
#1797=DIRECTION('',(-0.094907459,0.995486099,0.));
#1798=DIRECTION('',(-0.995486099,-0.094907459,0.));
#1799=AXIS2_PLACEMENT_3D('',#1796,#1797,#1798);
#1800=PLANE('',#1799);
#1801=ORIENTED_EDGE('',*,*,#1785,.T.);
#1802=ORIENTED_EDGE('',*,*,#1174,.T.);
#1803=CARTESIAN_POINT('',(43.734040993,-4.830492565,1.));
#1804=VERTEX_POINT('',#1803);
#1805=CARTESIAN_POINT('',(43.734040993,-4.830492565,1.));
#1806=DIRECTION('',(0.,0.,-1.));
#1807=VECTOR('',#1806,2.);
#1808=LINE('',#1805,#1807);
#1809=EDGE_CURVE('',#1804,#1160,#1808,.T.);
#1810=ORIENTED_EDGE('',*,*,#1809,.F.);
#1811=CARTESIAN_POINT('',(0.,-9.,1.));
#1812=DIRECTION('',(0.995486099,0.094907459,0.));
#1813=VECTOR('',#1812,43.932347238);
#1814=LINE('',#1811,#1813);
#1815=EDGE_CURVE('',#1780,#1804,#1814,.T.);
#1816=ORIENTED_EDGE('',*,*,#1815,.F.);
#1817=EDGE_LOOP('',(#1801,#1802,#1810,#1816));
#1818=FACE_BOUND('',#1817,.T.);
#1819=ADVANCED_FACE('',(#1818),#1800,.F.);
#1820=CARTESIAN_POINT('',(4.663689527,-2.692582404,1.));
#1821=DIRECTION('',(0.,0.,-1.));
#1822=DIRECTION('',(-1.,0.,0.));
#1823=AXIS2_PLACEMENT_3D('',#1820,#1821,#1822);
#1824=CYLINDRICAL_SURFACE('',#1823,1.5);
#1825=CARTESIAN_POINT('',(6.053762828,-3.256227874,1.));
#1826=VERTEX_POINT('',#1825);
#1827=CARTESIAN_POINT('',(6.053762828,-3.256227874,1.));
#1828=DIRECTION('',(0.,0.,-1.));
#1829=VECTOR('',#1828,2.);
#1830=LINE('',#1827,#1829);
#1831=EDGE_CURVE('',#1826,#1112,#1830,.T.);
#1832=ORIENTED_EDGE('',*,*,#1831,.T.);
#1833=ORIENTED_EDGE('',*,*,#1118,.F.);
#1834=CARTESIAN_POINT('',(5.846857474,-3.61459846,1.));
#1835=VERTEX_POINT('',#1834);
#1836=CARTESIAN_POINT('',(5.846857474,-3.61459846,1.));
#1837=DIRECTION('',(0.,0.,-1.));
#1838=VECTOR('',#1837,2.);
#1839=LINE('',#1836,#1838);
#1840=EDGE_CURVE('',#1835,#1110,#1839,.T.);
#1841=ORIENTED_EDGE('',*,*,#1840,.F.);
#1842=CARTESIAN_POINT('',(4.663689527,-2.692582404,1.));
#1843=DIRECTION('',(0.,0.,1.));
#1844=DIRECTION('',(1.,0.,-0.));
#1845=AXIS2_PLACEMENT_3D('',#1842,#1843,#1844);
#1846=CIRCLE('',#1845,1.5);
#1847=EDGE_CURVE('',#1835,#1826,#1846,.T.);
#1848=ORIENTED_EDGE('',*,*,#1847,.T.);
#1849=EDGE_LOOP('',(#1832,#1833,#1841,#1848));
#1850=FACE_BOUND('',#1849,.T.);
#1851=ADVANCED_FACE('',(#1850),#1824,.F.);
#1852=CARTESIAN_POINT('',(-4.663689527,-2.692582404,1.));
#1853=DIRECTION('',(0.,0.,-1.));
#1854=DIRECTION('',(-1.,0.,0.));
#1855=AXIS2_PLACEMENT_3D('',#1852,#1853,#1854);
#1856=CYLINDRICAL_SURFACE('',#1855,1.5);
#1857=CARTESIAN_POINT('',(-5.846857474,-3.61459846,1.));
#1858=VERTEX_POINT('',#1857);
#1859=CARTESIAN_POINT('',(-5.846857474,-3.61459846,1.));
#1860=DIRECTION('',(0.,0.,-1.));
#1861=VECTOR('',#1860,2.);
#1862=LINE('',#1859,#1861);
#1863=EDGE_CURVE('',#1858,#1092,#1862,.T.);
#1864=ORIENTED_EDGE('',*,*,#1863,.T.);
#1865=ORIENTED_EDGE('',*,*,#1098,.F.);
#1866=CARTESIAN_POINT('',(-6.053762828,-3.256227874,1.));
#1867=VERTEX_POINT('',#1866);
#1868=CARTESIAN_POINT('',(-6.053762828,-3.256227874,1.));
#1869=DIRECTION('',(0.,0.,-1.));
#1870=VECTOR('',#1869,2.);
#1871=LINE('',#1868,#1870);
#1872=EDGE_CURVE('',#1867,#1090,#1871,.T.);
#1873=ORIENTED_EDGE('',*,*,#1872,.F.);
#1874=CARTESIAN_POINT('',(-4.663689527,-2.692582404,1.));
#1875=DIRECTION('',(0.,0.,1.));
#1876=DIRECTION('',(1.,0.,-0.));
#1877=AXIS2_PLACEMENT_3D('',#1874,#1875,#1876);
#1878=CIRCLE('',#1877,1.5);
#1879=EDGE_CURVE('',#1867,#1858,#1878,.T.);
#1880=ORIENTED_EDGE('',*,*,#1879,.T.);
#1881=EDGE_LOOP('',(#1864,#1865,#1873,#1880));
#1882=FACE_BOUND('',#1881,.T.);
#1883=ADVANCED_FACE('',(#1882),#1856,.F.);
#1884=CARTESIAN_POINT('',(-0.,-5.385164807,1.));
#1885=DIRECTION('',(0.,0.,-1.));
#1886=DIRECTION('',(-1.,0.,0.));
#1887=AXIS2_PLACEMENT_3D('',#1884,#1885,#1886);
#1888=CYLINDRICAL_SURFACE('',#1887,1.5);
#1889=CARTESIAN_POINT('',(0.206905354,-6.870826335,1.));
#1890=VERTEX_POINT('',#1889);
#1891=CARTESIAN_POINT('',(0.206905354,-6.870826335,1.));
#1892=DIRECTION('',(0.,0.,-1.));
#1893=VECTOR('',#1892,2.);
#1894=LINE('',#1891,#1893);
#1895=EDGE_CURVE('',#1890,#1072,#1894,.T.);
#1896=ORIENTED_EDGE('',*,*,#1895,.T.);
#1897=ORIENTED_EDGE('',*,*,#1078,.F.);
#1898=CARTESIAN_POINT('',(-0.206905354,-6.870826335,1.));
#1899=VERTEX_POINT('',#1898);
#1900=CARTESIAN_POINT('',(-0.206905354,-6.870826335,1.));
#1901=DIRECTION('',(0.,0.,-1.));
#1902=VECTOR('',#1901,2.);
#1903=LINE('',#1900,#1902);
#1904=EDGE_CURVE('',#1899,#1070,#1903,.T.);
#1905=ORIENTED_EDGE('',*,*,#1904,.F.);
#1906=CARTESIAN_POINT('',(-0.,-5.385164807,1.));
#1907=DIRECTION('',(0.,0.,1.));
#1908=DIRECTION('',(1.,0.,-0.));
#1909=AXIS2_PLACEMENT_3D('',#1906,#1907,#1908);
#1910=CIRCLE('',#1909,1.5);
#1911=EDGE_CURVE('',#1899,#1890,#1910,.T.);
#1912=ORIENTED_EDGE('',*,*,#1911,.T.);
#1913=EDGE_LOOP('',(#1896,#1897,#1905,#1912));
#1914=FACE_BOUND('',#1913,.T.);
#1915=ADVANCED_FACE('',(#1914),#1888,.F.);
#1916=CARTESIAN_POINT('',(-4.663689527,2.692582404,1.));
#1917=DIRECTION('',(0.,0.,-1.));
#1918=DIRECTION('',(-1.,0.,0.));
#1919=AXIS2_PLACEMENT_3D('',#1916,#1917,#1918);
#1920=CYLINDRICAL_SURFACE('',#1919,1.5);
#1921=CARTESIAN_POINT('',(-6.053762828,3.256227874,1.));
#1922=VERTEX_POINT('',#1921);
#1923=CARTESIAN_POINT('',(-6.053762828,3.256227874,1.));
#1924=DIRECTION('',(0.,0.,-1.));
#1925=VECTOR('',#1924,2.);
#1926=LINE('',#1923,#1925);
#1927=EDGE_CURVE('',#1922,#1052,#1926,.T.);
#1928=ORIENTED_EDGE('',*,*,#1927,.T.);
#1929=ORIENTED_EDGE('',*,*,#1058,.F.);
#1930=CARTESIAN_POINT('',(-5.846857474,3.61459846,1.));
#1931=VERTEX_POINT('',#1930);
#1932=CARTESIAN_POINT('',(-5.846857474,3.61459846,1.));
#1933=DIRECTION('',(0.,0.,-1.));
#1934=VECTOR('',#1933,2.);
#1935=LINE('',#1932,#1934);
#1936=EDGE_CURVE('',#1931,#1050,#1935,.T.);
#1937=ORIENTED_EDGE('',*,*,#1936,.F.);
#1938=CARTESIAN_POINT('',(-4.663689527,2.692582404,1.));
#1939=DIRECTION('',(0.,0.,1.));
#1940=DIRECTION('',(1.,0.,-0.));
#1941=AXIS2_PLACEMENT_3D('',#1938,#1939,#1940);
#1942=CIRCLE('',#1941,1.5);
#1943=EDGE_CURVE('',#1931,#1922,#1942,.T.);
#1944=ORIENTED_EDGE('',*,*,#1943,.T.);
#1945=EDGE_LOOP('',(#1928,#1929,#1937,#1944));
#1946=FACE_BOUND('',#1945,.T.);
#1947=ADVANCED_FACE('',(#1946),#1920,.F.);
#1948=CARTESIAN_POINT('',(0.,0.,1.));
#1949=DIRECTION('',(0.,0.,-1.));
#1950=DIRECTION('',(-1.,0.,0.));
#1951=AXIS2_PLACEMENT_3D('',#1948,#1949,#1950);
#1952=CYLINDRICAL_SURFACE('',#1951,6.873940962);
#1953=CARTESIAN_POINT('',(6.053762828,3.256227874,1.));
#1954=VERTEX_POINT('',#1953);
#1955=CARTESIAN_POINT('',(6.053762828,3.256227874,1.));
#1956=DIRECTION('',(0.,0.,-1.));
#1957=VECTOR('',#1956,2.);
#1958=LINE('',#1955,#1957);
#1959=EDGE_CURVE('',#1954,#1030,#1958,.T.);
#1960=ORIENTED_EDGE('',*,*,#1959,.T.);
#1961=ORIENTED_EDGE('',*,*,#1038,.T.);
#1962=CARTESIAN_POINT('',(5.846857474,3.61459846,1.));
#1963=VERTEX_POINT('',#1962);
#1964=CARTESIAN_POINT('',(5.846857474,3.61459846,1.));
#1965=DIRECTION('',(0.,0.,-1.));
#1966=VECTOR('',#1965,2.);
#1967=LINE('',#1964,#1966);
#1968=EDGE_CURVE('',#1963,#1032,#1967,.T.);
#1969=ORIENTED_EDGE('',*,*,#1968,.F.);
#1970=CARTESIAN_POINT('',(0.,0.,1.));
#1971=DIRECTION('',(0.,0.,1.));
#1972=DIRECTION('',(1.,0.,-0.));
#1973=AXIS2_PLACEMENT_3D('',#1970,#1971,#1972);
#1974=CIRCLE('',#1973,6.873940962);
#1975=EDGE_CURVE('',#1954,#1963,#1974,.T.);
#1976=ORIENTED_EDGE('',*,*,#1975,.F.);
#1977=EDGE_LOOP('',(#1960,#1961,#1969,#1976));
#1978=FACE_BOUND('',#1977,.T.);
#1979=ADVANCED_FACE('',(#1978),#1952,.T.);
#1980=CARTESIAN_POINT('',(-0.,5.385164807,1.));
#1981=DIRECTION('',(0.,0.,-1.));
#1982=DIRECTION('',(-1.,0.,0.));
#1983=AXIS2_PLACEMENT_3D('',#1980,#1981,#1982);
#1984=CYLINDRICAL_SURFACE('',#1983,1.5);
#1985=CARTESIAN_POINT('',(-0.206905354,6.870826335,1.));
#1986=VERTEX_POINT('',#1985);
#1987=CARTESIAN_POINT('',(-0.206905354,6.870826335,1.));
#1988=DIRECTION('',(0.,0.,-1.));
#1989=VECTOR('',#1988,2.);
#1990=LINE('',#1987,#1989);
#1991=EDGE_CURVE('',#1986,#1012,#1990,.T.);
#1992=ORIENTED_EDGE('',*,*,#1991,.T.);
#1993=ORIENTED_EDGE('',*,*,#1018,.F.);
#1994=CARTESIAN_POINT('',(0.206905354,6.870826335,1.));
#1995=VERTEX_POINT('',#1994);
#1996=CARTESIAN_POINT('',(0.206905354,6.870826335,1.));
#1997=DIRECTION('',(0.,0.,-1.));
#1998=VECTOR('',#1997,2.);
#1999=LINE('',#1996,#1998);
#2000=EDGE_CURVE('',#1995,#1010,#1999,.T.);
#2001=ORIENTED_EDGE('',*,*,#2000,.F.);
#2002=CARTESIAN_POINT('',(-0.,5.385164807,1.));
#2003=DIRECTION('',(0.,0.,1.));
#2004=DIRECTION('',(1.,0.,-0.));
#2005=AXIS2_PLACEMENT_3D('',#2002,#2003,#2004);
#2006=CIRCLE('',#2005,1.5);
#2007=EDGE_CURVE('',#1995,#1986,#2006,.T.);
#2008=ORIENTED_EDGE('',*,*,#2007,.T.);
#2009=EDGE_LOOP('',(#1992,#1993,#2001,#2008));
#2010=FACE_BOUND('',#2009,.T.);
#2011=ADVANCED_FACE('',(#2010),#1984,.F.);
#2012=CARTESIAN_POINT('',(0.,0.,1.));
#2013=DIRECTION('',(0.,0.,-1.));
#2014=DIRECTION('',(-1.,0.,0.));
#2015=AXIS2_PLACEMENT_3D('',#2012,#2013,#2014);
#2016=CYLINDRICAL_SURFACE('',#2015,2.5);
#2017=CARTESIAN_POINT('',(-2.5,0.,1.));
#2018=VERTEX_POINT('',#2017);
#2019=CARTESIAN_POINT('',(-2.5,0.,-1.));
#2020=DIRECTION('',(-0.,-0.,1.));
#2021=VECTOR('',#2020,2.);
#2022=LINE('',#2019,#2021);
#2023=EDGE_CURVE('',#1132,#2018,#2022,.T.);
#2024=ORIENTED_EDGE('',*,*,#2023,.F.);
#2025=ORIENTED_EDGE('',*,*,#1138,.F.);
#2026=ORIENTED_EDGE('',*,*,#1145,.F.);
#2027=ORIENTED_EDGE('',*,*,#2023,.T.);
#2028=CARTESIAN_POINT('',(2.5,-0.,1.));
#2029=VERTEX_POINT('',#2028);
#2030=CARTESIAN_POINT('',(0.,0.,1.));
#2031=DIRECTION('',(0.,0.,1.));
#2032=DIRECTION('',(1.,0.,-0.));
#2033=AXIS2_PLACEMENT_3D('',#2030,#2031,#2032);
#2034=CIRCLE('',#2033,2.5);
#2035=EDGE_CURVE('',#2018,#2029,#2034,.T.);
#2036=ORIENTED_EDGE('',*,*,#2035,.T.);
#2037=CARTESIAN_POINT('',(0.,0.,1.));
#2038=DIRECTION('',(0.,0.,1.));
#2039=DIRECTION('',(1.,0.,-0.));
#2040=AXIS2_PLACEMENT_3D('',#2037,#2038,#2039);
#2041=CIRCLE('',#2040,2.5);
#2042=EDGE_CURVE('',#2029,#2018,#2041,.T.);
#2043=ORIENTED_EDGE('',*,*,#2042,.T.);
#2044=EDGE_LOOP('',(#2024,#2025,#2026,#2027,#2036,#2043));
#2045=FACE_BOUND('',#2044,.T.);
#2046=ADVANCED_FACE('',(#2045),#2016,.F.);
#2047=CARTESIAN_POINT('',(0.,-0.,1.));
#2048=DIRECTION('',(0.,0.,-1.));
#2049=DIRECTION('',(-1.,0.,0.));
#2050=AXIS2_PLACEMENT_3D('',#2047,#2048,#2049);
#2051=CYLINDRICAL_SURFACE('',#2050,6.873940962);
#2052=ORIENTED_EDGE('',*,*,#1840,.T.);
#2053=ORIENTED_EDGE('',*,*,#1125,.T.);
#2054=ORIENTED_EDGE('',*,*,#1831,.F.);
#2055=CARTESIAN_POINT('',(0.,-0.,1.));
#2056=DIRECTION('',(0.,0.,1.));
#2057=DIRECTION('',(1.,0.,-0.));
#2058=AXIS2_PLACEMENT_3D('',#2055,#2056,#2057);
#2059=CIRCLE('',#2058,6.873940962);
#2060=EDGE_CURVE('',#1835,#1826,#2059,.T.);
#2061=ORIENTED_EDGE('',*,*,#2060,.F.);
#2062=EDGE_LOOP('',(#2052,#2053,#2054,#2061));
#2063=FACE_BOUND('',#2062,.T.);
#2064=ADVANCED_FACE('',(#2063),#2051,.T.);
#2065=CARTESIAN_POINT('',(-0.,-0.,1.));
#2066=DIRECTION('',(0.,0.,-1.));
#2067=DIRECTION('',(-1.,0.,0.));
#2068=AXIS2_PLACEMENT_3D('',#2065,#2066,#2067);
#2069=CYLINDRICAL_SURFACE('',#2068,6.873940962);
#2070=ORIENTED_EDGE('',*,*,#1872,.T.);
#2071=ORIENTED_EDGE('',*,*,#1105,.T.);
#2072=ORIENTED_EDGE('',*,*,#1863,.F.);
#2073=CARTESIAN_POINT('',(-0.,-0.,1.));
#2074=DIRECTION('',(0.,0.,1.));
#2075=DIRECTION('',(1.,0.,-0.));
#2076=AXIS2_PLACEMENT_3D('',#2073,#2074,#2075);
#2077=CIRCLE('',#2076,6.873940962);
#2078=EDGE_CURVE('',#1867,#1858,#2077,.T.);
#2079=ORIENTED_EDGE('',*,*,#2078,.F.);
#2080=EDGE_LOOP('',(#2070,#2071,#2072,#2079));
#2081=FACE_BOUND('',#2080,.T.);
#2082=ADVANCED_FACE('',(#2081),#2069,.T.);
#2083=CARTESIAN_POINT('',(-0.,-0.,1.));
#2084=DIRECTION('',(0.,0.,-1.));
#2085=DIRECTION('',(-1.,0.,0.));
#2086=AXIS2_PLACEMENT_3D('',#2083,#2084,#2085);
#2087=CYLINDRICAL_SURFACE('',#2086,6.873940962);
#2088=ORIENTED_EDGE('',*,*,#1904,.T.);
#2089=ORIENTED_EDGE('',*,*,#1085,.T.);
#2090=ORIENTED_EDGE('',*,*,#1895,.F.);
#2091=CARTESIAN_POINT('',(-0.,-0.,1.));
#2092=DIRECTION('',(0.,0.,1.));
#2093=DIRECTION('',(1.,0.,-0.));
#2094=AXIS2_PLACEMENT_3D('',#2091,#2092,#2093);
#2095=CIRCLE('',#2094,6.873940962);
#2096=EDGE_CURVE('',#1899,#1890,#2095,.T.);
#2097=ORIENTED_EDGE('',*,*,#2096,.F.);
#2098=EDGE_LOOP('',(#2088,#2089,#2090,#2097));
#2099=FACE_BOUND('',#2098,.T.);
#2100=ADVANCED_FACE('',(#2099),#2087,.T.);
#2101=CARTESIAN_POINT('',(0.,-0.,1.));
#2102=DIRECTION('',(0.,0.,-1.));
#2103=DIRECTION('',(-1.,0.,0.));
#2104=AXIS2_PLACEMENT_3D('',#2101,#2102,#2103);
#2105=CYLINDRICAL_SURFACE('',#2104,6.873940962);
#2106=ORIENTED_EDGE('',*,*,#1936,.T.);
#2107=ORIENTED_EDGE('',*,*,#1065,.T.);
#2108=ORIENTED_EDGE('',*,*,#1927,.F.);
#2109=CARTESIAN_POINT('',(0.,-0.,1.));
#2110=DIRECTION('',(0.,0.,1.));
#2111=DIRECTION('',(1.,0.,-0.));
#2112=AXIS2_PLACEMENT_3D('',#2109,#2110,#2111);
#2113=CIRCLE('',#2112,6.873940962);
#2114=EDGE_CURVE('',#1931,#1922,#2113,.T.);
#2115=ORIENTED_EDGE('',*,*,#2114,.F.);
#2116=EDGE_LOOP('',(#2106,#2107,#2108,#2115));
#2117=FACE_BOUND('',#2116,.T.);
#2118=ADVANCED_FACE('',(#2117),#2105,.T.);
#2119=CARTESIAN_POINT('',(4.663689527,2.692582404,1.));
#2120=DIRECTION('',(0.,0.,-1.));
#2121=DIRECTION('',(-1.,0.,0.));
#2122=AXIS2_PLACEMENT_3D('',#2119,#2120,#2121);
#2123=CYLINDRICAL_SURFACE('',#2122,1.5);
#2124=ORIENTED_EDGE('',*,*,#1968,.T.);
#2125=ORIENTED_EDGE('',*,*,#1045,.F.);
#2126=ORIENTED_EDGE('',*,*,#1959,.F.);
#2127=CARTESIAN_POINT('',(4.663689527,2.692582404,1.));
#2128=DIRECTION('',(0.,0.,1.));
#2129=DIRECTION('',(1.,0.,-0.));
#2130=AXIS2_PLACEMENT_3D('',#2127,#2128,#2129);
#2131=CIRCLE('',#2130,1.5);
#2132=EDGE_CURVE('',#1954,#1963,#2131,.T.);
#2133=ORIENTED_EDGE('',*,*,#2132,.T.);
#2134=EDGE_LOOP('',(#2124,#2125,#2126,#2133));
#2135=FACE_BOUND('',#2134,.T.);
#2136=ADVANCED_FACE('',(#2135),#2123,.F.);
#2137=CARTESIAN_POINT('',(-0.,-0.,1.));
#2138=DIRECTION('',(0.,0.,-1.));
#2139=DIRECTION('',(-1.,0.,0.));
#2140=AXIS2_PLACEMENT_3D('',#2137,#2138,#2139);
#2141=CYLINDRICAL_SURFACE('',#2140,6.873940962);
#2142=ORIENTED_EDGE('',*,*,#2000,.T.);
#2143=ORIENTED_EDGE('',*,*,#1025,.T.);
#2144=ORIENTED_EDGE('',*,*,#1991,.F.);
#2145=CARTESIAN_POINT('',(-0.,-0.,1.));
#2146=DIRECTION('',(0.,0.,1.));
#2147=DIRECTION('',(1.,0.,-0.));
#2148=AXIS2_PLACEMENT_3D('',#2145,#2146,#2147);
#2149=CIRCLE('',#2148,6.873940962);
#2150=EDGE_CURVE('',#1995,#1986,#2149,.T.);
#2151=ORIENTED_EDGE('',*,*,#2150,.F.);
#2152=EDGE_LOOP('',(#2142,#2143,#2144,#2151));
#2153=FACE_BOUND('',#2152,.T.);
#2154=ADVANCED_FACE('',(#2153),#2141,.T.);
#2155=CARTESIAN_POINT('',(-0.,0.,1.));
#2156=DIRECTION('',(0.,0.,-1.));
#2157=DIRECTION('',(-1.,0.,0.));
#2158=AXIS2_PLACEMENT_3D('',#2155,#2156,#2157);
#2159=CYLINDRICAL_SURFACE('',#2158,44.);
#2160=ORIENTED_EDGE('',*,*,#1809,.T.);
#2161=ORIENTED_EDGE('',*,*,#1166,.T.);
#2162=ORIENTED_EDGE('',*,*,#1696,.F.);
#2163=CARTESIAN_POINT('',(-0.,0.,1.));
#2164=DIRECTION('',(0.,0.,1.));
#2165=DIRECTION('',(1.,0.,-0.));
#2166=AXIS2_PLACEMENT_3D('',#2163,#2164,#2165);
#2167=CIRCLE('',#2166,44.);
#2168=EDGE_CURVE('',#1804,#1691,#2167,.T.);
#2169=ORIENTED_EDGE('',*,*,#2168,.F.);
#2170=EDGE_LOOP('',(#2160,#2161,#2162,#2169));
#2171=FACE_BOUND('',#2170,.T.);
#2172=ADVANCED_FACE('',(#2171),#2159,.T.);
#2173=CARTESIAN_POINT('',(0.,0.,1.));
#2174=DIRECTION('',(0.,0.,1.));
#2175=DIRECTION('',(1.,0.,0.));
#2176=AXIS2_PLACEMENT_3D('',#2173,#2174,#2175);
#2177=PLANE('',#2176);
#2178=ORIENTED_EDGE('',*,*,#2007,.F.);
#2179=ORIENTED_EDGE('',*,*,#2150,.T.);
#2180=EDGE_LOOP('',(#2178,#2179));
#2181=FACE_BOUND('',#2180,.T.);
#2182=ORIENTED_EDGE('',*,*,#1975,.T.);
#2183=ORIENTED_EDGE('',*,*,#2132,.F.);
#2184=EDGE_LOOP('',(#2182,#2183));
#2185=FACE_BOUND('',#2184,.T.);
#2186=ORIENTED_EDGE('',*,*,#1943,.F.);
#2187=ORIENTED_EDGE('',*,*,#2114,.T.);
#2188=EDGE_LOOP('',(#2186,#2187));
#2189=FACE_BOUND('',#2188,.T.);
#2190=ORIENTED_EDGE('',*,*,#1911,.F.);
#2191=ORIENTED_EDGE('',*,*,#2096,.T.);
#2192=EDGE_LOOP('',(#2190,#2191));
#2193=FACE_BOUND('',#2192,.T.);
#2194=ORIENTED_EDGE('',*,*,#1879,.F.);
#2195=ORIENTED_EDGE('',*,*,#2078,.T.);
#2196=EDGE_LOOP('',(#2194,#2195));
#2197=FACE_BOUND('',#2196,.T.);
#2198=ORIENTED_EDGE('',*,*,#1847,.F.);
#2199=ORIENTED_EDGE('',*,*,#2060,.T.);
#2200=EDGE_LOOP('',(#2198,#2199));
#2201=FACE_BOUND('',#2200,.T.);
#2202=ORIENTED_EDGE('',*,*,#2035,.F.);
#2203=ORIENTED_EDGE('',*,*,#2042,.F.);
#2204=EDGE_LOOP('',(#2202,#2203));
#2205=FACE_BOUND('',#2204,.T.);
#2206=ORIENTED_EDGE('',*,*,#1711,.F.);
#2207=ORIENTED_EDGE('',*,*,#1735,.T.);
#2208=ORIENTED_EDGE('',*,*,#1758,.T.);
#2209=CARTESIAN_POINT('',(0.,0.,1.));
#2210=DIRECTION('',(0.,0.,1.));
#2211=DIRECTION('',(1.,0.,-0.));
#2212=AXIS2_PLACEMENT_3D('',#2209,#2210,#2211);
#2213=CIRCLE('',#2212,44.);
#2214=EDGE_CURVE('',#1746,#1771,#2213,.T.);
#2215=ORIENTED_EDGE('',*,*,#2214,.T.);
#2216=ORIENTED_EDGE('',*,*,#1791,.F.);
#2217=ORIENTED_EDGE('',*,*,#1815,.T.);
#2218=ORIENTED_EDGE('',*,*,#2168,.T.);
#2219=EDGE_LOOP('',(#2206,#2207,#2208,#2215,#2216,#2217,#2218));
#2220=FACE_BOUND('',#2219,.T.);
#2221=ADVANCED_FACE('',(#2181,#2185,#2189,#2193,#2197,#2201,#2205,#2220),#2177,.T.);
#2222=CARTESIAN_POINT('',(43.785622708,0.966951823,-1.7));
#2223=DIRECTION('',(1.,0.,0.));
#2224=DIRECTION('',(0.,0.,-1.));
#2225=AXIS2_PLACEMENT_3D('',#2222,#2223,#2224);
#2226=PLANE('',#2225);
#2227=CARTESIAN_POINT('',(43.785622708,-1.933903647,-1.2));
#2228=VERTEX_POINT('',#2227);
#2229=CARTESIAN_POINT('',(43.785622708,-1.933903647,-1.2));
#2230=DIRECTION('',(0.,0.,1.));
#2231=VECTOR('',#2230,0.2);
#2232=LINE('',#2229,#2231);
#2233=EDGE_CURVE('',#2228,#1222,#2232,.T.);
#2234=ORIENTED_EDGE('',*,*,#2233,.F.);
#2235=CARTESIAN_POINT('',(43.785622708,1.933903647,-1.2));
#2236=VERTEX_POINT('',#2235);
#2237=CARTESIAN_POINT('',(43.785622708,-1.933903647,-1.2));
#2238=DIRECTION('',(0.,1.,0.));
#2239=VECTOR('',#2238,3.867807294);
#2240=LINE('',#2237,#2239);
#2241=EDGE_CURVE('',#2228,#2236,#2240,.T.);
#2242=ORIENTED_EDGE('',*,*,#2241,.T.);
#2243=CARTESIAN_POINT('',(43.785622708,1.933903647,-1.2));
#2244=DIRECTION('',(0.,0.,1.));
#2245=VECTOR('',#2244,0.2);
#2246=LINE('',#2243,#2245);
#2247=EDGE_CURVE('',#2236,#1231,#2246,.T.);
#2248=ORIENTED_EDGE('',*,*,#2247,.T.);
#2249=ORIENTED_EDGE('',*,*,#1236,.F.);
#2250=EDGE_LOOP('',(#2234,#2242,#2248,#2249));
#2251=FACE_BOUND('',#2250,.T.);
#2252=ADVANCED_FACE('',(#2251),#2226,.T.);
#2253=CARTESIAN_POINT('',(42.885647978,-1.94064791,-1.7));
#2254=DIRECTION('',(0.,0.,1.));
#2255=DIRECTION('',(1.,0.,-0.));
#2256=AXIS2_PLACEMENT_3D('',#2253,#2254,#2255);
#2257=CYLINDRICAL_SURFACE('',#2256,0.9);
#2258=CARTESIAN_POINT('',(43.785647978,-1.94064791,-1.2));
#2259=VERTEX_POINT('',#2258);
#2260=CARTESIAN_POINT('',(43.785647978,-1.94064791,-1.));
#2261=DIRECTION('',(-0.,-0.,-1.));
#2262=VECTOR('',#2261,0.2);
#2263=LINE('',#2260,#2262);
#2264=EDGE_CURVE('',#1211,#2259,#2263,.T.);
#2265=ORIENTED_EDGE('',*,*,#2264,.T.);
#2266=CARTESIAN_POINT('',(42.885647978,-1.94064791,-1.2));
#2267=DIRECTION('',(-0.,-0.,1.));
#2268=DIRECTION('',(-1.,0.,0.));
#2269=AXIS2_PLACEMENT_3D('',#2266,#2267,#2268);
#2270=CIRCLE('',#2269,0.9);
#2271=EDGE_CURVE('',#2259,#2228,#2270,.T.);
#2272=ORIENTED_EDGE('',*,*,#2271,.T.);
#2273=ORIENTED_EDGE('',*,*,#2233,.T.);
#2274=ORIENTED_EDGE('',*,*,#1228,.T.);
#2275=EDGE_LOOP('',(#2265,#2272,#2273,#2274));
#2276=FACE_BOUND('',#2275,.T.);
#2277=ADVANCED_FACE('',(#2276),#2257,.T.);
#2278=CARTESIAN_POINT('',(38.9269181,-3.215432691,-1.7));
#2279=DIRECTION('',(0.094907459,-0.995486099,0.));
#2280=DIRECTION('',(0.995486099,0.094907459,0.));
#2281=AXIS2_PLACEMENT_3D('',#2278,#2279,#2280);
#2282=PLANE('',#2281);
#2283=CARTESIAN_POINT('',(34.774429417,-3.611321844,-1.2));
#2284=VERTEX_POINT('',#2283);
#2285=CARTESIAN_POINT('',(34.774429417,-3.611321844,-1.2));
#2286=DIRECTION('',(0.,0.,1.));
#2287=VECTOR('',#2286,0.2);
#2288=LINE('',#2285,#2287);
#2289=EDGE_CURVE('',#2284,#1282,#2288,.T.);
#2290=ORIENTED_EDGE('',*,*,#2289,.F.);
#2291=CARTESIAN_POINT('',(43.079406782,-2.819543539,-1.2));
#2292=VERTEX_POINT('',#2291);
#2293=CARTESIAN_POINT('',(34.774429417,-3.611321844,-1.2));
#2294=DIRECTION('',(0.995486099,0.094907459,0.));
#2295=VECTOR('',#2294,8.342635191);
#2296=LINE('',#2293,#2295);
#2297=EDGE_CURVE('',#2284,#2292,#2296,.T.);
#2298=ORIENTED_EDGE('',*,*,#2297,.T.);
#2299=CARTESIAN_POINT('',(43.079406782,-2.819543539,-1.2));
#2300=DIRECTION('',(0.,0.,1.));
#2301=VECTOR('',#2300,0.2);
#2302=LINE('',#2299,#2301);
#2303=EDGE_CURVE('',#2292,#1213,#2302,.T.);
#2304=ORIENTED_EDGE('',*,*,#2303,.T.);
#2305=ORIENTED_EDGE('',*,*,#1294,.F.);
#2306=EDGE_LOOP('',(#2290,#2298,#2304,#2305));
#2307=FACE_BOUND('',#2306,.T.);
#2308=ADVANCED_FACE('',(#2307),#2282,.T.);
#2309=CARTESIAN_POINT('',(34.689012704,-2.715384355,-1.7));
#2310=DIRECTION('',(0.,0.,1.));
#2311=DIRECTION('',(1.,0.,-0.));
#2312=AXIS2_PLACEMENT_3D('',#2309,#2310,#2311);
#2313=CYLINDRICAL_SURFACE('',#2312,0.9);
#2314=CARTESIAN_POINT('',(33.789014569,-2.713552312,-1.2));
#2315=VERTEX_POINT('',#2314);
#2316=CARTESIAN_POINT('',(33.789014569,-2.713552312,-1.2));
#2317=DIRECTION('',(0.,0.,1.));
#2318=VECTOR('',#2317,0.2);
#2319=LINE('',#2316,#2318);
#2320=EDGE_CURVE('',#2315,#1274,#2319,.T.);
#2321=ORIENTED_EDGE('',*,*,#2320,.F.);
#2322=CARTESIAN_POINT('',(34.689012704,-2.715384355,-1.2));
#2323=DIRECTION('',(-0.,-0.,1.));
#2324=DIRECTION('',(-1.,0.,0.));
#2325=AXIS2_PLACEMENT_3D('',#2322,#2323,#2324);
#2326=CIRCLE('',#2325,0.9);
#2327=EDGE_CURVE('',#2315,#2284,#2326,.T.);
#2328=ORIENTED_EDGE('',*,*,#2327,.T.);
#2329=ORIENTED_EDGE('',*,*,#2289,.T.);
#2330=ORIENTED_EDGE('',*,*,#1288,.T.);
#2331=EDGE_LOOP('',(#2321,#2328,#2329,#2330));
#2332=FACE_BOUND('',#2331,.T.);
#2333=ADVANCED_FACE('',(#2332),#2313,.T.);
#2334=CARTESIAN_POINT('',(33.789014569,-1.356776156,-1.7));
#2335=DIRECTION('',(-1.,0.,0.));
#2336=DIRECTION('',(0.,0.,1.));
#2337=AXIS2_PLACEMENT_3D('',#2334,#2335,#2336);
#2338=PLANE('',#2337);
#2339=CARTESIAN_POINT('',(33.789014569,2.713552312,-1.2));
#2340=VERTEX_POINT('',#2339);
#2341=CARTESIAN_POINT('',(33.789014569,2.713552312,-1.2));
#2342=DIRECTION('',(0.,0.,1.));
#2343=VECTOR('',#2342,0.2);
#2344=LINE('',#2341,#2343);
#2345=EDGE_CURVE('',#2340,#1265,#2344,.T.);
#2346=ORIENTED_EDGE('',*,*,#2345,.F.);
#2347=CARTESIAN_POINT('',(33.789014569,2.713552312,-1.2));
#2348=DIRECTION('',(0.,-1.,0.));
#2349=VECTOR('',#2348,5.427104624);
#2350=LINE('',#2347,#2349);
#2351=EDGE_CURVE('',#2340,#2315,#2350,.T.);
#2352=ORIENTED_EDGE('',*,*,#2351,.T.);
#2353=ORIENTED_EDGE('',*,*,#2320,.T.);
#2354=ORIENTED_EDGE('',*,*,#1279,.F.);
#2355=EDGE_LOOP('',(#2346,#2352,#2353,#2354));
#2356=FACE_BOUND('',#2355,.T.);
#2357=ADVANCED_FACE('',(#2356),#2338,.T.);
#2358=CARTESIAN_POINT('',(34.689012704,2.715384355,-1.7));
#2359=DIRECTION('',(0.,0.,1.));
#2360=DIRECTION('',(1.,0.,-0.));
#2361=AXIS2_PLACEMENT_3D('',#2358,#2359,#2360);
#2362=CYLINDRICAL_SURFACE('',#2361,0.9);
#2363=CARTESIAN_POINT('',(34.774429417,3.611321844,-1.2));
#2364=VERTEX_POINT('',#2363);
#2365=CARTESIAN_POINT('',(34.774429417,3.611321844,-1.2));
#2366=DIRECTION('',(0.,0.,1.));
#2367=VECTOR('',#2366,0.2);
#2368=LINE('',#2365,#2367);
#2369=EDGE_CURVE('',#2364,#1257,#2368,.T.);
#2370=ORIENTED_EDGE('',*,*,#2369,.F.);
#2371=CARTESIAN_POINT('',(34.689012704,2.715384355,-1.2));
#2372=DIRECTION('',(-0.,-0.,1.));
#2373=DIRECTION('',(-1.,0.,0.));
#2374=AXIS2_PLACEMENT_3D('',#2371,#2372,#2373);
#2375=CIRCLE('',#2374,0.9);
#2376=EDGE_CURVE('',#2364,#2340,#2375,.T.);
#2377=ORIENTED_EDGE('',*,*,#2376,.T.);
#2378=ORIENTED_EDGE('',*,*,#2345,.T.);
#2379=ORIENTED_EDGE('',*,*,#1271,.T.);
#2380=EDGE_LOOP('',(#2370,#2377,#2378,#2379));
#2381=FACE_BOUND('',#2380,.T.);
#2382=ADVANCED_FACE('',(#2381),#2362,.T.);
#2383=CARTESIAN_POINT('',(38.9269181,3.215432691,-1.7));
#2384=DIRECTION('',(-0.094907459,-0.995486099,0.));
#2385=DIRECTION('',(0.995486099,-0.094907459,0.));
#2386=AXIS2_PLACEMENT_3D('',#2383,#2384,#2385);
#2387=PLANE('',#2386);
#2388=CARTESIAN_POINT('',(43.079406782,2.819543539,-1.2));
#2389=VERTEX_POINT('',#2388);
#2390=CARTESIAN_POINT('',(43.079406782,2.819543539,-1.2));
#2391=DIRECTION('',(0.,0.,1.));
#2392=VECTOR('',#2391,0.2);
#2393=LINE('',#2390,#2392);
#2394=EDGE_CURVE('',#2389,#1248,#2393,.T.);
#2395=ORIENTED_EDGE('',*,*,#2394,.F.);
#2396=CARTESIAN_POINT('',(43.079406782,2.819543539,-1.2));
#2397=DIRECTION('',(-0.995486099,0.094907459,-0.));
#2398=VECTOR('',#2397,8.342635191);
#2399=LINE('',#2396,#2398);
#2400=EDGE_CURVE('',#2389,#2364,#2399,.T.);
#2401=ORIENTED_EDGE('',*,*,#2400,.T.);
#2402=ORIENTED_EDGE('',*,*,#2369,.T.);
#2403=ORIENTED_EDGE('',*,*,#1262,.T.);
#2404=EDGE_LOOP('',(#2395,#2401,#2402,#2403));
#2405=FACE_BOUND('',#2404,.T.);
#2406=ADVANCED_FACE('',(#2405),#2387,.F.);
#2407=CARTESIAN_POINT('',(42.885647978,1.94064791,-1.7));
#2408=DIRECTION('',(0.,0.,1.));
#2409=DIRECTION('',(1.,0.,-0.));
#2410=AXIS2_PLACEMENT_3D('',#2407,#2408,#2409);
#2411=CYLINDRICAL_SURFACE('',#2410,0.9);
#2412=CARTESIAN_POINT('',(43.785647978,1.94064791,-1.2));
#2413=VERTEX_POINT('',#2412);
#2414=CARTESIAN_POINT('',(43.785647978,1.94064791,-1.));
#2415=DIRECTION('',(-0.,-0.,-1.));
#2416=VECTOR('',#2415,0.2);
#2417=LINE('',#2414,#2416);
#2418=EDGE_CURVE('',#1239,#2413,#2417,.T.);
#2419=ORIENTED_EDGE('',*,*,#2418,.T.);
#2420=CARTESIAN_POINT('',(42.885647978,1.94064791,-1.2));
#2421=DIRECTION('',(-0.,-0.,1.));
#2422=DIRECTION('',(-1.,0.,0.));
#2423=AXIS2_PLACEMENT_3D('',#2420,#2421,#2422);
#2424=CIRCLE('',#2423,0.9);
#2425=EDGE_CURVE('',#2413,#2389,#2424,.T.);
#2426=ORIENTED_EDGE('',*,*,#2425,.T.);
#2427=ORIENTED_EDGE('',*,*,#2394,.T.);
#2428=ORIENTED_EDGE('',*,*,#1254,.T.);
#2429=EDGE_LOOP('',(#2419,#2426,#2427,#2428));
#2430=FACE_BOUND('',#2429,.T.);
#2431=ADVANCED_FACE('',(#2430),#2411,.T.);
#2432=CARTESIAN_POINT('',(0.,0.,-1.7));
#2433=DIRECTION('',(0.,0.,-1.));
#2434=DIRECTION('',(1.,0.,0.));
#2435=AXIS2_PLACEMENT_3D('',#2432,#2433,#2434);
#2436=PLANE('',#2435);
#2437=CARTESIAN_POINT('',(43.285622708,1.936151774,-1.7));
#2438=VERTEX_POINT('',#2437);
#2439=CARTESIAN_POINT('',(43.285622708,-1.936151774,-1.7));
#2440=VERTEX_POINT('',#2439);
#2441=CARTESIAN_POINT('',(43.285622708,1.936151774,-1.7));
#2442=DIRECTION('',(-0.,-1.,-0.));
#2443=VECTOR('',#2442,3.872303548);
#2444=LINE('',#2441,#2443);
#2445=EDGE_CURVE('',#2438,#2440,#2444,.T.);
#2446=ORIENTED_EDGE('',*,*,#2445,.T.);
#2447=CARTESIAN_POINT('',(42.99545822,-2.325279826,-1.7));
#2448=VERTEX_POINT('',#2447);
#2449=CARTESIAN_POINT('',(42.885647978,-1.94064791,-1.7));
#2450=DIRECTION('',(0.,0.,-1.));
#2451=DIRECTION('',(-1.,0.,0.));
#2452=AXIS2_PLACEMENT_3D('',#2449,#2450,#2451);
#2453=CIRCLE('',#2452,0.4);
#2454=EDGE_CURVE('',#2440,#2448,#2453,.T.);
#2455=ORIENTED_EDGE('',*,*,#2454,.T.);
#2456=CARTESIAN_POINT('',(34.726975688,-3.113578794,-1.7));
#2457=VERTEX_POINT('',#2456);
#2458=CARTESIAN_POINT('',(42.99545822,-2.325279826,-1.7));
#2459=DIRECTION('',(-0.995486099,-0.094907459,-0.));
#2460=VECTOR('',#2459,8.305974876);
#2461=LINE('',#2458,#2460);
#2462=EDGE_CURVE('',#2448,#2457,#2461,.T.);
#2463=ORIENTED_EDGE('',*,*,#2462,.T.);
#2464=CARTESIAN_POINT('',(34.289014569,-2.714570114,-1.7));
#2465=VERTEX_POINT('',#2464);
#2466=CARTESIAN_POINT('',(34.689012704,-2.715384355,-1.7));
#2467=DIRECTION('',(0.,0.,-1.));
#2468=DIRECTION('',(-1.,0.,0.));
#2469=AXIS2_PLACEMENT_3D('',#2466,#2467,#2468);
#2470=CIRCLE('',#2469,0.4);
#2471=EDGE_CURVE('',#2457,#2465,#2470,.T.);
#2472=ORIENTED_EDGE('',*,*,#2471,.T.);
#2473=CARTESIAN_POINT('',(34.2890169,2.713552323,-1.7));
#2474=VERTEX_POINT('',#2473);
#2475=CARTESIAN_POINT('',(34.289014569,-2.714570114,-1.7));
#2476=DIRECTION('',(-0.,1.,-0.));
#2477=VECTOR('',#2476,5.428122436);
#2478=LINE('',#2475,#2477);
#2479=EDGE_CURVE('',#2465,#2474,#2478,.T.);
#2480=ORIENTED_EDGE('',*,*,#2479,.T.);
#2481=CARTESIAN_POINT('',(34.726975688,3.113578794,-1.7));
#2482=VERTEX_POINT('',#2481);
#2483=CARTESIAN_POINT('',(34.689012704,2.715384355,-1.7));
#2484=DIRECTION('',(0.,0.,-1.));
#2485=DIRECTION('',(-1.,0.,0.));
#2486=AXIS2_PLACEMENT_3D('',#2483,#2484,#2485);
#2487=CIRCLE('',#2486,0.4);
#2488=EDGE_CURVE('',#2474,#2482,#2487,.T.);
#2489=ORIENTED_EDGE('',*,*,#2488,.T.);
#2490=CARTESIAN_POINT('',(42.99545822,2.325279826,-1.7));
#2491=VERTEX_POINT('',#2490);
#2492=CARTESIAN_POINT('',(34.726975688,3.113578794,-1.7));
#2493=DIRECTION('',(0.995486099,-0.094907459,0.));
#2494=VECTOR('',#2493,8.305974876);
#2495=LINE('',#2492,#2494);
#2496=EDGE_CURVE('',#2482,#2491,#2495,.T.);
#2497=ORIENTED_EDGE('',*,*,#2496,.T.);
#2498=CARTESIAN_POINT('',(42.885647978,1.94064791,-1.7));
#2499=DIRECTION('',(0.,0.,-1.));
#2500=DIRECTION('',(-1.,0.,0.));
#2501=AXIS2_PLACEMENT_3D('',#2498,#2499,#2500);
#2502=CIRCLE('',#2501,0.4);
#2503=EDGE_CURVE('',#2491,#2438,#2502,.T.);
#2504=ORIENTED_EDGE('',*,*,#2503,.T.);
#2505=EDGE_LOOP('',(#2446,#2455,#2463,#2472,#2480,#2489,#2497,#2504));
#2506=FACE_BOUND('',#2505,.T.);
#2507=ADVANCED_FACE('',(#2506),#2436,.T.);
#2508=CARTESIAN_POINT('',(31.893711817,1.533826159,-1.7));
#2509=DIRECTION('',(1.,0.,0.));
#2510=DIRECTION('',(0.,0.,-1.));
#2511=AXIS2_PLACEMENT_3D('',#2508,#2509,#2510);
#2512=PLANE('',#2511);
#2513=CARTESIAN_POINT('',(31.893711817,-3.067652318,-1.2));
#2514=VERTEX_POINT('',#2513);
#2515=CARTESIAN_POINT('',(31.893711817,-3.067652318,-1.2));
#2516=DIRECTION('',(0.,0.,1.));
#2517=VECTOR('',#2516,0.2);
#2518=LINE('',#2515,#2517);
#2519=EDGE_CURVE('',#2514,#1310,#2518,.T.);
#2520=ORIENTED_EDGE('',*,*,#2519,.F.);
#2521=CARTESIAN_POINT('',(31.893711817,3.067652318,-1.2));
#2522=VERTEX_POINT('',#2521);
#2523=CARTESIAN_POINT('',(31.893711817,-3.067652318,-1.2));
#2524=DIRECTION('',(0.,1.,0.));
#2525=VECTOR('',#2524,6.135304636);
#2526=LINE('',#2523,#2525);
#2527=EDGE_CURVE('',#2514,#2522,#2526,.T.);
#2528=ORIENTED_EDGE('',*,*,#2527,.T.);
#2529=CARTESIAN_POINT('',(31.893711817,3.067652318,-1.2));
#2530=DIRECTION('',(0.,0.,1.));
#2531=VECTOR('',#2530,0.2);
#2532=LINE('',#2529,#2531);
#2533=EDGE_CURVE('',#2522,#1319,#2532,.T.);
#2534=ORIENTED_EDGE('',*,*,#2533,.T.);
#2535=ORIENTED_EDGE('',*,*,#1324,.F.);
#2536=EDGE_LOOP('',(#2520,#2528,#2534,#2535));
#2537=FACE_BOUND('',#2536,.T.);
#2538=ADVANCED_FACE('',(#2537),#2512,.T.);
#2539=CARTESIAN_POINT('',(30.993737087,-3.074396582,-1.7));
#2540=DIRECTION('',(0.,0.,1.));
#2541=DIRECTION('',(1.,0.,-0.));
#2542=AXIS2_PLACEMENT_3D('',#2539,#2540,#2541);
#2543=CYLINDRICAL_SURFACE('',#2542,0.9);
#2544=CARTESIAN_POINT('',(31.893737087,-3.074396582,-1.2));
#2545=VERTEX_POINT('',#2544);
#2546=CARTESIAN_POINT('',(31.893737087,-3.074396582,-1.));
#2547=DIRECTION('',(-0.,-0.,-1.));
#2548=VECTOR('',#2547,0.2);
#2549=LINE('',#2546,#2548);
#2550=EDGE_CURVE('',#1299,#2545,#2549,.T.);
#2551=ORIENTED_EDGE('',*,*,#2550,.T.);
#2552=CARTESIAN_POINT('',(30.993737087,-3.074396582,-1.2));
#2553=DIRECTION('',(-0.,-0.,1.));
#2554=DIRECTION('',(-1.,0.,0.));
#2555=AXIS2_PLACEMENT_3D('',#2552,#2553,#2554);
#2556=CIRCLE('',#2555,0.9);
#2557=EDGE_CURVE('',#2545,#2514,#2556,.T.);
#2558=ORIENTED_EDGE('',*,*,#2557,.T.);
#2559=ORIENTED_EDGE('',*,*,#2519,.T.);
#2560=ORIENTED_EDGE('',*,*,#1316,.T.);
#2561=EDGE_LOOP('',(#2551,#2558,#2559,#2560));
#2562=FACE_BOUND('',#2561,.T.);
#2563=ADVANCED_FACE('',(#2562),#2543,.T.);
#2564=CARTESIAN_POINT('',(27.035007209,-4.349181363,-1.7));
#2565=DIRECTION('',(0.094907459,-0.995486099,0.));
#2566=DIRECTION('',(0.995486099,0.094907459,0.));
#2567=AXIS2_PLACEMENT_3D('',#2564,#2565,#2566);
#2568=PLANE('',#2567);
#2569=CARTESIAN_POINT('',(22.882518526,-4.745070516,-1.2));
#2570=VERTEX_POINT('',#2569);
#2571=CARTESIAN_POINT('',(22.882518526,-4.745070516,-1.2));
#2572=DIRECTION('',(0.,0.,1.));
#2573=VECTOR('',#2572,0.2);
#2574=LINE('',#2571,#2573);
#2575=EDGE_CURVE('',#2570,#1370,#2574,.T.);
#2576=ORIENTED_EDGE('',*,*,#2575,.F.);
#2577=CARTESIAN_POINT('',(31.187495891,-3.95329221,-1.2));
#2578=VERTEX_POINT('',#2577);
#2579=CARTESIAN_POINT('',(22.882518526,-4.745070516,-1.2));
#2580=DIRECTION('',(0.995486099,0.094907459,0.));
#2581=VECTOR('',#2580,8.342635191);
#2582=LINE('',#2579,#2581);
#2583=EDGE_CURVE('',#2570,#2578,#2582,.T.);
#2584=ORIENTED_EDGE('',*,*,#2583,.T.);
#2585=CARTESIAN_POINT('',(31.187495891,-3.95329221,-1.2));
#2586=DIRECTION('',(0.,0.,1.));
#2587=VECTOR('',#2586,0.2);
#2588=LINE('',#2585,#2587);
#2589=EDGE_CURVE('',#2578,#1301,#2588,.T.);
#2590=ORIENTED_EDGE('',*,*,#2589,.T.);
#2591=ORIENTED_EDGE('',*,*,#1382,.F.);
#2592=EDGE_LOOP('',(#2576,#2584,#2590,#2591));
#2593=FACE_BOUND('',#2592,.T.);
#2594=ADVANCED_FACE('',(#2593),#2568,.T.);
#2595=CARTESIAN_POINT('',(22.797101813,-3.849133026,-1.7));
#2596=DIRECTION('',(0.,0.,1.));
#2597=DIRECTION('',(1.,0.,-0.));
#2598=AXIS2_PLACEMENT_3D('',#2595,#2596,#2597);
#2599=CYLINDRICAL_SURFACE('',#2598,0.9);
#2600=CARTESIAN_POINT('',(21.897103678,-3.847300984,-1.2));
#2601=VERTEX_POINT('',#2600);
#2602=CARTESIAN_POINT('',(21.897103678,-3.847300984,-1.2));
#2603=DIRECTION('',(0.,0.,1.));
#2604=VECTOR('',#2603,0.2);
#2605=LINE('',#2602,#2604);
#2606=EDGE_CURVE('',#2601,#1362,#2605,.T.);
#2607=ORIENTED_EDGE('',*,*,#2606,.F.);
#2608=CARTESIAN_POINT('',(22.797101813,-3.849133026,-1.2));
#2609=DIRECTION('',(-0.,-0.,1.));
#2610=DIRECTION('',(-1.,0.,0.));
#2611=AXIS2_PLACEMENT_3D('',#2608,#2609,#2610);
#2612=CIRCLE('',#2611,0.9);
#2613=EDGE_CURVE('',#2601,#2570,#2612,.T.);
#2614=ORIENTED_EDGE('',*,*,#2613,.T.);
#2615=ORIENTED_EDGE('',*,*,#2575,.T.);
#2616=ORIENTED_EDGE('',*,*,#1376,.T.);
#2617=EDGE_LOOP('',(#2607,#2614,#2615,#2616));
#2618=FACE_BOUND('',#2617,.T.);
#2619=ADVANCED_FACE('',(#2618),#2599,.T.);
#2620=CARTESIAN_POINT('',(21.897103678,-1.923650492,-1.7));
#2621=DIRECTION('',(-1.,0.,0.));
#2622=DIRECTION('',(0.,0.,1.));
#2623=AXIS2_PLACEMENT_3D('',#2620,#2621,#2622);
#2624=PLANE('',#2623);
#2625=CARTESIAN_POINT('',(21.897103678,3.847300984,-1.2));
#2626=VERTEX_POINT('',#2625);
#2627=CARTESIAN_POINT('',(21.897103678,3.847300984,-1.2));
#2628=DIRECTION('',(0.,0.,1.));
#2629=VECTOR('',#2628,0.2);
#2630=LINE('',#2627,#2629);
#2631=EDGE_CURVE('',#2626,#1353,#2630,.T.);
#2632=ORIENTED_EDGE('',*,*,#2631,.F.);
#2633=CARTESIAN_POINT('',(21.897103678,3.847300984,-1.2));
#2634=DIRECTION('',(0.,-1.,0.));
#2635=VECTOR('',#2634,7.694601967);
#2636=LINE('',#2633,#2635);
#2637=EDGE_CURVE('',#2626,#2601,#2636,.T.);
#2638=ORIENTED_EDGE('',*,*,#2637,.T.);
#2639=ORIENTED_EDGE('',*,*,#2606,.T.);
#2640=ORIENTED_EDGE('',*,*,#1367,.F.);
#2641=EDGE_LOOP('',(#2632,#2638,#2639,#2640));
#2642=FACE_BOUND('',#2641,.T.);
#2643=ADVANCED_FACE('',(#2642),#2624,.T.);
#2644=CARTESIAN_POINT('',(22.797101813,3.849133026,-1.7));
#2645=DIRECTION('',(0.,0.,1.));
#2646=DIRECTION('',(1.,0.,-0.));
#2647=AXIS2_PLACEMENT_3D('',#2644,#2645,#2646);
#2648=CYLINDRICAL_SURFACE('',#2647,0.9);
#2649=CARTESIAN_POINT('',(22.882518526,4.745070516,-1.2));
#2650=VERTEX_POINT('',#2649);
#2651=CARTESIAN_POINT('',(22.882518526,4.745070516,-1.2));
#2652=DIRECTION('',(0.,0.,1.));
#2653=VECTOR('',#2652,0.2);
#2654=LINE('',#2651,#2653);
#2655=EDGE_CURVE('',#2650,#1345,#2654,.T.);
#2656=ORIENTED_EDGE('',*,*,#2655,.F.);
#2657=CARTESIAN_POINT('',(22.797101813,3.849133026,-1.2));
#2658=DIRECTION('',(-0.,-0.,1.));
#2659=DIRECTION('',(-1.,0.,0.));
#2660=AXIS2_PLACEMENT_3D('',#2657,#2658,#2659);
#2661=CIRCLE('',#2660,0.9);
#2662=EDGE_CURVE('',#2650,#2626,#2661,.T.);
#2663=ORIENTED_EDGE('',*,*,#2662,.T.);
#2664=ORIENTED_EDGE('',*,*,#2631,.T.);
#2665=ORIENTED_EDGE('',*,*,#1359,.T.);
#2666=EDGE_LOOP('',(#2656,#2663,#2664,#2665));
#2667=FACE_BOUND('',#2666,.T.);
#2668=ADVANCED_FACE('',(#2667),#2648,.T.);
#2669=CARTESIAN_POINT('',(27.035007209,4.349181363,-1.7));
#2670=DIRECTION('',(-0.094907459,-0.995486099,0.));
#2671=DIRECTION('',(0.995486099,-0.094907459,0.));
#2672=AXIS2_PLACEMENT_3D('',#2669,#2670,#2671);
#2673=PLANE('',#2672);
#2674=CARTESIAN_POINT('',(31.187495891,3.95329221,-1.2));
#2675=VERTEX_POINT('',#2674);
#2676=CARTESIAN_POINT('',(31.187495891,3.95329221,-1.2));
#2677=DIRECTION('',(0.,0.,1.));
#2678=VECTOR('',#2677,0.2);
#2679=LINE('',#2676,#2678);
#2680=EDGE_CURVE('',#2675,#1336,#2679,.T.);
#2681=ORIENTED_EDGE('',*,*,#2680,.F.);
#2682=CARTESIAN_POINT('',(31.187495891,3.95329221,-1.2));
#2683=DIRECTION('',(-0.995486099,0.094907459,-0.));
#2684=VECTOR('',#2683,8.342635191);
#2685=LINE('',#2682,#2684);
#2686=EDGE_CURVE('',#2675,#2650,#2685,.T.);
#2687=ORIENTED_EDGE('',*,*,#2686,.T.);
#2688=ORIENTED_EDGE('',*,*,#2655,.T.);
#2689=ORIENTED_EDGE('',*,*,#1350,.T.);
#2690=EDGE_LOOP('',(#2681,#2687,#2688,#2689));
#2691=FACE_BOUND('',#2690,.T.);
#2692=ADVANCED_FACE('',(#2691),#2673,.F.);
#2693=CARTESIAN_POINT('',(30.993737087,3.074396582,-1.7));
#2694=DIRECTION('',(0.,0.,1.));
#2695=DIRECTION('',(1.,0.,-0.));
#2696=AXIS2_PLACEMENT_3D('',#2693,#2694,#2695);
#2697=CYLINDRICAL_SURFACE('',#2696,0.9);
#2698=CARTESIAN_POINT('',(31.893737087,3.074396582,-1.2));
#2699=VERTEX_POINT('',#2698);
#2700=CARTESIAN_POINT('',(31.893737087,3.074396582,-1.));
#2701=DIRECTION('',(-0.,-0.,-1.));
#2702=VECTOR('',#2701,0.2);
#2703=LINE('',#2700,#2702);
#2704=EDGE_CURVE('',#1327,#2699,#2703,.T.);
#2705=ORIENTED_EDGE('',*,*,#2704,.T.);
#2706=CARTESIAN_POINT('',(30.993737087,3.074396582,-1.2));
#2707=DIRECTION('',(-0.,-0.,1.));
#2708=DIRECTION('',(-1.,0.,0.));
#2709=AXIS2_PLACEMENT_3D('',#2706,#2707,#2708);
#2710=CIRCLE('',#2709,0.9);
#2711=EDGE_CURVE('',#2699,#2675,#2710,.T.);
#2712=ORIENTED_EDGE('',*,*,#2711,.T.);
#2713=ORIENTED_EDGE('',*,*,#2680,.T.);
#2714=ORIENTED_EDGE('',*,*,#1342,.T.);
#2715=EDGE_LOOP('',(#2705,#2712,#2713,#2714));
#2716=FACE_BOUND('',#2715,.T.);
#2717=ADVANCED_FACE('',(#2716),#2697,.T.);
#2718=CARTESIAN_POINT('',(0.,0.,-1.7));
#2719=DIRECTION('',(0.,0.,-1.));
#2720=DIRECTION('',(1.,0.,0.));
#2721=AXIS2_PLACEMENT_3D('',#2718,#2719,#2720);
#2722=PLANE('',#2721);
#2723=CARTESIAN_POINT('',(31.393711817,3.069900446,-1.7));
#2724=VERTEX_POINT('',#2723);
#2725=CARTESIAN_POINT('',(31.393711817,-3.069900446,-1.7));
#2726=VERTEX_POINT('',#2725);
#2727=CARTESIAN_POINT('',(31.393711817,3.069900446,-1.7));
#2728=DIRECTION('',(-0.,-1.,-0.));
#2729=VECTOR('',#2728,6.139800891);
#2730=LINE('',#2727,#2729);
#2731=EDGE_CURVE('',#2724,#2726,#2730,.T.);
#2732=ORIENTED_EDGE('',*,*,#2731,.T.);
#2733=CARTESIAN_POINT('',(31.103547329,-3.459028498,-1.7));
#2734=VERTEX_POINT('',#2733);
#2735=CARTESIAN_POINT('',(30.993737087,-3.074396582,-1.7));
#2736=DIRECTION('',(0.,0.,-1.));
#2737=DIRECTION('',(-1.,0.,0.));
#2738=AXIS2_PLACEMENT_3D('',#2735,#2736,#2737);
#2739=CIRCLE('',#2738,0.4);
#2740=EDGE_CURVE('',#2726,#2734,#2739,.T.);
#2741=ORIENTED_EDGE('',*,*,#2740,.T.);
#2742=CARTESIAN_POINT('',(22.835064796,-4.247327466,-1.7));
#2743=VERTEX_POINT('',#2742);
#2744=CARTESIAN_POINT('',(31.103547329,-3.459028498,-1.7));
#2745=DIRECTION('',(-0.995486099,-0.094907459,-0.));
#2746=VECTOR('',#2745,8.305974876);
#2747=LINE('',#2744,#2746);
#2748=EDGE_CURVE('',#2734,#2743,#2747,.T.);
#2749=ORIENTED_EDGE('',*,*,#2748,.T.);
#2750=CARTESIAN_POINT('',(22.397103678,-3.848318785,-1.7));
#2751=VERTEX_POINT('',#2750);
#2752=CARTESIAN_POINT('',(22.797101813,-3.849133026,-1.7));
#2753=DIRECTION('',(0.,0.,-1.));
#2754=DIRECTION('',(-1.,0.,0.));
#2755=AXIS2_PLACEMENT_3D('',#2752,#2753,#2754);
#2756=CIRCLE('',#2755,0.4);
#2757=EDGE_CURVE('',#2743,#2751,#2756,.T.);
#2758=ORIENTED_EDGE('',*,*,#2757,.T.);
#2759=CARTESIAN_POINT('',(22.397106008,3.847300994,-1.7));
#2760=VERTEX_POINT('',#2759);
#2761=CARTESIAN_POINT('',(22.397103678,-3.848318785,-1.7));
#2762=DIRECTION('',(-0.,1.,-0.));
#2763=VECTOR('',#2762,7.695619779);
#2764=LINE('',#2761,#2763);
#2765=EDGE_CURVE('',#2751,#2760,#2764,.T.);
#2766=ORIENTED_EDGE('',*,*,#2765,.T.);
#2767=CARTESIAN_POINT('',(22.835064796,4.247327466,-1.7));
#2768=VERTEX_POINT('',#2767);
#2769=CARTESIAN_POINT('',(22.797101813,3.849133026,-1.7));
#2770=DIRECTION('',(0.,0.,-1.));
#2771=DIRECTION('',(-1.,0.,0.));
#2772=AXIS2_PLACEMENT_3D('',#2769,#2770,#2771);
#2773=CIRCLE('',#2772,0.4);
#2774=EDGE_CURVE('',#2760,#2768,#2773,.T.);
#2775=ORIENTED_EDGE('',*,*,#2774,.T.);
#2776=CARTESIAN_POINT('',(31.103547329,3.459028498,-1.7));
#2777=VERTEX_POINT('',#2776);
#2778=CARTESIAN_POINT('',(22.835064796,4.247327466,-1.7));
#2779=DIRECTION('',(0.995486099,-0.094907459,0.));
#2780=VECTOR('',#2779,8.305974876);
#2781=LINE('',#2778,#2780);
#2782=EDGE_CURVE('',#2768,#2777,#2781,.T.);
#2783=ORIENTED_EDGE('',*,*,#2782,.T.);
#2784=CARTESIAN_POINT('',(30.993737087,3.074396582,-1.7));
#2785=DIRECTION('',(0.,0.,-1.));
#2786=DIRECTION('',(-1.,0.,0.));
#2787=AXIS2_PLACEMENT_3D('',#2784,#2785,#2786);
#2788=CIRCLE('',#2787,0.4);
#2789=EDGE_CURVE('',#2777,#2724,#2788,.T.);
#2790=ORIENTED_EDGE('',*,*,#2789,.T.);
#2791=EDGE_LOOP('',(#2732,#2741,#2749,#2758,#2766,#2775,#2783,#2790));
#2792=FACE_BOUND('',#2791,.T.);
#2793=ADVANCED_FACE('',(#2792),#2722,.T.);
#2794=CARTESIAN_POINT('',(20.001800925,2.100700495,-1.7));
#2795=DIRECTION('',(1.,0.,0.));
#2796=DIRECTION('',(0.,0.,-1.));
#2797=AXIS2_PLACEMENT_3D('',#2794,#2795,#2796);
#2798=PLANE('',#2797);
#2799=CARTESIAN_POINT('',(20.001800925,-4.20140099,-1.2));
#2800=VERTEX_POINT('',#2799);
#2801=CARTESIAN_POINT('',(20.001800925,-4.20140099,-1.2));
#2802=DIRECTION('',(0.,0.,1.));
#2803=VECTOR('',#2802,0.2);
#2804=LINE('',#2801,#2803);
#2805=EDGE_CURVE('',#2800,#1398,#2804,.T.);
#2806=ORIENTED_EDGE('',*,*,#2805,.F.);
#2807=CARTESIAN_POINT('',(20.001800925,4.20140099,-1.2));
#2808=VERTEX_POINT('',#2807);
#2809=CARTESIAN_POINT('',(20.001800925,-4.20140099,-1.2));
#2810=DIRECTION('',(0.,1.,0.));
#2811=VECTOR('',#2810,8.402801979);
#2812=LINE('',#2809,#2811);
#2813=EDGE_CURVE('',#2800,#2808,#2812,.T.);
#2814=ORIENTED_EDGE('',*,*,#2813,.T.);
#2815=CARTESIAN_POINT('',(20.001800925,4.20140099,-1.2));
#2816=DIRECTION('',(0.,0.,1.));
#2817=VECTOR('',#2816,0.2);
#2818=LINE('',#2815,#2817);
#2819=EDGE_CURVE('',#2808,#1407,#2818,.T.);
#2820=ORIENTED_EDGE('',*,*,#2819,.T.);
#2821=ORIENTED_EDGE('',*,*,#1412,.F.);
#2822=EDGE_LOOP('',(#2806,#2814,#2820,#2821));
#2823=FACE_BOUND('',#2822,.T.);
#2824=ADVANCED_FACE('',(#2823),#2798,.T.);
#2825=CARTESIAN_POINT('',(19.101826195,-4.208145253,-1.7));
#2826=DIRECTION('',(0.,0.,1.));
#2827=DIRECTION('',(1.,0.,-0.));
#2828=AXIS2_PLACEMENT_3D('',#2825,#2826,#2827);
#2829=CYLINDRICAL_SURFACE('',#2828,0.9);
#2830=CARTESIAN_POINT('',(20.001826195,-4.208145253,-1.2));
#2831=VERTEX_POINT('',#2830);
#2832=CARTESIAN_POINT('',(20.001826195,-4.208145253,-1.));
#2833=DIRECTION('',(-0.,-0.,-1.));
#2834=VECTOR('',#2833,0.2);
#2835=LINE('',#2832,#2834);
#2836=EDGE_CURVE('',#1387,#2831,#2835,.T.);
#2837=ORIENTED_EDGE('',*,*,#2836,.T.);
#2838=CARTESIAN_POINT('',(19.101826195,-4.208145253,-1.2));
#2839=DIRECTION('',(-0.,-0.,1.));
#2840=DIRECTION('',(-1.,0.,0.));
#2841=AXIS2_PLACEMENT_3D('',#2838,#2839,#2840);
#2842=CIRCLE('',#2841,0.9);
#2843=EDGE_CURVE('',#2831,#2800,#2842,.T.);
#2844=ORIENTED_EDGE('',*,*,#2843,.T.);
#2845=ORIENTED_EDGE('',*,*,#2805,.T.);
#2846=ORIENTED_EDGE('',*,*,#1404,.T.);
#2847=EDGE_LOOP('',(#2837,#2844,#2845,#2846));
#2848=FACE_BOUND('',#2847,.T.);
#2849=ADVANCED_FACE('',(#2848),#2829,.T.);
#2850=CARTESIAN_POINT('',(15.143096317,-5.482930034,-1.7));
#2851=DIRECTION('',(0.094907459,-0.995486099,0.));
#2852=DIRECTION('',(0.995486099,0.094907459,0.));
#2853=AXIS2_PLACEMENT_3D('',#2850,#2851,#2852);
#2854=PLANE('',#2853);
#2855=CARTESIAN_POINT('',(10.990607635,-5.878819187,-1.2));
#2856=VERTEX_POINT('',#2855);
#2857=CARTESIAN_POINT('',(10.990607635,-5.878819187,-1.2));
#2858=DIRECTION('',(0.,0.,1.));
#2859=VECTOR('',#2858,0.2);
#2860=LINE('',#2857,#2859);
#2861=EDGE_CURVE('',#2856,#1458,#2860,.T.);
#2862=ORIENTED_EDGE('',*,*,#2861,.F.);
#2863=CARTESIAN_POINT('',(19.295585,-5.087040882,-1.2));
#2864=VERTEX_POINT('',#2863);
#2865=CARTESIAN_POINT('',(10.990607635,-5.878819187,-1.2));
#2866=DIRECTION('',(0.995486099,0.094907459,0.));
#2867=VECTOR('',#2866,8.342635191);
#2868=LINE('',#2865,#2867);
#2869=EDGE_CURVE('',#2856,#2864,#2868,.T.);
#2870=ORIENTED_EDGE('',*,*,#2869,.T.);
#2871=CARTESIAN_POINT('',(19.295585,-5.087040882,-1.2));
#2872=DIRECTION('',(0.,0.,1.));
#2873=VECTOR('',#2872,0.2);
#2874=LINE('',#2871,#2873);
#2875=EDGE_CURVE('',#2864,#1389,#2874,.T.);
#2876=ORIENTED_EDGE('',*,*,#2875,.T.);
#2877=ORIENTED_EDGE('',*,*,#1470,.F.);
#2878=EDGE_LOOP('',(#2862,#2870,#2876,#2877));
#2879=FACE_BOUND('',#2878,.T.);
#2880=ADVANCED_FACE('',(#2879),#2854,.T.);
#2881=CARTESIAN_POINT('',(10.905190922,-4.982881698,-1.7));
#2882=DIRECTION('',(0.,0.,1.));
#2883=DIRECTION('',(1.,0.,-0.));
#2884=AXIS2_PLACEMENT_3D('',#2881,#2882,#2883);
#2885=CYLINDRICAL_SURFACE('',#2884,0.9);
#2886=CARTESIAN_POINT('',(10.005192786,-4.981049655,-1.2));
#2887=VERTEX_POINT('',#2886);
#2888=CARTESIAN_POINT('',(10.005192786,-4.981049655,-1.2));
#2889=DIRECTION('',(0.,0.,1.));
#2890=VECTOR('',#2889,0.2);
#2891=LINE('',#2888,#2890);
#2892=EDGE_CURVE('',#2887,#1450,#2891,.T.);
#2893=ORIENTED_EDGE('',*,*,#2892,.F.);
#2894=CARTESIAN_POINT('',(10.905190922,-4.982881698,-1.2));
#2895=DIRECTION('',(-0.,-0.,1.));
#2896=DIRECTION('',(-1.,0.,0.));
#2897=AXIS2_PLACEMENT_3D('',#2894,#2895,#2896);
#2898=CIRCLE('',#2897,0.9);
#2899=EDGE_CURVE('',#2887,#2856,#2898,.T.);
#2900=ORIENTED_EDGE('',*,*,#2899,.T.);
#2901=ORIENTED_EDGE('',*,*,#2861,.T.);
#2902=ORIENTED_EDGE('',*,*,#1464,.T.);
#2903=EDGE_LOOP('',(#2893,#2900,#2901,#2902));
#2904=FACE_BOUND('',#2903,.T.);
#2905=ADVANCED_FACE('',(#2904),#2885,.T.);
#2906=CARTESIAN_POINT('',(10.005192786,-2.490524828,-1.7));
#2907=DIRECTION('',(-1.,0.,0.));
#2908=DIRECTION('',(0.,0.,1.));
#2909=AXIS2_PLACEMENT_3D('',#2906,#2907,#2908);
#2910=PLANE('',#2909);
#2911=CARTESIAN_POINT('',(10.005192786,4.981049655,-1.2));
#2912=VERTEX_POINT('',#2911);
#2913=CARTESIAN_POINT('',(10.005192786,4.981049655,-1.2));
#2914=DIRECTION('',(0.,0.,1.));
#2915=VECTOR('',#2914,0.2);
#2916=LINE('',#2913,#2915);
#2917=EDGE_CURVE('',#2912,#1441,#2916,.T.);
#2918=ORIENTED_EDGE('',*,*,#2917,.F.);
#2919=CARTESIAN_POINT('',(10.005192786,4.981049655,-1.2));
#2920=DIRECTION('',(0.,-1.,0.));
#2921=VECTOR('',#2920,9.96209931);
#2922=LINE('',#2919,#2921);
#2923=EDGE_CURVE('',#2912,#2887,#2922,.T.);
#2924=ORIENTED_EDGE('',*,*,#2923,.T.);
#2925=ORIENTED_EDGE('',*,*,#2892,.T.);
#2926=ORIENTED_EDGE('',*,*,#1455,.F.);
#2927=EDGE_LOOP('',(#2918,#2924,#2925,#2926));
#2928=FACE_BOUND('',#2927,.T.);
#2929=ADVANCED_FACE('',(#2928),#2910,.T.);
#2930=CARTESIAN_POINT('',(10.905190922,4.982881698,-1.7));
#2931=DIRECTION('',(0.,0.,1.));
#2932=DIRECTION('',(1.,0.,-0.));
#2933=AXIS2_PLACEMENT_3D('',#2930,#2931,#2932);
#2934=CYLINDRICAL_SURFACE('',#2933,0.9);
#2935=CARTESIAN_POINT('',(10.990607635,5.878819187,-1.2));
#2936=VERTEX_POINT('',#2935);
#2937=CARTESIAN_POINT('',(10.990607635,5.878819187,-1.2));
#2938=DIRECTION('',(0.,0.,1.));
#2939=VECTOR('',#2938,0.2);
#2940=LINE('',#2937,#2939);
#2941=EDGE_CURVE('',#2936,#1433,#2940,.T.);
#2942=ORIENTED_EDGE('',*,*,#2941,.F.);
#2943=CARTESIAN_POINT('',(10.905190922,4.982881698,-1.2));
#2944=DIRECTION('',(-0.,-0.,1.));
#2945=DIRECTION('',(-1.,0.,0.));
#2946=AXIS2_PLACEMENT_3D('',#2943,#2944,#2945);
#2947=CIRCLE('',#2946,0.9);
#2948=EDGE_CURVE('',#2936,#2912,#2947,.T.);
#2949=ORIENTED_EDGE('',*,*,#2948,.T.);
#2950=ORIENTED_EDGE('',*,*,#2917,.T.);
#2951=ORIENTED_EDGE('',*,*,#1447,.T.);
#2952=EDGE_LOOP('',(#2942,#2949,#2950,#2951));
#2953=FACE_BOUND('',#2952,.T.);
#2954=ADVANCED_FACE('',(#2953),#2934,.T.);
#2955=CARTESIAN_POINT('',(15.143096317,5.482930034,-1.7));
#2956=DIRECTION('',(-0.094907459,-0.995486099,0.));
#2957=DIRECTION('',(0.995486099,-0.094907459,0.));
#2958=AXIS2_PLACEMENT_3D('',#2955,#2956,#2957);
#2959=PLANE('',#2958);
#2960=CARTESIAN_POINT('',(19.295585,5.087040882,-1.2));
#2961=VERTEX_POINT('',#2960);
#2962=CARTESIAN_POINT('',(19.295585,5.087040882,-1.2));
#2963=DIRECTION('',(0.,0.,1.));
#2964=VECTOR('',#2963,0.2);
#2965=LINE('',#2962,#2964);
#2966=EDGE_CURVE('',#2961,#1424,#2965,.T.);
#2967=ORIENTED_EDGE('',*,*,#2966,.F.);
#2968=CARTESIAN_POINT('',(19.295585,5.087040882,-1.2));
#2969=DIRECTION('',(-0.995486099,0.094907459,-0.));
#2970=VECTOR('',#2969,8.342635191);
#2971=LINE('',#2968,#2970);
#2972=EDGE_CURVE('',#2961,#2936,#2971,.T.);
#2973=ORIENTED_EDGE('',*,*,#2972,.T.);
#2974=ORIENTED_EDGE('',*,*,#2941,.T.);
#2975=ORIENTED_EDGE('',*,*,#1438,.T.);
#2976=EDGE_LOOP('',(#2967,#2973,#2974,#2975));
#2977=FACE_BOUND('',#2976,.T.);
#2978=ADVANCED_FACE('',(#2977),#2959,.F.);
#2979=CARTESIAN_POINT('',(19.101826195,4.208145253,-1.7));
#2980=DIRECTION('',(0.,0.,1.));
#2981=DIRECTION('',(1.,0.,-0.));
#2982=AXIS2_PLACEMENT_3D('',#2979,#2980,#2981);
#2983=CYLINDRICAL_SURFACE('',#2982,0.9);
#2984=CARTESIAN_POINT('',(20.001826195,4.208145253,-1.2));
#2985=VERTEX_POINT('',#2984);
#2986=CARTESIAN_POINT('',(20.001826195,4.208145253,-1.));
#2987=DIRECTION('',(-0.,-0.,-1.));
#2988=VECTOR('',#2987,0.2);
#2989=LINE('',#2986,#2988);
#2990=EDGE_CURVE('',#1415,#2985,#2989,.T.);
#2991=ORIENTED_EDGE('',*,*,#2990,.T.);
#2992=CARTESIAN_POINT('',(19.101826195,4.208145253,-1.2));
#2993=DIRECTION('',(-0.,-0.,1.));
#2994=DIRECTION('',(-1.,0.,0.));
#2995=AXIS2_PLACEMENT_3D('',#2992,#2993,#2994);
#2996=CIRCLE('',#2995,0.9);
#2997=EDGE_CURVE('',#2985,#2961,#2996,.T.);
#2998=ORIENTED_EDGE('',*,*,#2997,.T.);
#2999=ORIENTED_EDGE('',*,*,#2966,.T.);
#3000=ORIENTED_EDGE('',*,*,#1430,.T.);
#3001=EDGE_LOOP('',(#2991,#2998,#2999,#3000));
#3002=FACE_BOUND('',#3001,.T.);
#3003=ADVANCED_FACE('',(#3002),#2983,.T.);
#3004=CARTESIAN_POINT('',(0.,0.,-1.7));
#3005=DIRECTION('',(0.,0.,-1.));
#3006=DIRECTION('',(1.,0.,0.));
#3007=AXIS2_PLACEMENT_3D('',#3004,#3005,#3006);
#3008=PLANE('',#3007);
#3009=CARTESIAN_POINT('',(19.501800925,4.203649117,-1.7));
#3010=VERTEX_POINT('',#3009);
#3011=CARTESIAN_POINT('',(19.501800925,-4.203649117,-1.7));
#3012=VERTEX_POINT('',#3011);
#3013=CARTESIAN_POINT('',(19.501800925,4.203649117,-1.7));
#3014=DIRECTION('',(-0.,-1.,-0.));
#3015=VECTOR('',#3014,8.407298234);
#3016=LINE('',#3013,#3015);
#3017=EDGE_CURVE('',#3010,#3012,#3016,.T.);
#3018=ORIENTED_EDGE('',*,*,#3017,.T.);
#3019=CARTESIAN_POINT('',(19.211636437,-4.592777169,-1.7));
#3020=VERTEX_POINT('',#3019);
#3021=CARTESIAN_POINT('',(19.101826195,-4.208145253,-1.7));
#3022=DIRECTION('',(0.,0.,-1.));
#3023=DIRECTION('',(-1.,0.,0.));
#3024=AXIS2_PLACEMENT_3D('',#3021,#3022,#3023);
#3025=CIRCLE('',#3024,0.4);
#3026=EDGE_CURVE('',#3012,#3020,#3025,.T.);
#3027=ORIENTED_EDGE('',*,*,#3026,.T.);
#3028=CARTESIAN_POINT('',(10.943153905,-5.381076137,-1.7));
#3029=VERTEX_POINT('',#3028);
#3030=CARTESIAN_POINT('',(19.211636437,-4.592777169,-1.7));
#3031=DIRECTION('',(-0.995486099,-0.094907459,-0.));
#3032=VECTOR('',#3031,8.305974876);
#3033=LINE('',#3030,#3032);
#3034=EDGE_CURVE('',#3020,#3029,#3033,.T.);
#3035=ORIENTED_EDGE('',*,*,#3034,.T.);
#3036=CARTESIAN_POINT('',(10.505192786,-4.982067456,-1.7));
#3037=VERTEX_POINT('',#3036);
#3038=CARTESIAN_POINT('',(10.905190922,-4.982881698,-1.7));
#3039=DIRECTION('',(0.,0.,-1.));
#3040=DIRECTION('',(-1.,0.,0.));
#3041=AXIS2_PLACEMENT_3D('',#3038,#3039,#3040);
#3042=CIRCLE('',#3041,0.4);
#3043=EDGE_CURVE('',#3029,#3037,#3042,.T.);
#3044=ORIENTED_EDGE('',*,*,#3043,.T.);
#3045=CARTESIAN_POINT('',(10.505195117,4.981049666,-1.7));
#3046=VERTEX_POINT('',#3045);
#3047=CARTESIAN_POINT('',(10.505192786,-4.982067456,-1.7));
#3048=DIRECTION('',(-0.,1.,-0.));
#3049=VECTOR('',#3048,9.963117122);
#3050=LINE('',#3047,#3049);
#3051=EDGE_CURVE('',#3037,#3046,#3050,.T.);
#3052=ORIENTED_EDGE('',*,*,#3051,.T.);
#3053=CARTESIAN_POINT('',(10.943153905,5.381076137,-1.7));
#3054=VERTEX_POINT('',#3053);
#3055=CARTESIAN_POINT('',(10.905190922,4.982881698,-1.7));
#3056=DIRECTION('',(0.,0.,-1.));
#3057=DIRECTION('',(-1.,0.,0.));
#3058=AXIS2_PLACEMENT_3D('',#3055,#3056,#3057);
#3059=CIRCLE('',#3058,0.4);
#3060=EDGE_CURVE('',#3046,#3054,#3059,.T.);
#3061=ORIENTED_EDGE('',*,*,#3060,.T.);
#3062=CARTESIAN_POINT('',(19.211636437,4.592777169,-1.7));
#3063=VERTEX_POINT('',#3062);
#3064=CARTESIAN_POINT('',(10.943153905,5.381076137,-1.7));
#3065=DIRECTION('',(0.995486099,-0.094907459,0.));
#3066=VECTOR('',#3065,8.305974876);
#3067=LINE('',#3064,#3066);
#3068=EDGE_CURVE('',#3054,#3063,#3067,.T.);
#3069=ORIENTED_EDGE('',*,*,#3068,.T.);
#3070=CARTESIAN_POINT('',(19.101826195,4.208145253,-1.7));
#3071=DIRECTION('',(0.,0.,-1.));
#3072=DIRECTION('',(-1.,0.,0.));
#3073=AXIS2_PLACEMENT_3D('',#3070,#3071,#3072);
#3074=CIRCLE('',#3073,0.4);
#3075=EDGE_CURVE('',#3063,#3010,#3074,.T.);
#3076=ORIENTED_EDGE('',*,*,#3075,.T.);
#3077=EDGE_LOOP('',(#3018,#3027,#3035,#3044,#3052,#3061,#3069,#3076));
#3078=FACE_BOUND('',#3077,.T.);
#3079=ADVANCED_FACE('',(#3078),#3008,.T.);
#3080=CARTESIAN_POINT('',(-10.005192786,2.490524828,-1.7));
#3081=DIRECTION('',(1.,0.,0.));
#3082=DIRECTION('',(0.,0.,-1.));
#3083=AXIS2_PLACEMENT_3D('',#3080,#3081,#3082);
#3084=PLANE('',#3083);
#3085=CARTESIAN_POINT('',(-10.005192786,-4.981049655,-1.2));
#3086=VERTEX_POINT('',#3085);
#3087=CARTESIAN_POINT('',(-10.005192786,-4.981049655,-1.2));
#3088=DIRECTION('',(0.,0.,1.));
#3089=VECTOR('',#3088,0.2);
#3090=LINE('',#3087,#3089);
#3091=EDGE_CURVE('',#3086,#1475,#3090,.T.);
#3092=ORIENTED_EDGE('',*,*,#3091,.F.);
#3093=CARTESIAN_POINT('',(-10.005192786,4.981049655,-1.2));
#3094=VERTEX_POINT('',#3093);
#3095=CARTESIAN_POINT('',(-10.005192786,-4.981049655,-1.2));
#3096=DIRECTION('',(0.,1.,0.));
#3097=VECTOR('',#3096,9.96209931);
#3098=LINE('',#3095,#3097);
#3099=EDGE_CURVE('',#3086,#3094,#3098,.T.);
#3100=ORIENTED_EDGE('',*,*,#3099,.T.);
#3101=CARTESIAN_POINT('',(-10.005192786,4.981049655,-1.2));
#3102=DIRECTION('',(0.,0.,1.));
#3103=VECTOR('',#3102,0.2);
#3104=LINE('',#3101,#3103);
#3105=EDGE_CURVE('',#3094,#1486,#3104,.T.);
#3106=ORIENTED_EDGE('',*,*,#3105,.T.);
#3107=ORIENTED_EDGE('',*,*,#1491,.F.);
#3108=EDGE_LOOP('',(#3092,#3100,#3106,#3107));
#3109=FACE_BOUND('',#3108,.T.);
#3110=ADVANCED_FACE('',(#3109),#3084,.T.);
#3111=CARTESIAN_POINT('',(-10.905190922,-4.982881698,-1.7));
#3112=DIRECTION('',(0.,0.,1.));
#3113=DIRECTION('',(1.,0.,-0.));
#3114=AXIS2_PLACEMENT_3D('',#3111,#3112,#3113);
#3115=CYLINDRICAL_SURFACE('',#3114,0.9);
#3116=CARTESIAN_POINT('',(-10.990607635,-5.878819187,-1.2));
#3117=VERTEX_POINT('',#3116);
#3118=CARTESIAN_POINT('',(-10.990607635,-5.878819187,-1.2));
#3119=DIRECTION('',(0.,0.,1.));
#3120=VECTOR('',#3119,0.2);
#3121=LINE('',#3118,#3120);
#3122=EDGE_CURVE('',#3117,#1477,#3121,.T.);
#3123=ORIENTED_EDGE('',*,*,#3122,.F.);
#3124=CARTESIAN_POINT('',(-10.905190922,-4.982881698,-1.2));
#3125=DIRECTION('',(-0.,-0.,1.));
#3126=DIRECTION('',(-1.,0.,0.));
#3127=AXIS2_PLACEMENT_3D('',#3124,#3125,#3126);
#3128=CIRCLE('',#3127,0.9);
#3129=EDGE_CURVE('',#3117,#3086,#3128,.T.);
#3130=ORIENTED_EDGE('',*,*,#3129,.T.);
#3131=ORIENTED_EDGE('',*,*,#3091,.T.);
#3132=ORIENTED_EDGE('',*,*,#1483,.T.);
#3133=EDGE_LOOP('',(#3123,#3130,#3131,#3132));
#3134=FACE_BOUND('',#3133,.T.);
#3135=ADVANCED_FACE('',(#3134),#3115,.T.);
#3136=CARTESIAN_POINT('',(-15.143096317,-5.482930034,-1.7));
#3137=DIRECTION('',(0.094907459,0.995486099,0.));
#3138=DIRECTION('',(-0.995486099,0.094907459,0.));
#3139=AXIS2_PLACEMENT_3D('',#3136,#3137,#3138);
#3140=PLANE('',#3139);
#3141=CARTESIAN_POINT('',(-19.295585,-5.087040882,-1.2));
#3142=VERTEX_POINT('',#3141);
#3143=CARTESIAN_POINT('',(-19.295585,-5.087040882,-1.2));
#3144=DIRECTION('',(0.,0.,1.));
#3145=VECTOR('',#3144,0.2);
#3146=LINE('',#3143,#3145);
#3147=EDGE_CURVE('',#3142,#1528,#3146,.T.);
#3148=ORIENTED_EDGE('',*,*,#3147,.F.);
#3149=CARTESIAN_POINT('',(-19.295585,-5.087040882,-1.2));
#3150=DIRECTION('',(0.995486099,-0.094907459,-0.));
#3151=VECTOR('',#3150,8.342635191);
#3152=LINE('',#3149,#3151);
#3153=EDGE_CURVE('',#3142,#3117,#3152,.T.);
#3154=ORIENTED_EDGE('',*,*,#3153,.T.);
#3155=ORIENTED_EDGE('',*,*,#3122,.T.);
#3156=ORIENTED_EDGE('',*,*,#1540,.T.);
#3157=EDGE_LOOP('',(#3148,#3154,#3155,#3156));
#3158=FACE_BOUND('',#3157,.T.);
#3159=ADVANCED_FACE('',(#3158),#3140,.F.);
#3160=CARTESIAN_POINT('',(-19.101826195,-4.208145253,-1.7));
#3161=DIRECTION('',(0.,0.,1.));
#3162=DIRECTION('',(1.,0.,-0.));
#3163=AXIS2_PLACEMENT_3D('',#3160,#3161,#3162);
#3164=CYLINDRICAL_SURFACE('',#3163,0.9);
#3165=CARTESIAN_POINT('',(-20.001800925,-4.20140099,-1.2));
#3166=VERTEX_POINT('',#3165);
#3167=CARTESIAN_POINT('',(-20.001800925,-4.20140099,-1.2));
#3168=DIRECTION('',(0.,0.,1.));
#3169=VECTOR('',#3168,0.2);
#3170=LINE('',#3167,#3169);
#3171=EDGE_CURVE('',#3166,#1520,#3170,.T.);
#3172=ORIENTED_EDGE('',*,*,#3171,.F.);
#3173=CARTESIAN_POINT('',(-20.001826195,-4.208145253,-1.2));
#3174=VERTEX_POINT('',#3173);
#3175=CARTESIAN_POINT('',(-19.101826195,-4.208145253,-1.2));
#3176=DIRECTION('',(-0.,-0.,1.));
#3177=DIRECTION('',(-1.,0.,0.));
#3178=AXIS2_PLACEMENT_3D('',#3175,#3176,#3177);
#3179=CIRCLE('',#3178,0.9);
#3180=EDGE_CURVE('',#3166,#3174,#3179,.T.);
#3181=ORIENTED_EDGE('',*,*,#3180,.T.);
#3182=CARTESIAN_POINT('',(-19.101826195,-4.208145253,-1.2));
#3183=DIRECTION('',(-0.,-0.,1.));
#3184=DIRECTION('',(-1.,0.,0.));
#3185=AXIS2_PLACEMENT_3D('',#3182,#3183,#3184);
#3186=CIRCLE('',#3185,0.9);
#3187=EDGE_CURVE('',#3174,#3142,#3186,.T.);
#3188=ORIENTED_EDGE('',*,*,#3187,.T.);
#3189=ORIENTED_EDGE('',*,*,#3147,.T.);
#3190=ORIENTED_EDGE('',*,*,#1534,.T.);
#3191=EDGE_LOOP('',(#3172,#3181,#3188,#3189,#3190));
#3192=FACE_BOUND('',#3191,.T.);
#3193=ADVANCED_FACE('',(#3192),#3164,.T.);
#3194=CARTESIAN_POINT('',(-20.001800925,-2.100700495,-1.7));
#3195=DIRECTION('',(-1.,0.,0.));
#3196=DIRECTION('',(0.,0.,1.));
#3197=AXIS2_PLACEMENT_3D('',#3194,#3195,#3196);
#3198=PLANE('',#3197);
#3199=CARTESIAN_POINT('',(-20.001800925,4.20140099,-1.2));
#3200=VERTEX_POINT('',#3199);
#3201=CARTESIAN_POINT('',(-20.001800925,4.20140099,-1.2));
#3202=DIRECTION('',(0.,0.,1.));
#3203=VECTOR('',#3202,0.2);
#3204=LINE('',#3201,#3203);
#3205=EDGE_CURVE('',#3200,#1511,#3204,.T.);
#3206=ORIENTED_EDGE('',*,*,#3205,.F.);
#3207=CARTESIAN_POINT('',(-20.001800925,4.20140099,-1.2));
#3208=DIRECTION('',(0.,-1.,0.));
#3209=VECTOR('',#3208,8.402801979);
#3210=LINE('',#3207,#3209);
#3211=EDGE_CURVE('',#3200,#3166,#3210,.T.);
#3212=ORIENTED_EDGE('',*,*,#3211,.T.);
#3213=ORIENTED_EDGE('',*,*,#3171,.T.);
#3214=ORIENTED_EDGE('',*,*,#1525,.F.);
#3215=EDGE_LOOP('',(#3206,#3212,#3213,#3214));
#3216=FACE_BOUND('',#3215,.T.);
#3217=ADVANCED_FACE('',(#3216),#3198,.T.);
#3218=CARTESIAN_POINT('',(-19.101826195,4.208145253,-1.7));
#3219=DIRECTION('',(0.,0.,1.));
#3220=DIRECTION('',(1.,0.,-0.));
#3221=AXIS2_PLACEMENT_3D('',#3218,#3219,#3220);
#3222=CYLINDRICAL_SURFACE('',#3221,0.9);
#3223=CARTESIAN_POINT('',(-19.295585,5.087040882,-1.2));
#3224=VERTEX_POINT('',#3223);
#3225=CARTESIAN_POINT('',(-19.295585,5.087040882,-1.2));
#3226=DIRECTION('',(0.,0.,1.));
#3227=VECTOR('',#3226,0.2);
#3228=LINE('',#3225,#3227);
#3229=EDGE_CURVE('',#3224,#1503,#3228,.T.);
#3230=ORIENTED_EDGE('',*,*,#3229,.F.);
#3231=CARTESIAN_POINT('',(-20.001826195,4.208145253,-1.2));
#3232=VERTEX_POINT('',#3231);
#3233=CARTESIAN_POINT('',(-19.101826195,4.208145253,-1.2));
#3234=DIRECTION('',(-0.,-0.,1.));
#3235=DIRECTION('',(-1.,0.,0.));
#3236=AXIS2_PLACEMENT_3D('',#3233,#3234,#3235);
#3237=CIRCLE('',#3236,0.9);
#3238=EDGE_CURVE('',#3224,#3232,#3237,.T.);
#3239=ORIENTED_EDGE('',*,*,#3238,.T.);
#3240=CARTESIAN_POINT('',(-19.101826195,4.208145253,-1.2));
#3241=DIRECTION('',(-0.,-0.,1.));
#3242=DIRECTION('',(-1.,0.,0.));
#3243=AXIS2_PLACEMENT_3D('',#3240,#3241,#3242);
#3244=CIRCLE('',#3243,0.9);
#3245=EDGE_CURVE('',#3232,#3200,#3244,.T.);
#3246=ORIENTED_EDGE('',*,*,#3245,.T.);
#3247=ORIENTED_EDGE('',*,*,#3205,.T.);
#3248=ORIENTED_EDGE('',*,*,#1517,.T.);
#3249=EDGE_LOOP('',(#3230,#3239,#3246,#3247,#3248));
#3250=FACE_BOUND('',#3249,.T.);
#3251=ADVANCED_FACE('',(#3250),#3222,.T.);
#3252=CARTESIAN_POINT('',(-15.143096317,5.482930034,-1.7));
#3253=DIRECTION('',(-0.094907459,0.995486099,0.));
#3254=DIRECTION('',(-0.995486099,-0.094907459,0.));
#3255=AXIS2_PLACEMENT_3D('',#3252,#3253,#3254);
#3256=PLANE('',#3255);
#3257=CARTESIAN_POINT('',(-10.990607635,5.878819187,-1.2));
#3258=VERTEX_POINT('',#3257);
#3259=CARTESIAN_POINT('',(-10.990607635,5.878819187,-1.2));
#3260=DIRECTION('',(0.,0.,1.));
#3261=VECTOR('',#3260,0.2);
#3262=LINE('',#3259,#3261);
#3263=EDGE_CURVE('',#3258,#1494,#3262,.T.);
#3264=ORIENTED_EDGE('',*,*,#3263,.F.);
#3265=CARTESIAN_POINT('',(-10.990607635,5.878819187,-1.2));
#3266=DIRECTION('',(-0.995486099,-0.094907459,0.));
#3267=VECTOR('',#3266,8.342635191);
#3268=LINE('',#3265,#3267);
#3269=EDGE_CURVE('',#3258,#3224,#3268,.T.);
#3270=ORIENTED_EDGE('',*,*,#3269,.T.);
#3271=ORIENTED_EDGE('',*,*,#3229,.T.);
#3272=ORIENTED_EDGE('',*,*,#1508,.F.);
#3273=EDGE_LOOP('',(#3264,#3270,#3271,#3272));
#3274=FACE_BOUND('',#3273,.T.);
#3275=ADVANCED_FACE('',(#3274),#3256,.T.);
#3276=CARTESIAN_POINT('',(-10.905190922,4.982881698,-1.7));
#3277=DIRECTION('',(0.,0.,1.));
#3278=DIRECTION('',(1.,0.,-0.));
#3279=AXIS2_PLACEMENT_3D('',#3276,#3277,#3278);
#3280=CYLINDRICAL_SURFACE('',#3279,0.9);
#3281=ORIENTED_EDGE('',*,*,#3105,.F.);
#3282=CARTESIAN_POINT('',(-10.905190922,4.982881698,-1.2));
#3283=DIRECTION('',(-0.,-0.,1.));
#3284=DIRECTION('',(-1.,0.,0.));
#3285=AXIS2_PLACEMENT_3D('',#3282,#3283,#3284);
#3286=CIRCLE('',#3285,0.9);
#3287=EDGE_CURVE('',#3094,#3258,#3286,.T.);
#3288=ORIENTED_EDGE('',*,*,#3287,.T.);
#3289=ORIENTED_EDGE('',*,*,#3263,.T.);
#3290=ORIENTED_EDGE('',*,*,#1500,.T.);
#3291=EDGE_LOOP('',(#3281,#3288,#3289,#3290));
#3292=FACE_BOUND('',#3291,.T.);
#3293=ADVANCED_FACE('',(#3292),#3280,.T.);
#3294=CARTESIAN_POINT('',(0.,0.,-1.7));
#3295=DIRECTION('',(0.,0.,-1.));
#3296=DIRECTION('',(1.,0.,0.));
#3297=AXIS2_PLACEMENT_3D('',#3294,#3295,#3296);
#3298=PLANE('',#3297);
#3299=CARTESIAN_POINT('',(-10.505192786,4.982067456,-1.7));
#3300=VERTEX_POINT('',#3299);
#3301=CARTESIAN_POINT('',(-10.505192786,-4.982067456,-1.7));
#3302=VERTEX_POINT('',#3301);
#3303=CARTESIAN_POINT('',(-10.505192786,4.982067456,-1.7));
#3304=DIRECTION('',(-0.,-1.,-0.));
#3305=VECTOR('',#3304,9.964134913);
#3306=LINE('',#3303,#3305);
#3307=EDGE_CURVE('',#3300,#3302,#3306,.T.);
#3308=ORIENTED_EDGE('',*,*,#3307,.T.);
#3309=CARTESIAN_POINT('',(-10.943153905,-5.381076137,-1.7));
#3310=VERTEX_POINT('',#3309);
#3311=CARTESIAN_POINT('',(-10.905190922,-4.982881698,-1.7));
#3312=DIRECTION('',(0.,0.,-1.));
#3313=DIRECTION('',(-1.,0.,0.));
#3314=AXIS2_PLACEMENT_3D('',#3311,#3312,#3313);
#3315=CIRCLE('',#3314,0.4);
#3316=EDGE_CURVE('',#3302,#3310,#3315,.T.);
#3317=ORIENTED_EDGE('',*,*,#3316,.T.);
#3318=CARTESIAN_POINT('',(-19.211636437,-4.592777169,-1.7));
#3319=VERTEX_POINT('',#3318);
#3320=CARTESIAN_POINT('',(-10.943153905,-5.381076137,-1.7));
#3321=DIRECTION('',(-0.995486099,0.094907459,0.));
#3322=VECTOR('',#3321,8.305974876);
#3323=LINE('',#3320,#3322);
#3324=EDGE_CURVE('',#3310,#3319,#3323,.T.);
#3325=ORIENTED_EDGE('',*,*,#3324,.T.);
#3326=CARTESIAN_POINT('',(-19.501826195,-4.208145253,-1.7));
#3327=VERTEX_POINT('',#3326);
#3328=CARTESIAN_POINT('',(-19.101826195,-4.208145253,-1.7));
#3329=DIRECTION('',(0.,0.,-1.));
#3330=DIRECTION('',(-1.,0.,0.));
#3331=AXIS2_PLACEMENT_3D('',#3328,#3329,#3330);
#3332=CIRCLE('',#3331,0.4);
#3333=EDGE_CURVE('',#3319,#3327,#3332,.T.);
#3334=ORIENTED_EDGE('',*,*,#3333,.T.);
#3335=CARTESIAN_POINT('',(-19.501800925,-4.203649117,-1.7));
#3336=VERTEX_POINT('',#3335);
#3337=CARTESIAN_POINT('',(-19.101826195,-4.208145253,-1.7));
#3338=DIRECTION('',(0.,0.,-1.));
#3339=DIRECTION('',(-1.,0.,0.));
#3340=AXIS2_PLACEMENT_3D('',#3337,#3338,#3339);
#3341=CIRCLE('',#3340,0.4);
#3342=EDGE_CURVE('',#3327,#3336,#3341,.T.);
#3343=ORIENTED_EDGE('',*,*,#3342,.T.);
#3344=CARTESIAN_POINT('',(-19.501800925,4.203649117,-1.7));
#3345=VERTEX_POINT('',#3344);
#3346=CARTESIAN_POINT('',(-19.501800925,-4.203649117,-1.7));
#3347=DIRECTION('',(-0.,1.,-0.));
#3348=VECTOR('',#3347,8.407298234);
#3349=LINE('',#3346,#3348);
#3350=EDGE_CURVE('',#3336,#3345,#3349,.T.);
#3351=ORIENTED_EDGE('',*,*,#3350,.T.);
#3352=CARTESIAN_POINT('',(-19.501826195,4.208145253,-1.7));
#3353=VERTEX_POINT('',#3352);
#3354=CARTESIAN_POINT('',(-19.101826195,4.208145253,-1.7));
#3355=DIRECTION('',(0.,0.,-1.));
#3356=DIRECTION('',(-1.,0.,0.));
#3357=AXIS2_PLACEMENT_3D('',#3354,#3355,#3356);
#3358=CIRCLE('',#3357,0.4);
#3359=EDGE_CURVE('',#3345,#3353,#3358,.T.);
#3360=ORIENTED_EDGE('',*,*,#3359,.T.);
#3361=CARTESIAN_POINT('',(-19.211636437,4.592777169,-1.7));
#3362=VERTEX_POINT('',#3361);
#3363=CARTESIAN_POINT('',(-19.101826195,4.208145253,-1.7));
#3364=DIRECTION('',(0.,0.,-1.));
#3365=DIRECTION('',(-1.,0.,0.));
#3366=AXIS2_PLACEMENT_3D('',#3363,#3364,#3365);
#3367=CIRCLE('',#3366,0.4);
#3368=EDGE_CURVE('',#3353,#3362,#3367,.T.);
#3369=ORIENTED_EDGE('',*,*,#3368,.T.);
#3370=CARTESIAN_POINT('',(-10.943153905,5.381076137,-1.7));
#3371=VERTEX_POINT('',#3370);
#3372=CARTESIAN_POINT('',(-19.211636437,4.592777169,-1.7));
#3373=DIRECTION('',(0.995486099,0.094907459,-0.));
#3374=VECTOR('',#3373,8.305974876);
#3375=LINE('',#3372,#3374);
#3376=EDGE_CURVE('',#3362,#3371,#3375,.T.);
#3377=ORIENTED_EDGE('',*,*,#3376,.T.);
#3378=CARTESIAN_POINT('',(-10.905190922,4.982881698,-1.7));
#3379=DIRECTION('',(0.,0.,-1.));
#3380=DIRECTION('',(-1.,0.,0.));
#3381=AXIS2_PLACEMENT_3D('',#3378,#3379,#3380);
#3382=CIRCLE('',#3381,0.4);
#3383=EDGE_CURVE('',#3371,#3300,#3382,.T.);
#3384=ORIENTED_EDGE('',*,*,#3383,.T.);
#3385=EDGE_LOOP('',(#3308,#3317,#3325,#3334,#3343,#3351,#3360,#3369,#3377,#3384));
#3386=FACE_BOUND('',#3385,.T.);
#3387=ADVANCED_FACE('',(#3386),#3298,.T.);
#3388=CARTESIAN_POINT('',(-21.897103678,1.923650492,-1.7));
#3389=DIRECTION('',(1.,0.,0.));
#3390=DIRECTION('',(0.,0.,-1.));
#3391=AXIS2_PLACEMENT_3D('',#3388,#3389,#3390);
#3392=PLANE('',#3391);
#3393=CARTESIAN_POINT('',(-21.897103678,-3.847300984,-1.2));
#3394=VERTEX_POINT('',#3393);
#3395=CARTESIAN_POINT('',(-21.897103678,-3.847300984,-1.2));
#3396=DIRECTION('',(0.,0.,1.));
#3397=VECTOR('',#3396,0.2);
#3398=LINE('',#3395,#3397);
#3399=EDGE_CURVE('',#3394,#1545,#3398,.T.);
#3400=ORIENTED_EDGE('',*,*,#3399,.F.);
#3401=CARTESIAN_POINT('',(-21.897103678,3.847300984,-1.2));
#3402=VERTEX_POINT('',#3401);
#3403=CARTESIAN_POINT('',(-21.897103678,-3.847300984,-1.2));
#3404=DIRECTION('',(0.,1.,0.));
#3405=VECTOR('',#3404,7.694601967);
#3406=LINE('',#3403,#3405);
#3407=EDGE_CURVE('',#3394,#3402,#3406,.T.);
#3408=ORIENTED_EDGE('',*,*,#3407,.T.);
#3409=CARTESIAN_POINT('',(-21.897103678,3.847300984,-1.2));
#3410=DIRECTION('',(0.,0.,1.));
#3411=VECTOR('',#3410,0.2);
#3412=LINE('',#3409,#3411);
#3413=EDGE_CURVE('',#3402,#1556,#3412,.T.);
#3414=ORIENTED_EDGE('',*,*,#3413,.T.);
#3415=ORIENTED_EDGE('',*,*,#1561,.F.);
#3416=EDGE_LOOP('',(#3400,#3408,#3414,#3415));
#3417=FACE_BOUND('',#3416,.T.);
#3418=ADVANCED_FACE('',(#3417),#3392,.T.);
#3419=CARTESIAN_POINT('',(-22.797101813,-3.849133026,-1.7));
#3420=DIRECTION('',(0.,0.,1.));
#3421=DIRECTION('',(1.,0.,-0.));
#3422=AXIS2_PLACEMENT_3D('',#3419,#3420,#3421);
#3423=CYLINDRICAL_SURFACE('',#3422,0.9);
#3424=CARTESIAN_POINT('',(-22.882518526,-4.745070516,-1.2));
#3425=VERTEX_POINT('',#3424);
#3426=CARTESIAN_POINT('',(-22.882518526,-4.745070516,-1.2));
#3427=DIRECTION('',(0.,0.,1.));
#3428=VECTOR('',#3427,0.2);
#3429=LINE('',#3426,#3428);
#3430=EDGE_CURVE('',#3425,#1547,#3429,.T.);
#3431=ORIENTED_EDGE('',*,*,#3430,.F.);
#3432=CARTESIAN_POINT('',(-22.797101813,-3.849133026,-1.2));
#3433=DIRECTION('',(-0.,-0.,1.));
#3434=DIRECTION('',(-1.,0.,0.));
#3435=AXIS2_PLACEMENT_3D('',#3432,#3433,#3434);
#3436=CIRCLE('',#3435,0.9);
#3437=EDGE_CURVE('',#3425,#3394,#3436,.T.);
#3438=ORIENTED_EDGE('',*,*,#3437,.T.);
#3439=ORIENTED_EDGE('',*,*,#3399,.T.);
#3440=ORIENTED_EDGE('',*,*,#1553,.T.);
#3441=EDGE_LOOP('',(#3431,#3438,#3439,#3440));
#3442=FACE_BOUND('',#3441,.T.);
#3443=ADVANCED_FACE('',(#3442),#3423,.T.);
#3444=CARTESIAN_POINT('',(-27.035007209,-4.349181363,-1.7));
#3445=DIRECTION('',(0.094907459,0.995486099,0.));
#3446=DIRECTION('',(-0.995486099,0.094907459,0.));
#3447=AXIS2_PLACEMENT_3D('',#3444,#3445,#3446);
#3448=PLANE('',#3447);
#3449=CARTESIAN_POINT('',(-31.187495891,-3.95329221,-1.2));
#3450=VERTEX_POINT('',#3449);
#3451=CARTESIAN_POINT('',(-31.187495891,-3.95329221,-1.2));
#3452=DIRECTION('',(0.,0.,1.));
#3453=VECTOR('',#3452,0.2);
#3454=LINE('',#3451,#3453);
#3455=EDGE_CURVE('',#3450,#1598,#3454,.T.);
#3456=ORIENTED_EDGE('',*,*,#3455,.F.);
#3457=CARTESIAN_POINT('',(-31.187495891,-3.95329221,-1.2));
#3458=DIRECTION('',(0.995486099,-0.094907459,-0.));
#3459=VECTOR('',#3458,8.342635191);
#3460=LINE('',#3457,#3459);
#3461=EDGE_CURVE('',#3450,#3425,#3460,.T.);
#3462=ORIENTED_EDGE('',*,*,#3461,.T.);
#3463=ORIENTED_EDGE('',*,*,#3430,.T.);
#3464=ORIENTED_EDGE('',*,*,#1610,.T.);
#3465=EDGE_LOOP('',(#3456,#3462,#3463,#3464));
#3466=FACE_BOUND('',#3465,.T.);
#3467=ADVANCED_FACE('',(#3466),#3448,.F.);
#3468=CARTESIAN_POINT('',(-30.993737087,-3.074396582,-1.7));
#3469=DIRECTION('',(0.,0.,1.));
#3470=DIRECTION('',(1.,0.,-0.));
#3471=AXIS2_PLACEMENT_3D('',#3468,#3469,#3470);
#3472=CYLINDRICAL_SURFACE('',#3471,0.9);
#3473=CARTESIAN_POINT('',(-31.893711817,-3.067652318,-1.2));
#3474=VERTEX_POINT('',#3473);
#3475=CARTESIAN_POINT('',(-31.893711817,-3.067652318,-1.2));
#3476=DIRECTION('',(0.,0.,1.));
#3477=VECTOR('',#3476,0.2);
#3478=LINE('',#3475,#3477);
#3479=EDGE_CURVE('',#3474,#1590,#3478,.T.);
#3480=ORIENTED_EDGE('',*,*,#3479,.F.);
#3481=CARTESIAN_POINT('',(-31.893737087,-3.074396582,-1.2));
#3482=VERTEX_POINT('',#3481);
#3483=CARTESIAN_POINT('',(-30.993737087,-3.074396582,-1.2));
#3484=DIRECTION('',(-0.,-0.,1.));
#3485=DIRECTION('',(-1.,0.,0.));
#3486=AXIS2_PLACEMENT_3D('',#3483,#3484,#3485);
#3487=CIRCLE('',#3486,0.9);
#3488=EDGE_CURVE('',#3474,#3482,#3487,.T.);
#3489=ORIENTED_EDGE('',*,*,#3488,.T.);
#3490=CARTESIAN_POINT('',(-30.993737087,-3.074396582,-1.2));
#3491=DIRECTION('',(-0.,-0.,1.));
#3492=DIRECTION('',(-1.,0.,0.));
#3493=AXIS2_PLACEMENT_3D('',#3490,#3491,#3492);
#3494=CIRCLE('',#3493,0.9);
#3495=EDGE_CURVE('',#3482,#3450,#3494,.T.);
#3496=ORIENTED_EDGE('',*,*,#3495,.T.);
#3497=ORIENTED_EDGE('',*,*,#3455,.T.);
#3498=ORIENTED_EDGE('',*,*,#1604,.T.);
#3499=EDGE_LOOP('',(#3480,#3489,#3496,#3497,#3498));
#3500=FACE_BOUND('',#3499,.T.);
#3501=ADVANCED_FACE('',(#3500),#3472,.T.);
#3502=CARTESIAN_POINT('',(-31.893711817,-1.533826159,-1.7));
#3503=DIRECTION('',(-1.,0.,0.));
#3504=DIRECTION('',(0.,0.,1.));
#3505=AXIS2_PLACEMENT_3D('',#3502,#3503,#3504);
#3506=PLANE('',#3505);
#3507=CARTESIAN_POINT('',(-31.893711817,3.067652318,-1.2));
#3508=VERTEX_POINT('',#3507);
#3509=CARTESIAN_POINT('',(-31.893711817,3.067652318,-1.2));
#3510=DIRECTION('',(0.,0.,1.));
#3511=VECTOR('',#3510,0.2);
#3512=LINE('',#3509,#3511);
#3513=EDGE_CURVE('',#3508,#1581,#3512,.T.);
#3514=ORIENTED_EDGE('',*,*,#3513,.F.);
#3515=CARTESIAN_POINT('',(-31.893711817,3.067652318,-1.2));
#3516=DIRECTION('',(0.,-1.,0.));
#3517=VECTOR('',#3516,6.135304636);
#3518=LINE('',#3515,#3517);
#3519=EDGE_CURVE('',#3508,#3474,#3518,.T.);
#3520=ORIENTED_EDGE('',*,*,#3519,.T.);
#3521=ORIENTED_EDGE('',*,*,#3479,.T.);
#3522=ORIENTED_EDGE('',*,*,#1595,.F.);
#3523=EDGE_LOOP('',(#3514,#3520,#3521,#3522));
#3524=FACE_BOUND('',#3523,.T.);
#3525=ADVANCED_FACE('',(#3524),#3506,.T.);
#3526=CARTESIAN_POINT('',(-30.993737087,3.074396582,-1.7));
#3527=DIRECTION('',(0.,0.,1.));
#3528=DIRECTION('',(1.,0.,-0.));
#3529=AXIS2_PLACEMENT_3D('',#3526,#3527,#3528);
#3530=CYLINDRICAL_SURFACE('',#3529,0.9);
#3531=CARTESIAN_POINT('',(-31.187495891,3.95329221,-1.2));
#3532=VERTEX_POINT('',#3531);
#3533=CARTESIAN_POINT('',(-31.187495891,3.95329221,-1.2));
#3534=DIRECTION('',(0.,0.,1.));
#3535=VECTOR('',#3534,0.2);
#3536=LINE('',#3533,#3535);
#3537=EDGE_CURVE('',#3532,#1573,#3536,.T.);
#3538=ORIENTED_EDGE('',*,*,#3537,.F.);
#3539=CARTESIAN_POINT('',(-31.893737087,3.074396582,-1.2));
#3540=VERTEX_POINT('',#3539);
#3541=CARTESIAN_POINT('',(-30.993737087,3.074396582,-1.2));
#3542=DIRECTION('',(-0.,-0.,1.));
#3543=DIRECTION('',(-1.,0.,0.));
#3544=AXIS2_PLACEMENT_3D('',#3541,#3542,#3543);
#3545=CIRCLE('',#3544,0.9);
#3546=EDGE_CURVE('',#3532,#3540,#3545,.T.);
#3547=ORIENTED_EDGE('',*,*,#3546,.T.);
#3548=CARTESIAN_POINT('',(-30.993737087,3.074396582,-1.2));
#3549=DIRECTION('',(-0.,-0.,1.));
#3550=DIRECTION('',(-1.,0.,0.));
#3551=AXIS2_PLACEMENT_3D('',#3548,#3549,#3550);
#3552=CIRCLE('',#3551,0.9);
#3553=EDGE_CURVE('',#3540,#3508,#3552,.T.);
#3554=ORIENTED_EDGE('',*,*,#3553,.T.);
#3555=ORIENTED_EDGE('',*,*,#3513,.T.);
#3556=ORIENTED_EDGE('',*,*,#1587,.T.);
#3557=EDGE_LOOP('',(#3538,#3547,#3554,#3555,#3556));
#3558=FACE_BOUND('',#3557,.T.);
#3559=ADVANCED_FACE('',(#3558),#3530,.T.);
#3560=CARTESIAN_POINT('',(-27.035007209,4.349181363,-1.7));
#3561=DIRECTION('',(-0.094907459,0.995486099,0.));
#3562=DIRECTION('',(-0.995486099,-0.094907459,0.));
#3563=AXIS2_PLACEMENT_3D('',#3560,#3561,#3562);
#3564=PLANE('',#3563);
#3565=CARTESIAN_POINT('',(-22.882518526,4.745070516,-1.2));
#3566=VERTEX_POINT('',#3565);
#3567=CARTESIAN_POINT('',(-22.882518526,4.745070516,-1.2));
#3568=DIRECTION('',(0.,0.,1.));
#3569=VECTOR('',#3568,0.2);
#3570=LINE('',#3567,#3569);
#3571=EDGE_CURVE('',#3566,#1564,#3570,.T.);
#3572=ORIENTED_EDGE('',*,*,#3571,.F.);
#3573=CARTESIAN_POINT('',(-22.882518526,4.745070516,-1.2));
#3574=DIRECTION('',(-0.995486099,-0.094907459,0.));
#3575=VECTOR('',#3574,8.342635191);
#3576=LINE('',#3573,#3575);
#3577=EDGE_CURVE('',#3566,#3532,#3576,.T.);
#3578=ORIENTED_EDGE('',*,*,#3577,.T.);
#3579=ORIENTED_EDGE('',*,*,#3537,.T.);
#3580=ORIENTED_EDGE('',*,*,#1578,.F.);
#3581=EDGE_LOOP('',(#3572,#3578,#3579,#3580));
#3582=FACE_BOUND('',#3581,.T.);
#3583=ADVANCED_FACE('',(#3582),#3564,.T.);
#3584=CARTESIAN_POINT('',(-22.797101813,3.849133026,-1.7));
#3585=DIRECTION('',(0.,0.,1.));
#3586=DIRECTION('',(1.,0.,-0.));
#3587=AXIS2_PLACEMENT_3D('',#3584,#3585,#3586);
#3588=CYLINDRICAL_SURFACE('',#3587,0.9);
#3589=ORIENTED_EDGE('',*,*,#3413,.F.);
#3590=CARTESIAN_POINT('',(-22.797101813,3.849133026,-1.2));
#3591=DIRECTION('',(-0.,-0.,1.));
#3592=DIRECTION('',(-1.,0.,0.));
#3593=AXIS2_PLACEMENT_3D('',#3590,#3591,#3592);
#3594=CIRCLE('',#3593,0.9);
#3595=EDGE_CURVE('',#3402,#3566,#3594,.T.);
#3596=ORIENTED_EDGE('',*,*,#3595,.T.);
#3597=ORIENTED_EDGE('',*,*,#3571,.T.);
#3598=ORIENTED_EDGE('',*,*,#1570,.T.);
#3599=EDGE_LOOP('',(#3589,#3596,#3597,#3598));
#3600=FACE_BOUND('',#3599,.T.);
#3601=ADVANCED_FACE('',(#3600),#3588,.T.);
#3602=CARTESIAN_POINT('',(0.,0.,-1.7));
#3603=DIRECTION('',(0.,0.,-1.));
#3604=DIRECTION('',(1.,0.,0.));
#3605=AXIS2_PLACEMENT_3D('',#3602,#3603,#3604);
#3606=PLANE('',#3605);
#3607=CARTESIAN_POINT('',(-22.397103678,3.848318785,-1.7));
#3608=VERTEX_POINT('',#3607);
#3609=CARTESIAN_POINT('',(-22.397103678,-3.848318785,-1.7));
#3610=VERTEX_POINT('',#3609);
#3611=CARTESIAN_POINT('',(-22.397103678,3.848318785,-1.7));
#3612=DIRECTION('',(-0.,-1.,-0.));
#3613=VECTOR('',#3612,7.69663757);
#3614=LINE('',#3611,#3613);
#3615=EDGE_CURVE('',#3608,#3610,#3614,.T.);
#3616=ORIENTED_EDGE('',*,*,#3615,.T.);
#3617=CARTESIAN_POINT('',(-22.835064796,-4.247327466,-1.7));
#3618=VERTEX_POINT('',#3617);
#3619=CARTESIAN_POINT('',(-22.797101813,-3.849133026,-1.7));
#3620=DIRECTION('',(0.,0.,-1.));
#3621=DIRECTION('',(-1.,0.,0.));
#3622=AXIS2_PLACEMENT_3D('',#3619,#3620,#3621);
#3623=CIRCLE('',#3622,0.4);
#3624=EDGE_CURVE('',#3610,#3618,#3623,.T.);
#3625=ORIENTED_EDGE('',*,*,#3624,.T.);
#3626=CARTESIAN_POINT('',(-31.103547329,-3.459028498,-1.7));
#3627=VERTEX_POINT('',#3626);
#3628=CARTESIAN_POINT('',(-22.835064796,-4.247327466,-1.7));
#3629=DIRECTION('',(-0.995486099,0.094907459,0.));
#3630=VECTOR('',#3629,8.305974876);
#3631=LINE('',#3628,#3630);
#3632=EDGE_CURVE('',#3618,#3627,#3631,.T.);
#3633=ORIENTED_EDGE('',*,*,#3632,.T.);
#3634=CARTESIAN_POINT('',(-31.393737087,-3.074396582,-1.7));
#3635=VERTEX_POINT('',#3634);
#3636=CARTESIAN_POINT('',(-30.993737087,-3.074396582,-1.7));
#3637=DIRECTION('',(0.,0.,-1.));
#3638=DIRECTION('',(-1.,0.,0.));
#3639=AXIS2_PLACEMENT_3D('',#3636,#3637,#3638);
#3640=CIRCLE('',#3639,0.4);
#3641=EDGE_CURVE('',#3627,#3635,#3640,.T.);
#3642=ORIENTED_EDGE('',*,*,#3641,.T.);
#3643=CARTESIAN_POINT('',(-31.393711817,-3.069900446,-1.7));
#3644=VERTEX_POINT('',#3643);
#3645=CARTESIAN_POINT('',(-30.993737087,-3.074396582,-1.7));
#3646=DIRECTION('',(0.,0.,-1.));
#3647=DIRECTION('',(-1.,0.,0.));
#3648=AXIS2_PLACEMENT_3D('',#3645,#3646,#3647);
#3649=CIRCLE('',#3648,0.4);
#3650=EDGE_CURVE('',#3635,#3644,#3649,.T.);
#3651=ORIENTED_EDGE('',*,*,#3650,.T.);
#3652=CARTESIAN_POINT('',(-31.393711817,3.069900446,-1.7));
#3653=VERTEX_POINT('',#3652);
#3654=CARTESIAN_POINT('',(-31.393711817,-3.069900446,-1.7));
#3655=DIRECTION('',(-0.,1.,-0.));
#3656=VECTOR('',#3655,6.139800891);
#3657=LINE('',#3654,#3656);
#3658=EDGE_CURVE('',#3644,#3653,#3657,.T.);
#3659=ORIENTED_EDGE('',*,*,#3658,.T.);
#3660=CARTESIAN_POINT('',(-31.393737087,3.074396582,-1.7));
#3661=VERTEX_POINT('',#3660);
#3662=CARTESIAN_POINT('',(-30.993737087,3.074396582,-1.7));
#3663=DIRECTION('',(0.,0.,-1.));
#3664=DIRECTION('',(-1.,0.,0.));
#3665=AXIS2_PLACEMENT_3D('',#3662,#3663,#3664);
#3666=CIRCLE('',#3665,0.4);
#3667=EDGE_CURVE('',#3653,#3661,#3666,.T.);
#3668=ORIENTED_EDGE('',*,*,#3667,.T.);
#3669=CARTESIAN_POINT('',(-31.103547329,3.459028498,-1.7));
#3670=VERTEX_POINT('',#3669);
#3671=CARTESIAN_POINT('',(-30.993737087,3.074396582,-1.7));
#3672=DIRECTION('',(0.,0.,-1.));
#3673=DIRECTION('',(-1.,0.,0.));
#3674=AXIS2_PLACEMENT_3D('',#3671,#3672,#3673);
#3675=CIRCLE('',#3674,0.4);
#3676=EDGE_CURVE('',#3661,#3670,#3675,.T.);
#3677=ORIENTED_EDGE('',*,*,#3676,.T.);
#3678=CARTESIAN_POINT('',(-22.835064796,4.247327466,-1.7));
#3679=VERTEX_POINT('',#3678);
#3680=CARTESIAN_POINT('',(-31.103547329,3.459028498,-1.7));
#3681=DIRECTION('',(0.995486099,0.094907459,-0.));
#3682=VECTOR('',#3681,8.305974876);
#3683=LINE('',#3680,#3682);
#3684=EDGE_CURVE('',#3670,#3679,#3683,.T.);
#3685=ORIENTED_EDGE('',*,*,#3684,.T.);
#3686=CARTESIAN_POINT('',(-22.797101813,3.849133026,-1.7));
#3687=DIRECTION('',(0.,0.,-1.));
#3688=DIRECTION('',(-1.,0.,0.));
#3689=AXIS2_PLACEMENT_3D('',#3686,#3687,#3688);
#3690=CIRCLE('',#3689,0.4);
#3691=EDGE_CURVE('',#3679,#3608,#3690,.T.);
#3692=ORIENTED_EDGE('',*,*,#3691,.T.);
#3693=EDGE_LOOP('',(#3616,#3625,#3633,#3642,#3651,#3659,#3668,#3677,#3685,#3692));
#3694=FACE_BOUND('',#3693,.T.);
#3695=ADVANCED_FACE('',(#3694),#3606,.T.);
#3696=CARTESIAN_POINT('',(-33.789014569,1.356776156,-1.7));
#3697=DIRECTION('',(1.,0.,0.));
#3698=DIRECTION('',(0.,0.,-1.));
#3699=AXIS2_PLACEMENT_3D('',#3696,#3697,#3698);
#3700=PLANE('',#3699);
#3701=CARTESIAN_POINT('',(-33.789014569,-2.713552312,-1.2));
#3702=VERTEX_POINT('',#3701);
#3703=CARTESIAN_POINT('',(-33.789014569,-2.713552312,-1.2));
#3704=DIRECTION('',(0.,0.,1.));
#3705=VECTOR('',#3704,0.2);
#3706=LINE('',#3703,#3705);
#3707=EDGE_CURVE('',#3702,#1615,#3706,.T.);
#3708=ORIENTED_EDGE('',*,*,#3707,.F.);
#3709=CARTESIAN_POINT('',(-33.789014569,2.713552312,-1.2));
#3710=VERTEX_POINT('',#3709);
#3711=CARTESIAN_POINT('',(-33.789014569,-2.713552312,-1.2));
#3712=DIRECTION('',(0.,1.,0.));
#3713=VECTOR('',#3712,5.427104624);
#3714=LINE('',#3711,#3713);
#3715=EDGE_CURVE('',#3702,#3710,#3714,.T.);
#3716=ORIENTED_EDGE('',*,*,#3715,.T.);
#3717=CARTESIAN_POINT('',(-33.789014569,2.713552312,-1.2));
#3718=DIRECTION('',(0.,0.,1.));
#3719=VECTOR('',#3718,0.2);
#3720=LINE('',#3717,#3719);
#3721=EDGE_CURVE('',#3710,#1626,#3720,.T.);
#3722=ORIENTED_EDGE('',*,*,#3721,.T.);
#3723=ORIENTED_EDGE('',*,*,#1631,.F.);
#3724=EDGE_LOOP('',(#3708,#3716,#3722,#3723));
#3725=FACE_BOUND('',#3724,.T.);
#3726=ADVANCED_FACE('',(#3725),#3700,.T.);
#3727=CARTESIAN_POINT('',(-34.689012704,-2.715384355,-1.7));
#3728=DIRECTION('',(0.,0.,1.));
#3729=DIRECTION('',(1.,0.,-0.));
#3730=AXIS2_PLACEMENT_3D('',#3727,#3728,#3729);
#3731=CYLINDRICAL_SURFACE('',#3730,0.9);
#3732=CARTESIAN_POINT('',(-34.774429417,-3.611321844,-1.2));
#3733=VERTEX_POINT('',#3732);
#3734=CARTESIAN_POINT('',(-34.774429417,-3.611321844,-1.2));
#3735=DIRECTION('',(0.,0.,1.));
#3736=VECTOR('',#3735,0.2);
#3737=LINE('',#3734,#3736);
#3738=EDGE_CURVE('',#3733,#1617,#3737,.T.);
#3739=ORIENTED_EDGE('',*,*,#3738,.F.);
#3740=CARTESIAN_POINT('',(-34.689012704,-2.715384355,-1.2));
#3741=DIRECTION('',(-0.,-0.,1.));
#3742=DIRECTION('',(-1.,0.,0.));
#3743=AXIS2_PLACEMENT_3D('',#3740,#3741,#3742);
#3744=CIRCLE('',#3743,0.9);
#3745=EDGE_CURVE('',#3733,#3702,#3744,.T.);
#3746=ORIENTED_EDGE('',*,*,#3745,.T.);
#3747=ORIENTED_EDGE('',*,*,#3707,.T.);
#3748=ORIENTED_EDGE('',*,*,#1623,.T.);
#3749=EDGE_LOOP('',(#3739,#3746,#3747,#3748));
#3750=FACE_BOUND('',#3749,.T.);
#3751=ADVANCED_FACE('',(#3750),#3731,.T.);
#3752=CARTESIAN_POINT('',(-38.9269181,-3.215432691,-1.7));
#3753=DIRECTION('',(0.094907459,0.995486099,0.));
#3754=DIRECTION('',(-0.995486099,0.094907459,0.));
#3755=AXIS2_PLACEMENT_3D('',#3752,#3753,#3754);
#3756=PLANE('',#3755);
#3757=CARTESIAN_POINT('',(-43.079406782,-2.819543539,-1.2));
#3758=VERTEX_POINT('',#3757);
#3759=CARTESIAN_POINT('',(-43.079406782,-2.819543539,-1.2));
#3760=DIRECTION('',(0.,0.,1.));
#3761=VECTOR('',#3760,0.2);
#3762=LINE('',#3759,#3761);
#3763=EDGE_CURVE('',#3758,#1668,#3762,.T.);
#3764=ORIENTED_EDGE('',*,*,#3763,.F.);
#3765=CARTESIAN_POINT('',(-43.079406782,-2.819543539,-1.2));
#3766=DIRECTION('',(0.995486099,-0.094907459,-0.));
#3767=VECTOR('',#3766,8.342635191);
#3768=LINE('',#3765,#3767);
#3769=EDGE_CURVE('',#3758,#3733,#3768,.T.);
#3770=ORIENTED_EDGE('',*,*,#3769,.T.);
#3771=ORIENTED_EDGE('',*,*,#3738,.T.);
#3772=ORIENTED_EDGE('',*,*,#1680,.T.);
#3773=EDGE_LOOP('',(#3764,#3770,#3771,#3772));
#3774=FACE_BOUND('',#3773,.T.);
#3775=ADVANCED_FACE('',(#3774),#3756,.F.);
#3776=CARTESIAN_POINT('',(-42.885647978,-1.94064791,-1.7));
#3777=DIRECTION('',(0.,0.,1.));
#3778=DIRECTION('',(1.,0.,-0.));
#3779=AXIS2_PLACEMENT_3D('',#3776,#3777,#3778);
#3780=CYLINDRICAL_SURFACE('',#3779,0.9);
#3781=CARTESIAN_POINT('',(-43.785622708,-1.933903647,-1.2));
#3782=VERTEX_POINT('',#3781);
#3783=CARTESIAN_POINT('',(-43.785622708,-1.933903647,-1.2));
#3784=DIRECTION('',(0.,0.,1.));
#3785=VECTOR('',#3784,0.2);
#3786=LINE('',#3783,#3785);
#3787=EDGE_CURVE('',#3782,#1660,#3786,.T.);
#3788=ORIENTED_EDGE('',*,*,#3787,.F.);
#3789=CARTESIAN_POINT('',(-43.785647978,-1.94064791,-1.2));
#3790=VERTEX_POINT('',#3789);
#3791=CARTESIAN_POINT('',(-42.885647978,-1.94064791,-1.2));
#3792=DIRECTION('',(-0.,-0.,1.));
#3793=DIRECTION('',(-1.,0.,0.));
#3794=AXIS2_PLACEMENT_3D('',#3791,#3792,#3793);
#3795=CIRCLE('',#3794,0.9);
#3796=EDGE_CURVE('',#3782,#3790,#3795,.T.);
#3797=ORIENTED_EDGE('',*,*,#3796,.T.);
#3798=CARTESIAN_POINT('',(-42.885647978,-1.94064791,-1.2));
#3799=DIRECTION('',(-0.,-0.,1.));
#3800=DIRECTION('',(-1.,0.,0.));
#3801=AXIS2_PLACEMENT_3D('',#3798,#3799,#3800);
#3802=CIRCLE('',#3801,0.9);
#3803=EDGE_CURVE('',#3790,#3758,#3802,.T.);
#3804=ORIENTED_EDGE('',*,*,#3803,.T.);
#3805=ORIENTED_EDGE('',*,*,#3763,.T.);
#3806=ORIENTED_EDGE('',*,*,#1674,.T.);
#3807=EDGE_LOOP('',(#3788,#3797,#3804,#3805,#3806));
#3808=FACE_BOUND('',#3807,.T.);
#3809=ADVANCED_FACE('',(#3808),#3780,.T.);
#3810=CARTESIAN_POINT('',(-43.785622708,-0.966951823,-1.7));
#3811=DIRECTION('',(-1.,0.,0.));
#3812=DIRECTION('',(0.,0.,1.));
#3813=AXIS2_PLACEMENT_3D('',#3810,#3811,#3812);
#3814=PLANE('',#3813);
#3815=CARTESIAN_POINT('',(-43.785622708,1.933903647,-1.2));
#3816=VERTEX_POINT('',#3815);
#3817=CARTESIAN_POINT('',(-43.785622708,1.933903647,-1.2));
#3818=DIRECTION('',(0.,0.,1.));
#3819=VECTOR('',#3818,0.2);
#3820=LINE('',#3817,#3819);
#3821=EDGE_CURVE('',#3816,#1651,#3820,.T.);
#3822=ORIENTED_EDGE('',*,*,#3821,.F.);
#3823=CARTESIAN_POINT('',(-43.785622708,1.933903647,-1.2));
#3824=DIRECTION('',(0.,-1.,0.));
#3825=VECTOR('',#3824,3.867807294);
#3826=LINE('',#3823,#3825);
#3827=EDGE_CURVE('',#3816,#3782,#3826,.T.);
#3828=ORIENTED_EDGE('',*,*,#3827,.T.);
#3829=ORIENTED_EDGE('',*,*,#3787,.T.);
#3830=ORIENTED_EDGE('',*,*,#1665,.F.);
#3831=EDGE_LOOP('',(#3822,#3828,#3829,#3830));
#3832=FACE_BOUND('',#3831,.T.);
#3833=ADVANCED_FACE('',(#3832),#3814,.T.);
#3834=CARTESIAN_POINT('',(-42.885647978,1.94064791,-1.7));
#3835=DIRECTION('',(0.,0.,1.));
#3836=DIRECTION('',(1.,0.,-0.));
#3837=AXIS2_PLACEMENT_3D('',#3834,#3835,#3836);
#3838=CYLINDRICAL_SURFACE('',#3837,0.9);
#3839=CARTESIAN_POINT('',(-43.079406782,2.819543539,-1.2));
#3840=VERTEX_POINT('',#3839);
#3841=CARTESIAN_POINT('',(-43.079406782,2.819543539,-1.2));
#3842=DIRECTION('',(0.,0.,1.));
#3843=VECTOR('',#3842,0.2);
#3844=LINE('',#3841,#3843);
#3845=EDGE_CURVE('',#3840,#1643,#3844,.T.);
#3846=ORIENTED_EDGE('',*,*,#3845,.F.);
#3847=CARTESIAN_POINT('',(-43.785647978,1.94064791,-1.2));
#3848=VERTEX_POINT('',#3847);
#3849=CARTESIAN_POINT('',(-42.885647978,1.94064791,-1.2));
#3850=DIRECTION('',(-0.,-0.,1.));
#3851=DIRECTION('',(-1.,0.,0.));
#3852=AXIS2_PLACEMENT_3D('',#3849,#3850,#3851);
#3853=CIRCLE('',#3852,0.9);
#3854=EDGE_CURVE('',#3840,#3848,#3853,.T.);
#3855=ORIENTED_EDGE('',*,*,#3854,.T.);
#3856=CARTESIAN_POINT('',(-42.885647978,1.94064791,-1.2));
#3857=DIRECTION('',(-0.,-0.,1.));
#3858=DIRECTION('',(-1.,0.,0.));
#3859=AXIS2_PLACEMENT_3D('',#3856,#3857,#3858);
#3860=CIRCLE('',#3859,0.9);
#3861=EDGE_CURVE('',#3848,#3816,#3860,.T.);
#3862=ORIENTED_EDGE('',*,*,#3861,.T.);
#3863=ORIENTED_EDGE('',*,*,#3821,.T.);
#3864=ORIENTED_EDGE('',*,*,#1657,.T.);
#3865=EDGE_LOOP('',(#3846,#3855,#3862,#3863,#3864));
#3866=FACE_BOUND('',#3865,.T.);
#3867=ADVANCED_FACE('',(#3866),#3838,.T.);
#3868=CARTESIAN_POINT('',(-38.9269181,3.215432691,-1.7));
#3869=DIRECTION('',(-0.094907459,0.995486099,0.));
#3870=DIRECTION('',(-0.995486099,-0.094907459,0.));
#3871=AXIS2_PLACEMENT_3D('',#3868,#3869,#3870);
#3872=PLANE('',#3871);
#3873=CARTESIAN_POINT('',(-34.774429417,3.611321844,-1.2));
#3874=VERTEX_POINT('',#3873);
#3875=CARTESIAN_POINT('',(-34.774429417,3.611321844,-1.2));
#3876=DIRECTION('',(0.,0.,1.));
#3877=VECTOR('',#3876,0.2);
#3878=LINE('',#3875,#3877);
#3879=EDGE_CURVE('',#3874,#1634,#3878,.T.);
#3880=ORIENTED_EDGE('',*,*,#3879,.F.);
#3881=CARTESIAN_POINT('',(-34.774429417,3.611321844,-1.2));
#3882=DIRECTION('',(-0.995486099,-0.094907459,0.));
#3883=VECTOR('',#3882,8.342635191);
#3884=LINE('',#3881,#3883);
#3885=EDGE_CURVE('',#3874,#3840,#3884,.T.);
#3886=ORIENTED_EDGE('',*,*,#3885,.T.);
#3887=ORIENTED_EDGE('',*,*,#3845,.T.);
#3888=ORIENTED_EDGE('',*,*,#1648,.F.);
#3889=EDGE_LOOP('',(#3880,#3886,#3887,#3888));
#3890=FACE_BOUND('',#3889,.T.);
#3891=ADVANCED_FACE('',(#3890),#3872,.T.);
#3892=CARTESIAN_POINT('',(-34.689012704,2.715384355,-1.7));
#3893=DIRECTION('',(0.,0.,1.));
#3894=DIRECTION('',(1.,0.,-0.));
#3895=AXIS2_PLACEMENT_3D('',#3892,#3893,#3894);
#3896=CYLINDRICAL_SURFACE('',#3895,0.9);
#3897=ORIENTED_EDGE('',*,*,#3721,.F.);
#3898=CARTESIAN_POINT('',(-34.689012704,2.715384355,-1.2));
#3899=DIRECTION('',(-0.,-0.,1.));
#3900=DIRECTION('',(-1.,0.,0.));
#3901=AXIS2_PLACEMENT_3D('',#3898,#3899,#3900);
#3902=CIRCLE('',#3901,0.9);
#3903=EDGE_CURVE('',#3710,#3874,#3902,.T.);
#3904=ORIENTED_EDGE('',*,*,#3903,.T.);
#3905=ORIENTED_EDGE('',*,*,#3879,.T.);
#3906=ORIENTED_EDGE('',*,*,#1640,.T.);
#3907=EDGE_LOOP('',(#3897,#3904,#3905,#3906));
#3908=FACE_BOUND('',#3907,.T.);
#3909=ADVANCED_FACE('',(#3908),#3896,.T.);
#3910=CARTESIAN_POINT('',(0.,0.,-1.7));
#3911=DIRECTION('',(0.,0.,-1.));
#3912=DIRECTION('',(1.,0.,0.));
#3913=AXIS2_PLACEMENT_3D('',#3910,#3911,#3912);
#3914=PLANE('',#3913);
#3915=CARTESIAN_POINT('',(-34.289014569,2.714570114,-1.7));
#3916=VERTEX_POINT('',#3915);
#3917=CARTESIAN_POINT('',(-34.289014569,-2.714570114,-1.7));
#3918=VERTEX_POINT('',#3917);
#3919=CARTESIAN_POINT('',(-34.289014569,2.714570114,-1.7));
#3920=DIRECTION('',(-0.,-1.,-0.));
#3921=VECTOR('',#3920,5.429140227);
#3922=LINE('',#3919,#3921);
#3923=EDGE_CURVE('',#3916,#3918,#3922,.T.);
#3924=ORIENTED_EDGE('',*,*,#3923,.T.);
#3925=CARTESIAN_POINT('',(-34.726975688,-3.113578794,-1.7));
#3926=VERTEX_POINT('',#3925);
#3927=CARTESIAN_POINT('',(-34.689012704,-2.715384355,-1.7));
#3928=DIRECTION('',(0.,0.,-1.));
#3929=DIRECTION('',(-1.,0.,0.));
#3930=AXIS2_PLACEMENT_3D('',#3927,#3928,#3929);
#3931=CIRCLE('',#3930,0.4);
#3932=EDGE_CURVE('',#3918,#3926,#3931,.T.);
#3933=ORIENTED_EDGE('',*,*,#3932,.T.);
#3934=CARTESIAN_POINT('',(-42.99545822,-2.325279826,-1.7));
#3935=VERTEX_POINT('',#3934);
#3936=CARTESIAN_POINT('',(-34.726975688,-3.113578794,-1.7));
#3937=DIRECTION('',(-0.995486099,0.094907459,0.));
#3938=VECTOR('',#3937,8.305974876);
#3939=LINE('',#3936,#3938);
#3940=EDGE_CURVE('',#3926,#3935,#3939,.T.);
#3941=ORIENTED_EDGE('',*,*,#3940,.T.);
#3942=CARTESIAN_POINT('',(-43.285647978,-1.94064791,-1.7));
#3943=VERTEX_POINT('',#3942);
#3944=CARTESIAN_POINT('',(-42.885647978,-1.94064791,-1.7));
#3945=DIRECTION('',(0.,0.,-1.));
#3946=DIRECTION('',(-1.,0.,0.));
#3947=AXIS2_PLACEMENT_3D('',#3944,#3945,#3946);
#3948=CIRCLE('',#3947,0.4);
#3949=EDGE_CURVE('',#3935,#3943,#3948,.T.);
#3950=ORIENTED_EDGE('',*,*,#3949,.T.);
#3951=CARTESIAN_POINT('',(-43.285622708,-1.936151774,-1.7));
#3952=VERTEX_POINT('',#3951);
#3953=CARTESIAN_POINT('',(-42.885647978,-1.94064791,-1.7));
#3954=DIRECTION('',(0.,0.,-1.));
#3955=DIRECTION('',(-1.,0.,0.));
#3956=AXIS2_PLACEMENT_3D('',#3953,#3954,#3955);
#3957=CIRCLE('',#3956,0.4);
#3958=EDGE_CURVE('',#3943,#3952,#3957,.T.);
#3959=ORIENTED_EDGE('',*,*,#3958,.T.);
#3960=CARTESIAN_POINT('',(-43.285622708,1.936151774,-1.7));
#3961=VERTEX_POINT('',#3960);
#3962=CARTESIAN_POINT('',(-43.285622708,-1.936151774,-1.7));
#3963=DIRECTION('',(-0.,1.,-0.));
#3964=VECTOR('',#3963,3.872303548);
#3965=LINE('',#3962,#3964);
#3966=EDGE_CURVE('',#3952,#3961,#3965,.T.);
#3967=ORIENTED_EDGE('',*,*,#3966,.T.);
#3968=CARTESIAN_POINT('',(-43.285647978,1.94064791,-1.7));
#3969=VERTEX_POINT('',#3968);
#3970=CARTESIAN_POINT('',(-42.885647978,1.94064791,-1.7));
#3971=DIRECTION('',(0.,0.,-1.));
#3972=DIRECTION('',(-1.,0.,0.));
#3973=AXIS2_PLACEMENT_3D('',#3970,#3971,#3972);
#3974=CIRCLE('',#3973,0.4);
#3975=EDGE_CURVE('',#3961,#3969,#3974,.T.);
#3976=ORIENTED_EDGE('',*,*,#3975,.T.);
#3977=CARTESIAN_POINT('',(-42.99545822,2.325279826,-1.7));
#3978=VERTEX_POINT('',#3977);
#3979=CARTESIAN_POINT('',(-42.885647978,1.94064791,-1.7));
#3980=DIRECTION('',(0.,0.,-1.));
#3981=DIRECTION('',(-1.,0.,0.));
#3982=AXIS2_PLACEMENT_3D('',#3979,#3980,#3981);
#3983=CIRCLE('',#3982,0.4);
#3984=EDGE_CURVE('',#3969,#3978,#3983,.T.);
#3985=ORIENTED_EDGE('',*,*,#3984,.T.);
#3986=CARTESIAN_POINT('',(-34.726975688,3.113578794,-1.7));
#3987=VERTEX_POINT('',#3986);
#3988=CARTESIAN_POINT('',(-42.99545822,2.325279826,-1.7));
#3989=DIRECTION('',(0.995486099,0.094907459,-0.));
#3990=VECTOR('',#3989,8.305974876);
#3991=LINE('',#3988,#3990);
#3992=EDGE_CURVE('',#3978,#3987,#3991,.T.);
#3993=ORIENTED_EDGE('',*,*,#3992,.T.);
#3994=CARTESIAN_POINT('',(-34.689012704,2.715384355,-1.7));
#3995=DIRECTION('',(0.,0.,-1.));
#3996=DIRECTION('',(-1.,0.,0.));
#3997=AXIS2_PLACEMENT_3D('',#3994,#3995,#3996);
#3998=CIRCLE('',#3997,0.4);
#3999=EDGE_CURVE('',#3987,#3916,#3998,.T.);
#4000=ORIENTED_EDGE('',*,*,#3999,.T.);
#4001=EDGE_LOOP('',(#3924,#3933,#3941,#3950,#3959,#3967,#3976,#3985,#3993,#4000));
#4002=FACE_BOUND('',#4001,.T.);
#4003=ADVANCED_FACE('',(#4002),#3914,.T.);
#4004=CARTESIAN_POINT('',(-42.885647978,1.94064791,-1.2));
#4005=DIRECTION('',(0.,0.,-1.));
#4006=DIRECTION('',(-1.,0.,0.));
#4007=AXIS2_PLACEMENT_3D('',#4004,#4005,#4006);
#4008=DEGENERATE_TOROIDAL_SURFACE('',#4007,0.4,0.5,.T.);
#4009=CARTESIAN_POINT('',(-43.285647978,1.94064791,-1.2));
#4010=DIRECTION('',(-0.,1.,-0.));
#4011=DIRECTION('',(-1.,0.,0.));
#4012=AXIS2_PLACEMENT_3D('',#4009,#4010,#4011);
#4013=CIRCLE('',#4012,0.5);
#4014=EDGE_CURVE('',#3969,#3848,#4013,.T.);
#4015=ORIENTED_EDGE('',*,*,#4014,.T.);
#4016=ORIENTED_EDGE('',*,*,#3854,.F.);
#4017=CARTESIAN_POINT('',(-42.99545822,2.325279826,-1.7));
#4018=CARTESIAN_POINT('',(-43.01990912,2.455215526,-1.7));
#4019=CARTESIAN_POINT('',(-43.04130768,2.583271997,-1.645861874));
#4020=CARTESIAN_POINT('',(-43.056191832,2.67451949,-1.553679433));
#4021=CARTESIAN_POINT('',(-43.063633907,2.720143237,-1.507588212));
#4022=CARTESIAN_POINT('',(-43.069498544,2.756931903,-1.452122192));
#4023=CARTESIAN_POINT('',(-43.073442688,2.78178994,-1.391556406));
#4024=CARTESIAN_POINT('',(-43.077386833,2.806647977,-1.33099062));
#4025=CARTESIAN_POINT('',(-43.079406782,2.819543539,-1.266112697));
#4026=CARTESIAN_POINT('',(-43.079406782,2.819543539,-1.2));
#4027=B_SPLINE_CURVE_WITH_KNOTS('',3,(#4017,#4018,#4019,#4020,#4021,#4022,#4023,#4024,#4025,#4026),.UNSPECIFIED.,.F.,.F.,(4,3,3,4),(0.,0.000391043,0.000586564,0.000782085),.UNSPECIFIED.);
#4028=EDGE_CURVE('',#3978,#3840,#4027,.T.);
#4029=ORIENTED_EDGE('',*,*,#4028,.F.);
#4030=ORIENTED_EDGE('',*,*,#3984,.F.);
#4031=EDGE_LOOP('',(#4015,#4016,#4029,#4030));
#4032=FACE_BOUND('',#4031,.T.);
#4033=ADVANCED_FACE('',(#4032),#4008,.T.);
#4034=CARTESIAN_POINT('',(-38.87946437,2.717689642,-1.2));
#4035=DIRECTION('',(-0.995486099,-0.094907459,0.));
#4036=DIRECTION('',(0.094907459,-0.995486099,0.));
#4037=AXIS2_PLACEMENT_3D('',#4034,#4035,#4036);
#4038=CYLINDRICAL_SURFACE('',#4037,0.5);
#4039=ORIENTED_EDGE('',*,*,#4028,.T.);
#4040=ORIENTED_EDGE('',*,*,#3885,.F.);
#4041=CARTESIAN_POINT('',(-34.726975688,3.113578794,-1.2));
#4042=DIRECTION('',(0.995486099,0.094907459,0.));
#4043=DIRECTION('',(-0.094907459,0.995486099,0.));
#4044=AXIS2_PLACEMENT_3D('',#4041,#4042,#4043);
#4045=CIRCLE('',#4044,0.5);
#4046=EDGE_CURVE('',#3987,#3874,#4045,.T.);
#4047=ORIENTED_EDGE('',*,*,#4046,.F.);
#4048=ORIENTED_EDGE('',*,*,#3992,.F.);
#4049=EDGE_LOOP('',(#4039,#4040,#4047,#4048));
#4050=FACE_BOUND('',#4049,.T.);
#4051=ADVANCED_FACE('',(#4050),#4038,.T.);
#4052=CARTESIAN_POINT('',(-43.285622708,-0.966951823,-1.2));
#4053=DIRECTION('',(0.,-1.,0.));
#4054=DIRECTION('',(0.,0.,-1.));
#4055=AXIS2_PLACEMENT_3D('',#4052,#4053,#4054);
#4056=CYLINDRICAL_SURFACE('',#4055,0.5);
#4057=CARTESIAN_POINT('',(-43.785622708,1.933903647,-1.2));
#4058=CARTESIAN_POINT('',(-43.785622708,1.933903647,-1.266000669));
#4059=CARTESIAN_POINT('',(-43.772643932,1.933951766,-1.330761803));
#4060=CARTESIAN_POINT('',(-43.747593666,1.934047674,-1.391266394));
#4061=CARTESIAN_POINT('',(-43.722543401,1.934143583,-1.451770986));
#4062=CARTESIAN_POINT('',(-43.685468959,1.934287176,-1.507198415));
#4063=CARTESIAN_POINT('',(-43.639413668,1.934475736,-1.553315661));
#4064=CARTESIAN_POINT('',(-43.547303086,1.934852857,-1.645550155));
#4065=CARTESIAN_POINT('',(-43.417622017,1.935426031,-1.7));
#4066=CARTESIAN_POINT('',(-43.285622708,1.936151774,-1.7));
#4067=B_SPLINE_CURVE_WITH_KNOTS('',3,(#4057,#4058,#4059,#4060,#4061,#4062,#4063,#4064,#4065,#4066),.UNSPECIFIED.,.F.,.F.,(4,3,3,4),(0.,0.000195192,0.000390383,0.000780767),.UNSPECIFIED.);
#4068=EDGE_CURVE('',#3816,#3961,#4067,.T.);
#4069=ORIENTED_EDGE('',*,*,#4068,.T.);
#4070=ORIENTED_EDGE('',*,*,#3966,.F.);
#4071=CARTESIAN_POINT('',(-43.785622708,-1.933903647,-1.2));
#4072=CARTESIAN_POINT('',(-43.785622708,-1.933903647,-1.266000669));
#4073=CARTESIAN_POINT('',(-43.772643932,-1.933951766,-1.330761803));
#4074=CARTESIAN_POINT('',(-43.747593666,-1.934047674,-1.391266394));
#4075=CARTESIAN_POINT('',(-43.722543401,-1.934143583,-1.451770986));
#4076=CARTESIAN_POINT('',(-43.685468959,-1.934287176,-1.507198415));
#4077=CARTESIAN_POINT('',(-43.639413668,-1.934475736,-1.553315661));
#4078=CARTESIAN_POINT('',(-43.547303086,-1.934852857,-1.645550155));
#4079=CARTESIAN_POINT('',(-43.417622045,-1.935431061,-1.7));
#4080=CARTESIAN_POINT('',(-43.285622708,-1.936151774,-1.7));
#4081=B_SPLINE_CURVE_WITH_KNOTS('',3,(#4071,#4072,#4073,#4074,#4075,#4076,#4077,#4078,#4079,#4080),.UNSPECIFIED.,.F.,.F.,(4,3,3,4),(0.,0.000195192,0.000390383,0.000780767),.UNSPECIFIED.);
#4082=EDGE_CURVE('',#3782,#3952,#4081,.T.);
#4083=ORIENTED_EDGE('',*,*,#4082,.F.);
#4084=ORIENTED_EDGE('',*,*,#3827,.F.);
#4085=EDGE_LOOP('',(#4069,#4070,#4083,#4084));
#4086=FACE_BOUND('',#4085,.T.);
#4087=ADVANCED_FACE('',(#4086),#4056,.T.);
#4088=CARTESIAN_POINT('',(-34.689012704,2.715384355,-1.2));
#4089=DIRECTION('',(0.,0.,-1.));
#4090=DIRECTION('',(-1.,0.,0.));
#4091=AXIS2_PLACEMENT_3D('',#4088,#4089,#4090);
#4092=DEGENERATE_TOROIDAL_SURFACE('',#4091,0.4,0.5,.T.);
#4093=ORIENTED_EDGE('',*,*,#4046,.T.);
#4094=ORIENTED_EDGE('',*,*,#3903,.F.);
#4095=CARTESIAN_POINT('',(-34.289013533,2.714570114,-1.2));
#4096=DIRECTION('',(-0.002035603,-0.999997928,0.));
#4097=DIRECTION('',(0.999997928,-0.002035603,0.));
#4098=AXIS2_PLACEMENT_3D('',#4095,#4096,#4097);
#4099=CIRCLE('',#4098,0.5);
#4100=EDGE_CURVE('',#3916,#3710,#4099,.T.);
#4101=ORIENTED_EDGE('',*,*,#4100,.F.);
#4102=ORIENTED_EDGE('',*,*,#3999,.F.);
#4103=EDGE_LOOP('',(#4093,#4094,#4101,#4102));
#4104=FACE_BOUND('',#4103,.T.);
#4105=ADVANCED_FACE('',(#4104),#4092,.T.);
#4106=CARTESIAN_POINT('',(-42.885647978,-1.94064791,-1.2));
#4107=DIRECTION('',(0.,0.,-1.));
#4108=DIRECTION('',(-1.,0.,0.));
#4109=AXIS2_PLACEMENT_3D('',#4106,#4107,#4108);
#4110=DEGENERATE_TOROIDAL_SURFACE('',#4109,0.4,0.5,.T.);
#4111=CARTESIAN_POINT('',(-43.285647978,-1.94064791,-1.2));
#4112=DIRECTION('',(-0.,1.,-0.));
#4113=DIRECTION('',(-1.,0.,0.));
#4114=AXIS2_PLACEMENT_3D('',#4111,#4112,#4113);
#4115=CIRCLE('',#4114,0.5);
#4116=EDGE_CURVE('',#3943,#3790,#4115,.T.);
#4117=ORIENTED_EDGE('',*,*,#4116,.T.);
#4118=ORIENTED_EDGE('',*,*,#3796,.F.);
#4119=ORIENTED_EDGE('',*,*,#4082,.T.);
#4120=ORIENTED_EDGE('',*,*,#3958,.F.);
#4121=EDGE_LOOP('',(#4117,#4118,#4119,#4120));
#4122=FACE_BOUND('',#4121,.T.);
#4123=ADVANCED_FACE('',(#4122),#4110,.T.);
#4124=CARTESIAN_POINT('',(-34.289014569,1.356776156,-1.2));
#4125=DIRECTION('',(0.,1.,0.));
#4126=DIRECTION('',(0.,-0.,1.));
#4127=AXIS2_PLACEMENT_3D('',#4124,#4125,#4126);
#4128=CYLINDRICAL_SURFACE('',#4127,0.5);
#4129=ORIENTED_EDGE('',*,*,#4100,.T.);
#4130=ORIENTED_EDGE('',*,*,#3715,.F.);
#4131=CARTESIAN_POINT('',(-34.289014569,-2.714570114,-1.2));
#4132=DIRECTION('',(0.002035599,-0.999997928,0.));
#4133=DIRECTION('',(0.999997928,0.002035599,0.));
#4134=AXIS2_PLACEMENT_3D('',#4131,#4132,#4133);
#4135=CIRCLE('',#4134,0.5);
#4136=EDGE_CURVE('',#3918,#3702,#4135,.T.);
#4137=ORIENTED_EDGE('',*,*,#4136,.F.);
#4138=ORIENTED_EDGE('',*,*,#3923,.F.);
#4139=EDGE_LOOP('',(#4129,#4130,#4137,#4138));
#4140=FACE_BOUND('',#4139,.T.);
#4141=ADVANCED_FACE('',(#4140),#4128,.T.);
#4142=CARTESIAN_POINT('',(-0.60696864,-6.366505344,-1.2));
#4143=DIRECTION('',(0.995486099,-0.094907459,0.));
#4144=DIRECTION('',(0.094907459,0.995486099,0.));
#4145=AXIS2_PLACEMENT_3D('',#4142,#4143,#4144);
#4146=CYLINDRICAL_SURFACE('',#4145,0.5);
#4147=CARTESIAN_POINT('',(-43.079406782,-2.819543539,-1.2));
#4148=CARTESIAN_POINT('',(-43.079406782,-2.819543539,-1.266112697));
#4149=CARTESIAN_POINT('',(-43.077386833,-2.806647977,-1.33099062));
#4150=CARTESIAN_POINT('',(-43.073442688,-2.78178994,-1.391556406));
#4151=CARTESIAN_POINT('',(-43.069498544,-2.756931903,-1.452122192));
#4152=CARTESIAN_POINT('',(-43.063633907,-2.720143237,-1.507588212));
#4153=CARTESIAN_POINT('',(-43.056191832,-2.67451949,-1.553679433));
#4154=CARTESIAN_POINT('',(-43.04130768,-2.583271997,-1.645861874));
#4155=CARTESIAN_POINT('',(-43.019904031,-2.455216484,-1.7));
#4156=CARTESIAN_POINT('',(-42.99545822,-2.325279826,-1.7));
#4157=B_SPLINE_CURVE_WITH_KNOTS('',3,(#4147,#4148,#4149,#4150,#4151,#4152,#4153,#4154,#4155,#4156),.UNSPECIFIED.,.F.,.F.,(4,3,3,4),(0.,0.000195521,0.000391043,0.000782085),.UNSPECIFIED.);
#4158=EDGE_CURVE('',#3758,#3935,#4157,.T.);
#4159=ORIENTED_EDGE('',*,*,#4158,.T.);
#4160=ORIENTED_EDGE('',*,*,#3940,.F.);
#4161=CARTESIAN_POINT('',(-34.726975688,-3.113578794,-1.2));
#4162=DIRECTION('',(0.995486099,-0.094907459,-0.));
#4163=DIRECTION('',(0.094907459,0.995486099,-0.));
#4164=AXIS2_PLACEMENT_3D('',#4161,#4162,#4163);
#4165=CIRCLE('',#4164,0.5);
#4166=EDGE_CURVE('',#3733,#3926,#4165,.T.);
#4167=ORIENTED_EDGE('',*,*,#4166,.F.);
#4168=ORIENTED_EDGE('',*,*,#3769,.F.);
#4169=EDGE_LOOP('',(#4159,#4160,#4167,#4168));
#4170=FACE_BOUND('',#4169,.T.);
#4171=ADVANCED_FACE('',(#4170),#4146,.T.);
#4172=CARTESIAN_POINT('',(-34.689012704,-2.715384355,-1.2));
#4173=DIRECTION('',(0.,0.,-1.));
#4174=DIRECTION('',(-1.,0.,0.));
#4175=AXIS2_PLACEMENT_3D('',#4172,#4173,#4174);
#4176=DEGENERATE_TOROIDAL_SURFACE('',#4175,0.4,0.5,.T.);
#4177=ORIENTED_EDGE('',*,*,#4136,.T.);
#4178=ORIENTED_EDGE('',*,*,#3745,.F.);
#4179=ORIENTED_EDGE('',*,*,#4166,.T.);
#4180=ORIENTED_EDGE('',*,*,#3932,.F.);
#4181=EDGE_LOOP('',(#4177,#4178,#4179,#4180));
#4182=FACE_BOUND('',#4181,.T.);
#4183=ADVANCED_FACE('',(#4182),#4176,.T.);
#4184=CARTESIAN_POINT('',(-30.993737087,3.074396582,-1.2));
#4185=DIRECTION('',(0.,0.,-1.));
#4186=DIRECTION('',(-1.,0.,0.));
#4187=AXIS2_PLACEMENT_3D('',#4184,#4185,#4186);
#4188=DEGENERATE_TOROIDAL_SURFACE('',#4187,0.4,0.5,.T.);
#4189=CARTESIAN_POINT('',(-31.393737087,3.074396582,-1.2));
#4190=DIRECTION('',(-0.,1.,-0.));
#4191=DIRECTION('',(-1.,0.,0.));
#4192=AXIS2_PLACEMENT_3D('',#4189,#4190,#4191);
#4193=CIRCLE('',#4192,0.5);
#4194=EDGE_CURVE('',#3661,#3540,#4193,.T.);
#4195=ORIENTED_EDGE('',*,*,#4194,.T.);
#4196=ORIENTED_EDGE('',*,*,#3546,.F.);
#4197=CARTESIAN_POINT('',(-31.103547329,3.459028498,-1.7));
#4198=CARTESIAN_POINT('',(-31.127998229,3.588964197,-1.7));
#4199=CARTESIAN_POINT('',(-31.149396789,3.717020668,-1.645861874));
#4200=CARTESIAN_POINT('',(-31.16428094,3.808268161,-1.553679433));
#4201=CARTESIAN_POINT('',(-31.171723016,3.853891908,-1.507588212));
#4202=CARTESIAN_POINT('',(-31.177587652,3.890680574,-1.452122192));
#4203=CARTESIAN_POINT('',(-31.181531797,3.915538611,-1.391556406));
#4204=CARTESIAN_POINT('',(-31.185475942,3.940396649,-1.33099062));
#4205=CARTESIAN_POINT('',(-31.187495891,3.95329221,-1.266112697));
#4206=CARTESIAN_POINT('',(-31.187495891,3.95329221,-1.2));
#4207=B_SPLINE_CURVE_WITH_KNOTS('',3,(#4197,#4198,#4199,#4200,#4201,#4202,#4203,#4204,#4205,#4206),.UNSPECIFIED.,.F.,.F.,(4,3,3,4),(0.,0.000391043,0.000586564,0.000782085),.UNSPECIFIED.);
#4208=EDGE_CURVE('',#3670,#3532,#4207,.T.);
#4209=ORIENTED_EDGE('',*,*,#4208,.F.);
#4210=ORIENTED_EDGE('',*,*,#3676,.F.);
#4211=EDGE_LOOP('',(#4195,#4196,#4209,#4210));
#4212=FACE_BOUND('',#4211,.T.);
#4213=ADVANCED_FACE('',(#4212),#4188,.T.);
#4214=CARTESIAN_POINT('',(-26.987553479,3.851438313,-1.2));
#4215=DIRECTION('',(-0.995486099,-0.094907459,0.));
#4216=DIRECTION('',(0.094907459,-0.995486099,0.));
#4217=AXIS2_PLACEMENT_3D('',#4214,#4215,#4216);
#4218=CYLINDRICAL_SURFACE('',#4217,0.5);
#4219=ORIENTED_EDGE('',*,*,#4208,.T.);
#4220=ORIENTED_EDGE('',*,*,#3577,.F.);
#4221=CARTESIAN_POINT('',(-22.835064796,4.247327466,-1.2));
#4222=DIRECTION('',(0.995486099,0.094907459,0.));
#4223=DIRECTION('',(-0.094907459,0.995486099,0.));
#4224=AXIS2_PLACEMENT_3D('',#4221,#4222,#4223);
#4225=CIRCLE('',#4224,0.5);
#4226=EDGE_CURVE('',#3679,#3566,#4225,.T.);
#4227=ORIENTED_EDGE('',*,*,#4226,.F.);
#4228=ORIENTED_EDGE('',*,*,#3684,.F.);
#4229=EDGE_LOOP('',(#4219,#4220,#4227,#4228));
#4230=FACE_BOUND('',#4229,.T.);
#4231=ADVANCED_FACE('',(#4230),#4218,.T.);
#4232=CARTESIAN_POINT('',(-31.393711817,-1.533826159,-1.2));
#4233=DIRECTION('',(0.,-1.,0.));
#4234=DIRECTION('',(0.,0.,-1.));
#4235=AXIS2_PLACEMENT_3D('',#4232,#4233,#4234);
#4236=CYLINDRICAL_SURFACE('',#4235,0.5);
#4237=CARTESIAN_POINT('',(-31.893711817,3.067652318,-1.2));
#4238=CARTESIAN_POINT('',(-31.893711817,3.067652318,-1.266000669));
#4239=CARTESIAN_POINT('',(-31.880733041,3.067700437,-1.330761803));
#4240=CARTESIAN_POINT('',(-31.855682775,3.067796346,-1.391266394));
#4241=CARTESIAN_POINT('',(-31.830632509,3.067892254,-1.451770986));
#4242=CARTESIAN_POINT('',(-31.793558068,3.068035848,-1.507198415));
#4243=CARTESIAN_POINT('',(-31.747502777,3.068224408,-1.553315661));
#4244=CARTESIAN_POINT('',(-31.655392195,3.068601528,-1.645550155));
#4245=CARTESIAN_POINT('',(-31.525711126,3.069174702,-1.7));
#4246=CARTESIAN_POINT('',(-31.393711817,3.069900446,-1.7));
#4247=B_SPLINE_CURVE_WITH_KNOTS('',3,(#4237,#4238,#4239,#4240,#4241,#4242,#4243,#4244,#4245,#4246),.UNSPECIFIED.,.F.,.F.,(4,3,3,4),(0.,0.000195192,0.000390383,0.000780767),.UNSPECIFIED.);
#4248=EDGE_CURVE('',#3508,#3653,#4247,.T.);
#4249=ORIENTED_EDGE('',*,*,#4248,.T.);
#4250=ORIENTED_EDGE('',*,*,#3658,.F.);
#4251=CARTESIAN_POINT('',(-31.893711817,-3.067652318,-1.2));
#4252=CARTESIAN_POINT('',(-31.893711817,-3.067652318,-1.266000669));
#4253=CARTESIAN_POINT('',(-31.880733041,-3.067700437,-1.330761803));
#4254=CARTESIAN_POINT('',(-31.855682775,-3.067796346,-1.391266394));
#4255=CARTESIAN_POINT('',(-31.830632509,-3.067892254,-1.451770986));
#4256=CARTESIAN_POINT('',(-31.793558068,-3.068035848,-1.507198415));
#4257=CARTESIAN_POINT('',(-31.747502777,-3.068224408,-1.553315661));
#4258=CARTESIAN_POINT('',(-31.655392195,-3.068601528,-1.645550155));
#4259=CARTESIAN_POINT('',(-31.525711154,-3.069179733,-1.7));
#4260=CARTESIAN_POINT('',(-31.393711817,-3.069900446,-1.7));
#4261=B_SPLINE_CURVE_WITH_KNOTS('',3,(#4251,#4252,#4253,#4254,#4255,#4256,#4257,#4258,#4259,#4260),.UNSPECIFIED.,.F.,.F.,(4,3,3,4),(0.,0.000195192,0.000390383,0.000780767),.UNSPECIFIED.);
#4262=EDGE_CURVE('',#3474,#3644,#4261,.T.);
#4263=ORIENTED_EDGE('',*,*,#4262,.F.);
#4264=ORIENTED_EDGE('',*,*,#3519,.F.);
#4265=EDGE_LOOP('',(#4249,#4250,#4263,#4264));
#4266=FACE_BOUND('',#4265,.T.);
#4267=ADVANCED_FACE('',(#4266),#4236,.T.);
#4268=CARTESIAN_POINT('',(-22.797101813,3.849133026,-1.2));
#4269=DIRECTION('',(0.,0.,-1.));
#4270=DIRECTION('',(-1.,0.,0.));
#4271=AXIS2_PLACEMENT_3D('',#4268,#4269,#4270);
#4272=DEGENERATE_TOROIDAL_SURFACE('',#4271,0.4,0.5,.T.);
#4273=ORIENTED_EDGE('',*,*,#4226,.T.);
#4274=ORIENTED_EDGE('',*,*,#3595,.F.);
#4275=CARTESIAN_POINT('',(-22.397102642,3.848318785,-1.2));
#4276=DIRECTION('',(-0.002035603,-0.999997928,0.));
#4277=DIRECTION('',(0.999997928,-0.002035603,0.));
#4278=AXIS2_PLACEMENT_3D('',#4275,#4276,#4277);
#4279=CIRCLE('',#4278,0.5);
#4280=EDGE_CURVE('',#3608,#3402,#4279,.T.);
#4281=ORIENTED_EDGE('',*,*,#4280,.F.);
#4282=ORIENTED_EDGE('',*,*,#3691,.F.);
#4283=EDGE_LOOP('',(#4273,#4274,#4281,#4282));
#4284=FACE_BOUND('',#4283,.T.);
#4285=ADVANCED_FACE('',(#4284),#4272,.T.);
#4286=CARTESIAN_POINT('',(-30.993737087,-3.074396582,-1.2));
#4287=DIRECTION('',(0.,0.,-1.));
#4288=DIRECTION('',(-1.,0.,0.));
#4289=AXIS2_PLACEMENT_3D('',#4286,#4287,#4288);
#4290=DEGENERATE_TOROIDAL_SURFACE('',#4289,0.4,0.5,.T.);
#4291=CARTESIAN_POINT('',(-31.393737087,-3.074396582,-1.2));
#4292=DIRECTION('',(-0.,1.,-0.));
#4293=DIRECTION('',(-1.,0.,0.));
#4294=AXIS2_PLACEMENT_3D('',#4291,#4292,#4293);
#4295=CIRCLE('',#4294,0.5);
#4296=EDGE_CURVE('',#3635,#3482,#4295,.T.);
#4297=ORIENTED_EDGE('',*,*,#4296,.T.);
#4298=ORIENTED_EDGE('',*,*,#3488,.F.);
#4299=ORIENTED_EDGE('',*,*,#4262,.T.);
#4300=ORIENTED_EDGE('',*,*,#3650,.F.);
#4301=EDGE_LOOP('',(#4297,#4298,#4299,#4300));
#4302=FACE_BOUND('',#4301,.T.);
#4303=ADVANCED_FACE('',(#4302),#4290,.T.);
#4304=CARTESIAN_POINT('',(-22.397103678,1.923650492,-1.2));
#4305=DIRECTION('',(0.,1.,0.));
#4306=DIRECTION('',(0.,-0.,1.));
#4307=AXIS2_PLACEMENT_3D('',#4304,#4305,#4306);
#4308=CYLINDRICAL_SURFACE('',#4307,0.5);
#4309=ORIENTED_EDGE('',*,*,#4280,.T.);
#4310=ORIENTED_EDGE('',*,*,#3407,.F.);
#4311=CARTESIAN_POINT('',(-22.397103678,-3.848318785,-1.2));
#4312=DIRECTION('',(0.002035599,-0.999997928,0.));
#4313=DIRECTION('',(0.999997928,0.002035599,0.));
#4314=AXIS2_PLACEMENT_3D('',#4311,#4312,#4313);
#4315=CIRCLE('',#4314,0.5);
#4316=EDGE_CURVE('',#3610,#3394,#4315,.T.);
#4317=ORIENTED_EDGE('',*,*,#4316,.F.);
#4318=ORIENTED_EDGE('',*,*,#3615,.F.);
#4319=EDGE_LOOP('',(#4309,#4310,#4317,#4318));
#4320=FACE_BOUND('',#4319,.T.);
#4321=ADVANCED_FACE('',(#4320),#4308,.T.);
#4322=CARTESIAN_POINT('',(-0.60696864,-6.366505344,-1.2));
#4323=DIRECTION('',(0.995486099,-0.094907459,0.));
#4324=DIRECTION('',(0.094907459,0.995486099,0.));
#4325=AXIS2_PLACEMENT_3D('',#4322,#4323,#4324);
#4326=CYLINDRICAL_SURFACE('',#4325,0.5);
#4327=CARTESIAN_POINT('',(-31.187495891,-3.95329221,-1.2));
#4328=CARTESIAN_POINT('',(-31.187495891,-3.95329221,-1.266112697));
#4329=CARTESIAN_POINT('',(-31.185475942,-3.940396649,-1.33099062));
#4330=CARTESIAN_POINT('',(-31.181531797,-3.915538611,-1.391556406));
#4331=CARTESIAN_POINT('',(-31.177587652,-3.890680574,-1.452122192));
#4332=CARTESIAN_POINT('',(-31.171723016,-3.853891908,-1.507588212));
#4333=CARTESIAN_POINT('',(-31.16428094,-3.808268161,-1.553679433));
#4334=CARTESIAN_POINT('',(-31.149396789,-3.717020668,-1.645861874));
#4335=CARTESIAN_POINT('',(-31.127993139,-3.588965155,-1.7));
#4336=CARTESIAN_POINT('',(-31.103547329,-3.459028498,-1.7));
#4337=B_SPLINE_CURVE_WITH_KNOTS('',3,(#4327,#4328,#4329,#4330,#4331,#4332,#4333,#4334,#4335,#4336),.UNSPECIFIED.,.F.,.F.,(4,3,3,4),(0.,0.000195521,0.000391043,0.000782085),.UNSPECIFIED.);
#4338=EDGE_CURVE('',#3450,#3627,#4337,.T.);
#4339=ORIENTED_EDGE('',*,*,#4338,.T.);
#4340=ORIENTED_EDGE('',*,*,#3632,.F.);
#4341=CARTESIAN_POINT('',(-22.835064796,-4.247327466,-1.2));
#4342=DIRECTION('',(0.995486099,-0.094907459,0.));
#4343=DIRECTION('',(0.094907459,0.995486099,-0.));
#4344=AXIS2_PLACEMENT_3D('',#4341,#4342,#4343);
#4345=CIRCLE('',#4344,0.5);
#4346=EDGE_CURVE('',#3425,#3618,#4345,.T.);
#4347=ORIENTED_EDGE('',*,*,#4346,.F.);
#4348=ORIENTED_EDGE('',*,*,#3461,.F.);
#4349=EDGE_LOOP('',(#4339,#4340,#4347,#4348));
#4350=FACE_BOUND('',#4349,.T.);
#4351=ADVANCED_FACE('',(#4350),#4326,.T.);
#4352=CARTESIAN_POINT('',(-22.797101813,-3.849133026,-1.2));
#4353=DIRECTION('',(0.,0.,-1.));
#4354=DIRECTION('',(-1.,0.,0.));
#4355=AXIS2_PLACEMENT_3D('',#4352,#4353,#4354);
#4356=DEGENERATE_TOROIDAL_SURFACE('',#4355,0.4,0.5,.T.);
#4357=ORIENTED_EDGE('',*,*,#4316,.T.);
#4358=ORIENTED_EDGE('',*,*,#3437,.F.);
#4359=ORIENTED_EDGE('',*,*,#4346,.T.);
#4360=ORIENTED_EDGE('',*,*,#3624,.F.);
#4361=EDGE_LOOP('',(#4357,#4358,#4359,#4360));
#4362=FACE_BOUND('',#4361,.T.);
#4363=ADVANCED_FACE('',(#4362),#4356,.T.);
#4364=CARTESIAN_POINT('',(-19.101826195,4.208145253,-1.2));
#4365=DIRECTION('',(0.,0.,-1.));
#4366=DIRECTION('',(-1.,0.,0.));
#4367=AXIS2_PLACEMENT_3D('',#4364,#4365,#4366);
#4368=DEGENERATE_TOROIDAL_SURFACE('',#4367,0.4,0.5,.T.);
#4369=CARTESIAN_POINT('',(-19.501826195,4.208145253,-1.2));
#4370=DIRECTION('',(-0.,1.,-0.));
#4371=DIRECTION('',(-1.,0.,0.));
#4372=AXIS2_PLACEMENT_3D('',#4369,#4370,#4371);
#4373=CIRCLE('',#4372,0.5);
#4374=EDGE_CURVE('',#3353,#3232,#4373,.T.);
#4375=ORIENTED_EDGE('',*,*,#4374,.T.);
#4376=ORIENTED_EDGE('',*,*,#3238,.F.);
#4377=CARTESIAN_POINT('',(-19.211636437,4.592777169,-1.7));
#4378=CARTESIAN_POINT('',(-19.236087338,4.722712869,-1.7));
#4379=CARTESIAN_POINT('',(-19.257485898,4.850769339,-1.645861874));
#4380=CARTESIAN_POINT('',(-19.272370049,4.942016833,-1.553679433));
#4381=CARTESIAN_POINT('',(-19.279812125,4.98764058,-1.507588212));
#4382=CARTESIAN_POINT('',(-19.285676761,5.024429246,-1.452122192));
#4383=CARTESIAN_POINT('',(-19.289620906,5.049287283,-1.391556406));
#4384=CARTESIAN_POINT('',(-19.293565051,5.07414532,-1.33099062));
#4385=CARTESIAN_POINT('',(-19.295585,5.087040882,-1.266112697));
#4386=CARTESIAN_POINT('',(-19.295585,5.087040882,-1.2));
#4387=B_SPLINE_CURVE_WITH_KNOTS('',3,(#4377,#4378,#4379,#4380,#4381,#4382,#4383,#4384,#4385,#4386),.UNSPECIFIED.,.F.,.F.,(4,3,3,4),(0.,0.000391043,0.000586564,0.000782085),.UNSPECIFIED.);
#4388=EDGE_CURVE('',#3362,#3224,#4387,.T.);
#4389=ORIENTED_EDGE('',*,*,#4388,.F.);
#4390=ORIENTED_EDGE('',*,*,#3368,.F.);
#4391=EDGE_LOOP('',(#4375,#4376,#4389,#4390));
#4392=FACE_BOUND('',#4391,.T.);
#4393=ADVANCED_FACE('',(#4392),#4368,.T.);
#4394=CARTESIAN_POINT('',(-15.095642588,4.985186985,-1.2));
#4395=DIRECTION('',(-0.995486099,-0.094907459,0.));
#4396=DIRECTION('',(0.094907459,-0.995486099,0.));
#4397=AXIS2_PLACEMENT_3D('',#4394,#4395,#4396);
#4398=CYLINDRICAL_SURFACE('',#4397,0.5);
#4399=ORIENTED_EDGE('',*,*,#4388,.T.);
#4400=ORIENTED_EDGE('',*,*,#3269,.F.);
#4401=CARTESIAN_POINT('',(-10.943153905,5.381076137,-1.2));
#4402=DIRECTION('',(0.995486099,0.094907459,0.));
#4403=DIRECTION('',(-0.094907459,0.995486099,0.));
#4404=AXIS2_PLACEMENT_3D('',#4401,#4402,#4403);
#4405=CIRCLE('',#4404,0.5);
#4406=EDGE_CURVE('',#3371,#3258,#4405,.T.);
#4407=ORIENTED_EDGE('',*,*,#4406,.F.);
#4408=ORIENTED_EDGE('',*,*,#3376,.F.);
#4409=EDGE_LOOP('',(#4399,#4400,#4407,#4408));
#4410=FACE_BOUND('',#4409,.T.);
#4411=ADVANCED_FACE('',(#4410),#4398,.T.);
#4412=CARTESIAN_POINT('',(-19.501800925,-2.100700495,-1.2));
#4413=DIRECTION('',(0.,-1.,0.));
#4414=DIRECTION('',(0.,0.,-1.));
#4415=AXIS2_PLACEMENT_3D('',#4412,#4413,#4414);
#4416=CYLINDRICAL_SURFACE('',#4415,0.5);
#4417=CARTESIAN_POINT('',(-20.001800925,4.20140099,-1.2));
#4418=CARTESIAN_POINT('',(-20.001800925,4.20140099,-1.266000669));
#4419=CARTESIAN_POINT('',(-19.988822149,4.201449109,-1.330761803));
#4420=CARTESIAN_POINT('',(-19.963771884,4.201545017,-1.391266394));
#4421=CARTESIAN_POINT('',(-19.938721618,4.201640926,-1.451770986));
#4422=CARTESIAN_POINT('',(-19.901647176,4.201784519,-1.507198415));
#4423=CARTESIAN_POINT('',(-19.855591885,4.201973079,-1.553315661));
#4424=CARTESIAN_POINT('',(-19.763481304,4.2023502,-1.645550155));
#4425=CARTESIAN_POINT('',(-19.633800235,4.202923374,-1.7));
#4426=CARTESIAN_POINT('',(-19.501800925,4.203649117,-1.7));
#4427=B_SPLINE_CURVE_WITH_KNOTS('',3,(#4417,#4418,#4419,#4420,#4421,#4422,#4423,#4424,#4425,#4426),.UNSPECIFIED.,.F.,.F.,(4,3,3,4),(0.,0.000195192,0.000390383,0.000780767),.UNSPECIFIED.);
#4428=EDGE_CURVE('',#3200,#3345,#4427,.T.);
#4429=ORIENTED_EDGE('',*,*,#4428,.T.);
#4430=ORIENTED_EDGE('',*,*,#3350,.F.);
#4431=CARTESIAN_POINT('',(-20.001800925,-4.20140099,-1.2));
#4432=CARTESIAN_POINT('',(-20.001800925,-4.20140099,-1.266000669));
#4433=CARTESIAN_POINT('',(-19.988822149,-4.201449109,-1.330761803));
#4434=CARTESIAN_POINT('',(-19.963771884,-4.201545017,-1.391266394));
#4435=CARTESIAN_POINT('',(-19.938721618,-4.201640926,-1.451770986));
#4436=CARTESIAN_POINT('',(-19.901647176,-4.201784519,-1.507198415));
#4437=CARTESIAN_POINT('',(-19.855591885,-4.201973079,-1.553315661));
#4438=CARTESIAN_POINT('',(-19.763481304,-4.2023502,-1.645550155));
#4439=CARTESIAN_POINT('',(-19.633800263,-4.202928404,-1.7));
#4440=CARTESIAN_POINT('',(-19.501800925,-4.203649117,-1.7));
#4441=B_SPLINE_CURVE_WITH_KNOTS('',3,(#4431,#4432,#4433,#4434,#4435,#4436,#4437,#4438,#4439,#4440),.UNSPECIFIED.,.F.,.F.,(4,3,3,4),(0.,0.000195192,0.000390383,0.000780767),.UNSPECIFIED.);
#4442=EDGE_CURVE('',#3166,#3336,#4441,.T.);
#4443=ORIENTED_EDGE('',*,*,#4442,.F.);
#4444=ORIENTED_EDGE('',*,*,#3211,.F.);
#4445=EDGE_LOOP('',(#4429,#4430,#4443,#4444));
#4446=FACE_BOUND('',#4445,.T.);
#4447=ADVANCED_FACE('',(#4446),#4416,.T.);
#4448=CARTESIAN_POINT('',(-10.905190922,4.982881698,-1.2));
#4449=DIRECTION('',(0.,0.,-1.));
#4450=DIRECTION('',(-1.,0.,0.));
#4451=AXIS2_PLACEMENT_3D('',#4448,#4449,#4450);
#4452=DEGENERATE_TOROIDAL_SURFACE('',#4451,0.4,0.5,.T.);
#4453=ORIENTED_EDGE('',*,*,#4406,.T.);
#4454=ORIENTED_EDGE('',*,*,#3287,.F.);
#4455=CARTESIAN_POINT('',(-10.50519175,4.982067456,-1.2));
#4456=DIRECTION('',(-0.002035603,-0.999997928,0.));
#4457=DIRECTION('',(0.999997928,-0.002035603,0.));
#4458=AXIS2_PLACEMENT_3D('',#4455,#4456,#4457);
#4459=CIRCLE('',#4458,0.5);
#4460=EDGE_CURVE('',#3300,#3094,#4459,.T.);
#4461=ORIENTED_EDGE('',*,*,#4460,.F.);
#4462=ORIENTED_EDGE('',*,*,#3383,.F.);
#4463=EDGE_LOOP('',(#4453,#4454,#4461,#4462));
#4464=FACE_BOUND('',#4463,.T.);
#4465=ADVANCED_FACE('',(#4464),#4452,.T.);
#4466=CARTESIAN_POINT('',(-19.101826195,-4.208145253,-1.2));
#4467=DIRECTION('',(0.,0.,-1.));
#4468=DIRECTION('',(-1.,0.,0.));
#4469=AXIS2_PLACEMENT_3D('',#4466,#4467,#4468);
#4470=DEGENERATE_TOROIDAL_SURFACE('',#4469,0.4,0.5,.T.);
#4471=CARTESIAN_POINT('',(-19.501826195,-4.208145253,-1.2));
#4472=DIRECTION('',(-0.,1.,-0.));
#4473=DIRECTION('',(-1.,0.,0.));
#4474=AXIS2_PLACEMENT_3D('',#4471,#4472,#4473);
#4475=CIRCLE('',#4474,0.5);
#4476=EDGE_CURVE('',#3327,#3174,#4475,.T.);
#4477=ORIENTED_EDGE('',*,*,#4476,.T.);
#4478=ORIENTED_EDGE('',*,*,#3180,.F.);
#4479=ORIENTED_EDGE('',*,*,#4442,.T.);
#4480=ORIENTED_EDGE('',*,*,#3342,.F.);
#4481=EDGE_LOOP('',(#4477,#4478,#4479,#4480));
#4482=FACE_BOUND('',#4481,.T.);
#4483=ADVANCED_FACE('',(#4482),#4470,.T.);
#4484=CARTESIAN_POINT('',(-10.505192786,2.490524828,-1.2));
#4485=DIRECTION('',(0.,1.,0.));
#4486=DIRECTION('',(0.,-0.,1.));
#4487=AXIS2_PLACEMENT_3D('',#4484,#4485,#4486);
#4488=CYLINDRICAL_SURFACE('',#4487,0.5);
#4489=ORIENTED_EDGE('',*,*,#4460,.T.);
#4490=ORIENTED_EDGE('',*,*,#3099,.F.);
#4491=CARTESIAN_POINT('',(-10.505192786,-4.982067456,-1.2));
#4492=DIRECTION('',(0.002035599,-0.999997928,0.));
#4493=DIRECTION('',(0.999997928,0.002035599,0.));
#4494=AXIS2_PLACEMENT_3D('',#4491,#4492,#4493);
#4495=CIRCLE('',#4494,0.5);
#4496=EDGE_CURVE('',#3302,#3086,#4495,.T.);
#4497=ORIENTED_EDGE('',*,*,#4496,.F.);
#4498=ORIENTED_EDGE('',*,*,#3307,.F.);
#4499=EDGE_LOOP('',(#4489,#4490,#4497,#4498));
#4500=FACE_BOUND('',#4499,.T.);
#4501=ADVANCED_FACE('',(#4500),#4488,.T.);
#4502=CARTESIAN_POINT('',(-0.60696864,-6.366505344,-1.2));
#4503=DIRECTION('',(0.995486099,-0.094907459,0.));
#4504=DIRECTION('',(0.094907459,0.995486099,0.));
#4505=AXIS2_PLACEMENT_3D('',#4502,#4503,#4504);
#4506=CYLINDRICAL_SURFACE('',#4505,0.5);
#4507=CARTESIAN_POINT('',(-19.295585,-5.087040882,-1.2));
#4508=CARTESIAN_POINT('',(-19.295585,-5.087040882,-1.266112697));
#4509=CARTESIAN_POINT('',(-19.293565051,-5.07414532,-1.33099062));
#4510=CARTESIAN_POINT('',(-19.289620906,-5.049287283,-1.391556406));
#4511=CARTESIAN_POINT('',(-19.285676761,-5.024429246,-1.452122192));
#4512=CARTESIAN_POINT('',(-19.279812125,-4.98764058,-1.507588212));
#4513=CARTESIAN_POINT('',(-19.272370049,-4.942016833,-1.553679433));
#4514=CARTESIAN_POINT('',(-19.257485898,-4.850769339,-1.645861874));
#4515=CARTESIAN_POINT('',(-19.236082248,-4.722713826,-1.7));
#4516=CARTESIAN_POINT('',(-19.211636437,-4.592777169,-1.7));
#4517=B_SPLINE_CURVE_WITH_KNOTS('',3,(#4507,#4508,#4509,#4510,#4511,#4512,#4513,#4514,#4515,#4516),.UNSPECIFIED.,.F.,.F.,(4,3,3,4),(0.,0.000195521,0.000391043,0.000782085),.UNSPECIFIED.);
#4518=EDGE_CURVE('',#3142,#3319,#4517,.T.);
#4519=ORIENTED_EDGE('',*,*,#4518,.T.);
#4520=ORIENTED_EDGE('',*,*,#3324,.F.);
#4521=CARTESIAN_POINT('',(-10.943153905,-5.381076137,-1.2));
#4522=DIRECTION('',(0.995486099,-0.094907459,0.));
#4523=DIRECTION('',(0.094907459,0.995486099,0.));
#4524=AXIS2_PLACEMENT_3D('',#4521,#4522,#4523);
#4525=CIRCLE('',#4524,0.5);
#4526=EDGE_CURVE('',#3117,#3310,#4525,.T.);
#4527=ORIENTED_EDGE('',*,*,#4526,.F.);
#4528=ORIENTED_EDGE('',*,*,#3153,.F.);
#4529=EDGE_LOOP('',(#4519,#4520,#4527,#4528));
#4530=FACE_BOUND('',#4529,.T.);
#4531=ADVANCED_FACE('',(#4530),#4506,.T.);
#4532=CARTESIAN_POINT('',(-10.905190922,-4.982881698,-1.2));
#4533=DIRECTION('',(0.,0.,-1.));
#4534=DIRECTION('',(-1.,0.,0.));
#4535=AXIS2_PLACEMENT_3D('',#4532,#4533,#4534);
#4536=DEGENERATE_TOROIDAL_SURFACE('',#4535,0.4,0.5,.T.);
#4537=ORIENTED_EDGE('',*,*,#4496,.T.);
#4538=ORIENTED_EDGE('',*,*,#3129,.F.);
#4539=ORIENTED_EDGE('',*,*,#4526,.T.);
#4540=ORIENTED_EDGE('',*,*,#3316,.F.);
#4541=EDGE_LOOP('',(#4537,#4538,#4539,#4540));
#4542=FACE_BOUND('',#4541,.T.);
#4543=ADVANCED_FACE('',(#4542),#4536,.T.);
#4544=CARTESIAN_POINT('',(10.905190922,4.982881698,-1.2));
#4545=DIRECTION('',(0.,0.,-1.));
#4546=DIRECTION('',(-1.,0.,0.));
#4547=AXIS2_PLACEMENT_3D('',#4544,#4545,#4546);
#4548=DEGENERATE_TOROIDAL_SURFACE('',#4547,0.4,0.5,.T.);
#4549=CARTESIAN_POINT('',(10.50519175,4.982067456,-1.2));
#4550=DIRECTION('',(0.002035599,-0.999995856,0.002035587));
#4551=DIRECTION('',(0.999997928,0.002035603,0.));
#4552=AXIS2_PLACEMENT_3D('',#4549,#4550,#4551);
#4553=CIRCLE('',#4552,0.5);
#4554=EDGE_CURVE('',#2912,#3046,#4553,.T.);
#4555=ORIENTED_EDGE('',*,*,#4554,.F.);
#4556=ORIENTED_EDGE('',*,*,#2948,.F.);
#4557=CARTESIAN_POINT('',(10.943153905,5.381076137,-1.2));
#4558=DIRECTION('',(0.995486099,-0.094907459,0.));
#4559=DIRECTION('',(0.094907459,0.995486099,0.));
#4560=AXIS2_PLACEMENT_3D('',#4557,#4558,#4559);
#4561=CIRCLE('',#4560,0.5);
#4562=EDGE_CURVE('',#3054,#2936,#4561,.T.);
#4563=ORIENTED_EDGE('',*,*,#4562,.F.);
#4564=ORIENTED_EDGE('',*,*,#3060,.F.);
#4565=EDGE_LOOP('',(#4555,#4556,#4563,#4564));
#4566=FACE_BOUND('',#4565,.T.);
#4567=ADVANCED_FACE('',(#4566),#4548,.T.);
#4568=CARTESIAN_POINT('',(0.60696864,6.366505344,-1.2));
#4569=DIRECTION('',(-0.995486099,0.094907459,0.));
#4570=DIRECTION('',(-0.094907459,-0.995486099,0.));
#4571=AXIS2_PLACEMENT_3D('',#4568,#4569,#4570);
#4572=CYLINDRICAL_SURFACE('',#4571,0.5);
#4573=ORIENTED_EDGE('',*,*,#4562,.T.);
#4574=ORIENTED_EDGE('',*,*,#2972,.F.);
#4575=CARTESIAN_POINT('',(19.211636437,4.592777169,-1.7));
#4576=CARTESIAN_POINT('',(19.236082248,4.722713826,-1.7));
#4577=CARTESIAN_POINT('',(19.257485898,4.850769339,-1.645861874));
#4578=CARTESIAN_POINT('',(19.272370049,4.942016833,-1.553679433));
#4579=CARTESIAN_POINT('',(19.279812125,4.98764058,-1.507588212));
#4580=CARTESIAN_POINT('',(19.285676761,5.024429246,-1.452122192));
#4581=CARTESIAN_POINT('',(19.289620906,5.049287283,-1.391556406));
#4582=CARTESIAN_POINT('',(19.293565051,5.07414532,-1.33099062));
#4583=CARTESIAN_POINT('',(19.295585,5.087040882,-1.266112697));
#4584=CARTESIAN_POINT('',(19.295585,5.087040882,-1.2));
#4585=B_SPLINE_CURVE_WITH_KNOTS('',3,(#4575,#4576,#4577,#4578,#4579,#4580,#4581,#4582,#4583,#4584),.UNSPECIFIED.,.F.,.F.,(4,3,3,4),(0.,0.000391043,0.000586564,0.000782085),.UNSPECIFIED.);
#4586=EDGE_CURVE('',#3063,#2961,#4585,.T.);
#4587=ORIENTED_EDGE('',*,*,#4586,.F.);
#4588=ORIENTED_EDGE('',*,*,#3068,.F.);
#4589=EDGE_LOOP('',(#4573,#4574,#4587,#4588));
#4590=FACE_BOUND('',#4589,.T.);
#4591=ADVANCED_FACE('',(#4590),#4572,.T.);
#4592=CARTESIAN_POINT('',(10.505192786,-2.490524828,-1.2));
#4593=DIRECTION('',(0.,-1.,0.));
#4594=DIRECTION('',(0.,0.,-1.));
#4595=AXIS2_PLACEMENT_3D('',#4592,#4593,#4594);
#4596=CYLINDRICAL_SURFACE('',#4595,0.5);
#4597=ORIENTED_EDGE('',*,*,#4554,.T.);
#4598=ORIENTED_EDGE('',*,*,#3051,.F.);
#4599=CARTESIAN_POINT('',(10.505192786,-4.981049655,-1.2));
#4600=DIRECTION('',(0.,-0.999997928,0.002035599));
#4601=DIRECTION('',(0.,-0.002035599,-0.999997928));
#4602=AXIS2_PLACEMENT_3D('',#4599,#4600,#4601);
#4603=CIRCLE('',#4602,0.5);
#4604=EDGE_CURVE('',#2887,#3037,#4603,.T.);
#4605=ORIENTED_EDGE('',*,*,#4604,.F.);
#4606=ORIENTED_EDGE('',*,*,#2923,.F.);
#4607=EDGE_LOOP('',(#4597,#4598,#4605,#4606));
#4608=FACE_BOUND('',#4607,.T.);
#4609=ADVANCED_FACE('',(#4608),#4596,.T.);
#4610=CARTESIAN_POINT('',(19.101826195,4.208145253,-1.2));
#4611=DIRECTION('',(0.,0.,-1.));
#4612=DIRECTION('',(-1.,0.,0.));
#4613=AXIS2_PLACEMENT_3D('',#4610,#4611,#4612);
#4614=DEGENERATE_TOROIDAL_SURFACE('',#4613,0.4,0.5,.T.);
#4615=ORIENTED_EDGE('',*,*,#4586,.T.);
#4616=ORIENTED_EDGE('',*,*,#2997,.F.);
#4617=CARTESIAN_POINT('',(19.101826195,4.208145253,-1.2));
#4618=DIRECTION('',(-0.,-0.,1.));
#4619=DIRECTION('',(-1.,0.,0.));
#4620=AXIS2_PLACEMENT_3D('',#4617,#4618,#4619);
#4621=CIRCLE('',#4620,0.9);
#4622=EDGE_CURVE('',#2808,#2985,#4621,.T.);
#4623=ORIENTED_EDGE('',*,*,#4622,.F.);
#4624=CARTESIAN_POINT('',(19.501800925,4.203649117,-1.7));
#4625=CARTESIAN_POINT('',(19.633800263,4.202928404,-1.7));
#4626=CARTESIAN_POINT('',(19.763481304,4.2023502,-1.645550155));
#4627=CARTESIAN_POINT('',(19.855591885,4.201973079,-1.553315661));
#4628=CARTESIAN_POINT('',(19.901647176,4.201784519,-1.507198415));
#4629=CARTESIAN_POINT('',(19.938721618,4.201640926,-1.451770986));
#4630=CARTESIAN_POINT('',(19.963771884,4.201545017,-1.391266394));
#4631=CARTESIAN_POINT('',(19.988822149,4.201449109,-1.330761803));
#4632=CARTESIAN_POINT('',(20.001800925,4.20140099,-1.266000669));
#4633=CARTESIAN_POINT('',(20.001800925,4.20140099,-1.2));
#4634=B_SPLINE_CURVE_WITH_KNOTS('',3,(#4624,#4625,#4626,#4627,#4628,#4629,#4630,#4631,#4632,#4633),.UNSPECIFIED.,.F.,.F.,(4,3,3,4),(0.,0.000390383,0.000585575,0.000780767),.UNSPECIFIED.);
#4635=EDGE_CURVE('',#3010,#2808,#4634,.T.);
#4636=ORIENTED_EDGE('',*,*,#4635,.F.);
#4637=ORIENTED_EDGE('',*,*,#3075,.F.);
#4638=EDGE_LOOP('',(#4615,#4616,#4623,#4636,#4637));
#4639=FACE_BOUND('',#4638,.T.);
#4640=ADVANCED_FACE('',(#4639),#4614,.T.);
#4641=CARTESIAN_POINT('',(10.905190922,-4.982881698,-1.2));
#4642=DIRECTION('',(0.,0.,-1.));
#4643=DIRECTION('',(-1.,0.,0.));
#4644=AXIS2_PLACEMENT_3D('',#4641,#4642,#4643);
#4645=DEGENERATE_TOROIDAL_SURFACE('',#4644,0.4,0.5,.T.);
#4646=ORIENTED_EDGE('',*,*,#4604,.T.);
#4647=ORIENTED_EDGE('',*,*,#3043,.F.);
#4648=CARTESIAN_POINT('',(10.943153905,-5.381076137,-1.2));
#4649=DIRECTION('',(0.995486099,0.094907459,0.));
#4650=DIRECTION('',(-0.094907459,0.995486099,0.));
#4651=AXIS2_PLACEMENT_3D('',#4648,#4649,#4650);
#4652=CIRCLE('',#4651,0.5);
#4653=EDGE_CURVE('',#2856,#3029,#4652,.T.);
#4654=ORIENTED_EDGE('',*,*,#4653,.F.);
#4655=ORIENTED_EDGE('',*,*,#2899,.F.);
#4656=EDGE_LOOP('',(#4646,#4647,#4654,#4655));
#4657=FACE_BOUND('',#4656,.T.);
#4658=ADVANCED_FACE('',(#4657),#4645,.T.);
#4659=CARTESIAN_POINT('',(19.501800925,2.100700495,-1.2));
#4660=DIRECTION('',(0.,1.,0.));
#4661=DIRECTION('',(0.,-0.,1.));
#4662=AXIS2_PLACEMENT_3D('',#4659,#4660,#4661);
#4663=CYLINDRICAL_SURFACE('',#4662,0.5);
#4664=ORIENTED_EDGE('',*,*,#4635,.T.);
#4665=ORIENTED_EDGE('',*,*,#2813,.F.);
#4666=CARTESIAN_POINT('',(19.501800925,-4.203649117,-1.7));
#4667=CARTESIAN_POINT('',(19.633800235,-4.202923374,-1.7));
#4668=CARTESIAN_POINT('',(19.763481304,-4.2023502,-1.645550155));
#4669=CARTESIAN_POINT('',(19.855591885,-4.201973079,-1.553315661));
#4670=CARTESIAN_POINT('',(19.901647176,-4.201784519,-1.507198415));
#4671=CARTESIAN_POINT('',(19.938721618,-4.201640926,-1.451770986));
#4672=CARTESIAN_POINT('',(19.963771884,-4.201545017,-1.391266394));
#4673=CARTESIAN_POINT('',(19.988822149,-4.201449109,-1.330761803));
#4674=CARTESIAN_POINT('',(20.001800925,-4.20140099,-1.266000669));
#4675=CARTESIAN_POINT('',(20.001800925,-4.20140099,-1.2));
#4676=B_SPLINE_CURVE_WITH_KNOTS('',3,(#4666,#4667,#4668,#4669,#4670,#4671,#4672,#4673,#4674,#4675),.UNSPECIFIED.,.F.,.F.,(4,3,3,4),(0.,0.000390383,0.000585575,0.000780767),.UNSPECIFIED.);
#4677=EDGE_CURVE('',#3012,#2800,#4676,.T.);
#4678=ORIENTED_EDGE('',*,*,#4677,.F.);
#4679=ORIENTED_EDGE('',*,*,#3017,.F.);
#4680=EDGE_LOOP('',(#4664,#4665,#4678,#4679));
#4681=FACE_BOUND('',#4680,.T.);
#4682=ADVANCED_FACE('',(#4681),#4663,.T.);
#4683=CARTESIAN_POINT('',(15.095642588,-4.985186985,-1.2));
#4684=DIRECTION('',(0.995486099,0.094907459,0.));
#4685=DIRECTION('',(-0.094907459,0.995486099,0.));
#4686=AXIS2_PLACEMENT_3D('',#4683,#4684,#4685);
#4687=CYLINDRICAL_SURFACE('',#4686,0.5);
#4688=ORIENTED_EDGE('',*,*,#4653,.T.);
#4689=ORIENTED_EDGE('',*,*,#3034,.F.);
#4690=CARTESIAN_POINT('',(19.295585,-5.087040882,-1.2));
#4691=CARTESIAN_POINT('',(19.295585,-5.087040882,-1.266112697));
#4692=CARTESIAN_POINT('',(19.293565051,-5.07414532,-1.33099062));
#4693=CARTESIAN_POINT('',(19.289620906,-5.049287283,-1.391556406));
#4694=CARTESIAN_POINT('',(19.285676761,-5.024429246,-1.452122192));
#4695=CARTESIAN_POINT('',(19.279812125,-4.98764058,-1.507588212));
#4696=CARTESIAN_POINT('',(19.272370049,-4.942016833,-1.553679433));
#4697=CARTESIAN_POINT('',(19.257485898,-4.850769339,-1.645861874));
#4698=CARTESIAN_POINT('',(19.236087338,-4.722712869,-1.7));
#4699=CARTESIAN_POINT('',(19.211636437,-4.592777169,-1.7));
#4700=B_SPLINE_CURVE_WITH_KNOTS('',3,(#4690,#4691,#4692,#4693,#4694,#4695,#4696,#4697,#4698,#4699),.UNSPECIFIED.,.F.,.F.,(4,3,3,4),(0.,0.000195521,0.000391043,0.000782085),.UNSPECIFIED.);
#4701=EDGE_CURVE('',#2864,#3020,#4700,.T.);
#4702=ORIENTED_EDGE('',*,*,#4701,.F.);
#4703=ORIENTED_EDGE('',*,*,#2869,.F.);
#4704=EDGE_LOOP('',(#4688,#4689,#4702,#4703));
#4705=FACE_BOUND('',#4704,.T.);
#4706=ADVANCED_FACE('',(#4705),#4687,.T.);
#4707=CARTESIAN_POINT('',(19.101826195,-4.208145253,-1.2));
#4708=DIRECTION('',(0.,0.,-1.));
#4709=DIRECTION('',(-1.,0.,0.));
#4710=AXIS2_PLACEMENT_3D('',#4707,#4708,#4709);
#4711=DEGENERATE_TOROIDAL_SURFACE('',#4710,0.4,0.5,.T.);
#4712=ORIENTED_EDGE('',*,*,#4677,.T.);
#4713=ORIENTED_EDGE('',*,*,#2843,.F.);
#4714=CARTESIAN_POINT('',(19.101826195,-4.208145253,-1.2));
#4715=DIRECTION('',(-0.,-0.,1.));
#4716=DIRECTION('',(-1.,0.,0.));
#4717=AXIS2_PLACEMENT_3D('',#4714,#4715,#4716);
#4718=CIRCLE('',#4717,0.9);
#4719=EDGE_CURVE('',#2864,#2831,#4718,.T.);
#4720=ORIENTED_EDGE('',*,*,#4719,.F.);
#4721=ORIENTED_EDGE('',*,*,#4701,.T.);
#4722=ORIENTED_EDGE('',*,*,#3026,.F.);
#4723=EDGE_LOOP('',(#4712,#4713,#4720,#4721,#4722));
#4724=FACE_BOUND('',#4723,.T.);
#4725=ADVANCED_FACE('',(#4724),#4711,.T.);
#4726=CARTESIAN_POINT('',(22.797101813,3.849133026,-1.2));
#4727=DIRECTION('',(0.,0.,-1.));
#4728=DIRECTION('',(-1.,0.,0.));
#4729=AXIS2_PLACEMENT_3D('',#4726,#4727,#4728);
#4730=DEGENERATE_TOROIDAL_SURFACE('',#4729,0.4,0.5,.T.);
#4731=CARTESIAN_POINT('',(22.397102642,3.848318785,-1.2));
#4732=DIRECTION('',(0.002035599,-0.999995856,0.002035587));
#4733=DIRECTION('',(0.999997928,0.002035603,-0.));
#4734=AXIS2_PLACEMENT_3D('',#4731,#4732,#4733);
#4735=CIRCLE('',#4734,0.5);
#4736=EDGE_CURVE('',#2626,#2760,#4735,.T.);
#4737=ORIENTED_EDGE('',*,*,#4736,.F.);
#4738=ORIENTED_EDGE('',*,*,#2662,.F.);
#4739=CARTESIAN_POINT('',(22.835064796,4.247327466,-1.2));
#4740=DIRECTION('',(0.995486099,-0.094907459,0.));
#4741=DIRECTION('',(0.094907459,0.995486099,0.));
#4742=AXIS2_PLACEMENT_3D('',#4739,#4740,#4741);
#4743=CIRCLE('',#4742,0.5);
#4744=EDGE_CURVE('',#2768,#2650,#4743,.T.);
#4745=ORIENTED_EDGE('',*,*,#4744,.F.);
#4746=ORIENTED_EDGE('',*,*,#2774,.F.);
#4747=EDGE_LOOP('',(#4737,#4738,#4745,#4746));
#4748=FACE_BOUND('',#4747,.T.);
#4749=ADVANCED_FACE('',(#4748),#4730,.T.);
#4750=CARTESIAN_POINT('',(0.60696864,6.366505344,-1.2));
#4751=DIRECTION('',(-0.995486099,0.094907459,0.));
#4752=DIRECTION('',(-0.094907459,-0.995486099,0.));
#4753=AXIS2_PLACEMENT_3D('',#4750,#4751,#4752);
#4754=CYLINDRICAL_SURFACE('',#4753,0.5);
#4755=ORIENTED_EDGE('',*,*,#4744,.T.);
#4756=ORIENTED_EDGE('',*,*,#2686,.F.);
#4757=CARTESIAN_POINT('',(31.103547329,3.459028498,-1.7));
#4758=CARTESIAN_POINT('',(31.127993139,3.588965155,-1.7));
#4759=CARTESIAN_POINT('',(31.149396789,3.717020668,-1.645861874));
#4760=CARTESIAN_POINT('',(31.16428094,3.808268161,-1.553679433));
#4761=CARTESIAN_POINT('',(31.171723016,3.853891908,-1.507588212));
#4762=CARTESIAN_POINT('',(31.177587652,3.890680574,-1.452122192));
#4763=CARTESIAN_POINT('',(31.181531797,3.915538611,-1.391556406));
#4764=CARTESIAN_POINT('',(31.185475942,3.940396649,-1.33099062));
#4765=CARTESIAN_POINT('',(31.187495891,3.95329221,-1.266112697));
#4766=CARTESIAN_POINT('',(31.187495891,3.95329221,-1.2));
#4767=B_SPLINE_CURVE_WITH_KNOTS('',3,(#4757,#4758,#4759,#4760,#4761,#4762,#4763,#4764,#4765,#4766),.UNSPECIFIED.,.F.,.F.,(4,3,3,4),(0.,0.000391043,0.000586564,0.000782085),.UNSPECIFIED.);
#4768=EDGE_CURVE('',#2777,#2675,#4767,.T.);
#4769=ORIENTED_EDGE('',*,*,#4768,.F.);
#4770=ORIENTED_EDGE('',*,*,#2782,.F.);
#4771=EDGE_LOOP('',(#4755,#4756,#4769,#4770));
#4772=FACE_BOUND('',#4771,.T.);
#4773=ADVANCED_FACE('',(#4772),#4754,.T.);
#4774=CARTESIAN_POINT('',(22.397103678,-1.923650492,-1.2));
#4775=DIRECTION('',(0.,-1.,0.));
#4776=DIRECTION('',(0.,0.,-1.));
#4777=AXIS2_PLACEMENT_3D('',#4774,#4775,#4776);
#4778=CYLINDRICAL_SURFACE('',#4777,0.5);
#4779=ORIENTED_EDGE('',*,*,#4736,.T.);
#4780=ORIENTED_EDGE('',*,*,#2765,.F.);
#4781=CARTESIAN_POINT('',(22.397103678,-3.847300984,-1.2));
#4782=DIRECTION('',(0.,-0.999997928,0.002035599));
#4783=DIRECTION('',(0.,-0.002035599,-0.999997928));
#4784=AXIS2_PLACEMENT_3D('',#4781,#4782,#4783);
#4785=CIRCLE('',#4784,0.5);
#4786=EDGE_CURVE('',#2601,#2751,#4785,.T.);
#4787=ORIENTED_EDGE('',*,*,#4786,.F.);
#4788=ORIENTED_EDGE('',*,*,#2637,.F.);
#4789=EDGE_LOOP('',(#4779,#4780,#4787,#4788));
#4790=FACE_BOUND('',#4789,.T.);
#4791=ADVANCED_FACE('',(#4790),#4778,.T.);
#4792=CARTESIAN_POINT('',(30.993737087,3.074396582,-1.2));
#4793=DIRECTION('',(0.,0.,-1.));
#4794=DIRECTION('',(-1.,0.,0.));
#4795=AXIS2_PLACEMENT_3D('',#4792,#4793,#4794);
#4796=DEGENERATE_TOROIDAL_SURFACE('',#4795,0.4,0.5,.T.);
#4797=ORIENTED_EDGE('',*,*,#4768,.T.);
#4798=ORIENTED_EDGE('',*,*,#2711,.F.);
#4799=CARTESIAN_POINT('',(30.993737087,3.074396582,-1.2));
#4800=DIRECTION('',(-0.,-0.,1.));
#4801=DIRECTION('',(-1.,0.,0.));
#4802=AXIS2_PLACEMENT_3D('',#4799,#4800,#4801);
#4803=CIRCLE('',#4802,0.9);
#4804=EDGE_CURVE('',#2522,#2699,#4803,.T.);
#4805=ORIENTED_EDGE('',*,*,#4804,.F.);
#4806=CARTESIAN_POINT('',(31.393711817,3.069900446,-1.7));
#4807=CARTESIAN_POINT('',(31.525711154,3.069179733,-1.7));
#4808=CARTESIAN_POINT('',(31.655392195,3.068601528,-1.645550155));
#4809=CARTESIAN_POINT('',(31.747502777,3.068224408,-1.553315661));
#4810=CARTESIAN_POINT('',(31.793558068,3.068035848,-1.507198415));
#4811=CARTESIAN_POINT('',(31.830632509,3.067892254,-1.451770986));
#4812=CARTESIAN_POINT('',(31.855682775,3.067796346,-1.391266394));
#4813=CARTESIAN_POINT('',(31.880733041,3.067700437,-1.330761803));
#4814=CARTESIAN_POINT('',(31.893711817,3.067652318,-1.266000669));
#4815=CARTESIAN_POINT('',(31.893711817,3.067652318,-1.2));
#4816=B_SPLINE_CURVE_WITH_KNOTS('',3,(#4806,#4807,#4808,#4809,#4810,#4811,#4812,#4813,#4814,#4815),.UNSPECIFIED.,.F.,.F.,(4,3,3,4),(0.,0.000390383,0.000585575,0.000780767),.UNSPECIFIED.);
#4817=EDGE_CURVE('',#2724,#2522,#4816,.T.);
#4818=ORIENTED_EDGE('',*,*,#4817,.F.);
#4819=ORIENTED_EDGE('',*,*,#2789,.F.);
#4820=EDGE_LOOP('',(#4797,#4798,#4805,#4818,#4819));
#4821=FACE_BOUND('',#4820,.T.);
#4822=ADVANCED_FACE('',(#4821),#4796,.T.);
#4823=CARTESIAN_POINT('',(22.797101813,-3.849133026,-1.2));
#4824=DIRECTION('',(0.,0.,-1.));
#4825=DIRECTION('',(-1.,0.,0.));
#4826=AXIS2_PLACEMENT_3D('',#4823,#4824,#4825);
#4827=DEGENERATE_TOROIDAL_SURFACE('',#4826,0.4,0.5,.T.);
#4828=ORIENTED_EDGE('',*,*,#4786,.T.);
#4829=ORIENTED_EDGE('',*,*,#2757,.F.);
#4830=CARTESIAN_POINT('',(22.835064796,-4.247327466,-1.2));
#4831=DIRECTION('',(0.995486099,0.094907459,-0.));
#4832=DIRECTION('',(-0.094907459,0.995486099,-0.));
#4833=AXIS2_PLACEMENT_3D('',#4830,#4831,#4832);
#4834=CIRCLE('',#4833,0.5);
#4835=EDGE_CURVE('',#2570,#2743,#4834,.T.);
#4836=ORIENTED_EDGE('',*,*,#4835,.F.);
#4837=ORIENTED_EDGE('',*,*,#2613,.F.);
#4838=EDGE_LOOP('',(#4828,#4829,#4836,#4837));
#4839=FACE_BOUND('',#4838,.T.);
#4840=ADVANCED_FACE('',(#4839),#4827,.T.);
#4841=CARTESIAN_POINT('',(31.393711817,1.533826159,-1.2));
#4842=DIRECTION('',(0.,1.,0.));
#4843=DIRECTION('',(0.,-0.,1.));
#4844=AXIS2_PLACEMENT_3D('',#4841,#4842,#4843);
#4845=CYLINDRICAL_SURFACE('',#4844,0.5);
#4846=ORIENTED_EDGE('',*,*,#4817,.T.);
#4847=ORIENTED_EDGE('',*,*,#2527,.F.);
#4848=CARTESIAN_POINT('',(31.393711817,-3.069900446,-1.7));
#4849=CARTESIAN_POINT('',(31.525711126,-3.069174702,-1.7));
#4850=CARTESIAN_POINT('',(31.655392195,-3.068601528,-1.645550155));
#4851=CARTESIAN_POINT('',(31.747502777,-3.068224408,-1.553315661));
#4852=CARTESIAN_POINT('',(31.793558068,-3.068035848,-1.507198415));
#4853=CARTESIAN_POINT('',(31.830632509,-3.067892254,-1.451770986));
#4854=CARTESIAN_POINT('',(31.855682775,-3.067796346,-1.391266394));
#4855=CARTESIAN_POINT('',(31.880733041,-3.067700437,-1.330761803));
#4856=CARTESIAN_POINT('',(31.893711817,-3.067652318,-1.266000669));
#4857=CARTESIAN_POINT('',(31.893711817,-3.067652318,-1.2));
#4858=B_SPLINE_CURVE_WITH_KNOTS('',3,(#4848,#4849,#4850,#4851,#4852,#4853,#4854,#4855,#4856,#4857),.UNSPECIFIED.,.F.,.F.,(4,3,3,4),(0.,0.000390383,0.000585575,0.000780767),.UNSPECIFIED.);
#4859=EDGE_CURVE('',#2726,#2514,#4858,.T.);
#4860=ORIENTED_EDGE('',*,*,#4859,.F.);
#4861=ORIENTED_EDGE('',*,*,#2731,.F.);
#4862=EDGE_LOOP('',(#4846,#4847,#4860,#4861));
#4863=FACE_BOUND('',#4862,.T.);
#4864=ADVANCED_FACE('',(#4863),#4845,.T.);
#4865=CARTESIAN_POINT('',(26.987553479,-3.851438313,-1.2));
#4866=DIRECTION('',(0.995486099,0.094907459,0.));
#4867=DIRECTION('',(-0.094907459,0.995486099,0.));
#4868=AXIS2_PLACEMENT_3D('',#4865,#4866,#4867);
#4869=CYLINDRICAL_SURFACE('',#4868,0.5);
#4870=ORIENTED_EDGE('',*,*,#4835,.T.);
#4871=ORIENTED_EDGE('',*,*,#2748,.F.);
#4872=CARTESIAN_POINT('',(31.187495891,-3.95329221,-1.2));
#4873=CARTESIAN_POINT('',(31.187495891,-3.95329221,-1.266112697));
#4874=CARTESIAN_POINT('',(31.185475942,-3.940396649,-1.33099062));
#4875=CARTESIAN_POINT('',(31.181531797,-3.915538611,-1.391556406));
#4876=CARTESIAN_POINT('',(31.177587652,-3.890680574,-1.452122192));
#4877=CARTESIAN_POINT('',(31.171723016,-3.853891908,-1.507588212));
#4878=CARTESIAN_POINT('',(31.16428094,-3.808268161,-1.553679433));
#4879=CARTESIAN_POINT('',(31.149396789,-3.717020668,-1.645861874));
#4880=CARTESIAN_POINT('',(31.127998229,-3.588964197,-1.7));
#4881=CARTESIAN_POINT('',(31.103547329,-3.459028498,-1.7));
#4882=B_SPLINE_CURVE_WITH_KNOTS('',3,(#4872,#4873,#4874,#4875,#4876,#4877,#4878,#4879,#4880,#4881),.UNSPECIFIED.,.F.,.F.,(4,3,3,4),(0.,0.000195521,0.000391043,0.000782085),.UNSPECIFIED.);
#4883=EDGE_CURVE('',#2578,#2734,#4882,.T.);
#4884=ORIENTED_EDGE('',*,*,#4883,.F.);
#4885=ORIENTED_EDGE('',*,*,#2583,.F.);
#4886=EDGE_LOOP('',(#4870,#4871,#4884,#4885));
#4887=FACE_BOUND('',#4886,.T.);
#4888=ADVANCED_FACE('',(#4887),#4869,.T.);
#4889=CARTESIAN_POINT('',(30.993737087,-3.074396582,-1.2));
#4890=DIRECTION('',(0.,0.,-1.));
#4891=DIRECTION('',(-1.,0.,0.));
#4892=AXIS2_PLACEMENT_3D('',#4889,#4890,#4891);
#4893=DEGENERATE_TOROIDAL_SURFACE('',#4892,0.4,0.5,.T.);
#4894=ORIENTED_EDGE('',*,*,#4859,.T.);
#4895=ORIENTED_EDGE('',*,*,#2557,.F.);
#4896=CARTESIAN_POINT('',(30.993737087,-3.074396582,-1.2));
#4897=DIRECTION('',(-0.,-0.,1.));
#4898=DIRECTION('',(-1.,0.,0.));
#4899=AXIS2_PLACEMENT_3D('',#4896,#4897,#4898);
#4900=CIRCLE('',#4899,0.9);
#4901=EDGE_CURVE('',#2578,#2545,#4900,.T.);
#4902=ORIENTED_EDGE('',*,*,#4901,.F.);
#4903=ORIENTED_EDGE('',*,*,#4883,.T.);
#4904=ORIENTED_EDGE('',*,*,#2740,.F.);
#4905=EDGE_LOOP('',(#4894,#4895,#4902,#4903,#4904));
#4906=FACE_BOUND('',#4905,.T.);
#4907=ADVANCED_FACE('',(#4906),#4893,.T.);
#4908=CARTESIAN_POINT('',(34.689012704,2.715384355,-1.2));
#4909=DIRECTION('',(0.,0.,-1.));
#4910=DIRECTION('',(-1.,0.,0.));
#4911=AXIS2_PLACEMENT_3D('',#4908,#4909,#4910);
#4912=DEGENERATE_TOROIDAL_SURFACE('',#4911,0.4,0.5,.T.);
#4913=CARTESIAN_POINT('',(34.289013533,2.714570114,-1.2));
#4914=DIRECTION('',(0.002035599,-0.999995856,0.002035587));
#4915=DIRECTION('',(0.999997928,0.002035603,0.));
#4916=AXIS2_PLACEMENT_3D('',#4913,#4914,#4915);
#4917=CIRCLE('',#4916,0.5);
#4918=EDGE_CURVE('',#2340,#2474,#4917,.T.);
#4919=ORIENTED_EDGE('',*,*,#4918,.F.);
#4920=ORIENTED_EDGE('',*,*,#2376,.F.);
#4921=CARTESIAN_POINT('',(34.726975688,3.113578794,-1.2));
#4922=DIRECTION('',(0.995486099,-0.094907459,0.));
#4923=DIRECTION('',(0.094907459,0.995486099,0.));
#4924=AXIS2_PLACEMENT_3D('',#4921,#4922,#4923);
#4925=CIRCLE('',#4924,0.5);
#4926=EDGE_CURVE('',#2482,#2364,#4925,.T.);
#4927=ORIENTED_EDGE('',*,*,#4926,.F.);
#4928=ORIENTED_EDGE('',*,*,#2488,.F.);
#4929=EDGE_LOOP('',(#4919,#4920,#4927,#4928));
#4930=FACE_BOUND('',#4929,.T.);
#4931=ADVANCED_FACE('',(#4930),#4912,.T.);
#4932=CARTESIAN_POINT('',(0.60696864,6.366505344,-1.2));
#4933=DIRECTION('',(-0.995486099,0.094907459,0.));
#4934=DIRECTION('',(-0.094907459,-0.995486099,0.));
#4935=AXIS2_PLACEMENT_3D('',#4932,#4933,#4934);
#4936=CYLINDRICAL_SURFACE('',#4935,0.5);
#4937=ORIENTED_EDGE('',*,*,#4926,.T.);
#4938=ORIENTED_EDGE('',*,*,#2400,.F.);
#4939=CARTESIAN_POINT('',(42.99545822,2.325279826,-1.7));
#4940=CARTESIAN_POINT('',(43.019904031,2.455216484,-1.7));
#4941=CARTESIAN_POINT('',(43.04130768,2.583271997,-1.645861874));
#4942=CARTESIAN_POINT('',(43.056191832,2.67451949,-1.553679433));
#4943=CARTESIAN_POINT('',(43.063633907,2.720143237,-1.507588212));
#4944=CARTESIAN_POINT('',(43.069498544,2.756931903,-1.452122192));
#4945=CARTESIAN_POINT('',(43.073442688,2.78178994,-1.391556406));
#4946=CARTESIAN_POINT('',(43.077386833,2.806647977,-1.33099062));
#4947=CARTESIAN_POINT('',(43.079406782,2.819543539,-1.266112697));
#4948=CARTESIAN_POINT('',(43.079406782,2.819543539,-1.2));
#4949=B_SPLINE_CURVE_WITH_KNOTS('',3,(#4939,#4940,#4941,#4942,#4943,#4944,#4945,#4946,#4947,#4948),.UNSPECIFIED.,.F.,.F.,(4,3,3,4),(0.,0.000391043,0.000586564,0.000782085),.UNSPECIFIED.);
#4950=EDGE_CURVE('',#2491,#2389,#4949,.T.);
#4951=ORIENTED_EDGE('',*,*,#4950,.F.);
#4952=ORIENTED_EDGE('',*,*,#2496,.F.);
#4953=EDGE_LOOP('',(#4937,#4938,#4951,#4952));
#4954=FACE_BOUND('',#4953,.T.);
#4955=ADVANCED_FACE('',(#4954),#4936,.T.);
#4956=CARTESIAN_POINT('',(34.289014569,-1.356776156,-1.2));
#4957=DIRECTION('',(0.,-1.,0.));
#4958=DIRECTION('',(0.,0.,-1.));
#4959=AXIS2_PLACEMENT_3D('',#4956,#4957,#4958);
#4960=CYLINDRICAL_SURFACE('',#4959,0.5);
#4961=ORIENTED_EDGE('',*,*,#4918,.T.);
#4962=ORIENTED_EDGE('',*,*,#2479,.F.);
#4963=CARTESIAN_POINT('',(34.289014569,-2.713552312,-1.2));
#4964=DIRECTION('',(0.,-0.999997928,0.002035599));
#4965=DIRECTION('',(0.,-0.002035599,-0.999997928));
#4966=AXIS2_PLACEMENT_3D('',#4963,#4964,#4965);
#4967=CIRCLE('',#4966,0.5);
#4968=EDGE_CURVE('',#2315,#2465,#4967,.T.);
#4969=ORIENTED_EDGE('',*,*,#4968,.F.);
#4970=ORIENTED_EDGE('',*,*,#2351,.F.);
#4971=EDGE_LOOP('',(#4961,#4962,#4969,#4970));
#4972=FACE_BOUND('',#4971,.T.);
#4973=ADVANCED_FACE('',(#4972),#4960,.T.);
#4974=CARTESIAN_POINT('',(42.885647978,1.94064791,-1.2));
#4975=DIRECTION('',(0.,0.,-1.));
#4976=DIRECTION('',(-1.,0.,0.));
#4977=AXIS2_PLACEMENT_3D('',#4974,#4975,#4976);
#4978=DEGENERATE_TOROIDAL_SURFACE('',#4977,0.4,0.5,.T.);
#4979=ORIENTED_EDGE('',*,*,#4950,.T.);
#4980=ORIENTED_EDGE('',*,*,#2425,.F.);
#4981=CARTESIAN_POINT('',(42.885647978,1.94064791,-1.2));
#4982=DIRECTION('',(-0.,-0.,1.));
#4983=DIRECTION('',(-1.,0.,0.));
#4984=AXIS2_PLACEMENT_3D('',#4981,#4982,#4983);
#4985=CIRCLE('',#4984,0.9);
#4986=EDGE_CURVE('',#2236,#2413,#4985,.T.);
#4987=ORIENTED_EDGE('',*,*,#4986,.F.);
#4988=CARTESIAN_POINT('',(43.285622708,1.936151774,-1.7));
#4989=CARTESIAN_POINT('',(43.417622045,1.935431061,-1.7));
#4990=CARTESIAN_POINT('',(43.547303086,1.934852857,-1.645550155));
#4991=CARTESIAN_POINT('',(43.639413668,1.934475736,-1.553315661));
#4992=CARTESIAN_POINT('',(43.685468959,1.934287176,-1.507198415));
#4993=CARTESIAN_POINT('',(43.722543401,1.934143583,-1.451770986));
#4994=CARTESIAN_POINT('',(43.747593666,1.934047674,-1.391266394));
#4995=CARTESIAN_POINT('',(43.772643932,1.933951766,-1.330761803));
#4996=CARTESIAN_POINT('',(43.785622708,1.933903647,-1.266000669));
#4997=CARTESIAN_POINT('',(43.785622708,1.933903647,-1.2));
#4998=B_SPLINE_CURVE_WITH_KNOTS('',3,(#4988,#4989,#4990,#4991,#4992,#4993,#4994,#4995,#4996,#4997),.UNSPECIFIED.,.F.,.F.,(4,3,3,4),(0.,0.000390383,0.000585575,0.000780767),.UNSPECIFIED.);
#4999=EDGE_CURVE('',#2438,#2236,#4998,.T.);
#5000=ORIENTED_EDGE('',*,*,#4999,.F.);
#5001=ORIENTED_EDGE('',*,*,#2503,.F.);
#5002=EDGE_LOOP('',(#4979,#4980,#4987,#5000,#5001));
#5003=FACE_BOUND('',#5002,.T.);
#5004=ADVANCED_FACE('',(#5003),#4978,.T.);
#5005=CARTESIAN_POINT('',(34.689012704,-2.715384355,-1.2));
#5006=DIRECTION('',(0.,0.,-1.));
#5007=DIRECTION('',(-1.,0.,0.));
#5008=AXIS2_PLACEMENT_3D('',#5005,#5006,#5007);
#5009=DEGENERATE_TOROIDAL_SURFACE('',#5008,0.4,0.5,.T.);
#5010=ORIENTED_EDGE('',*,*,#4968,.T.);
#5011=ORIENTED_EDGE('',*,*,#2471,.F.);
#5012=CARTESIAN_POINT('',(34.726975688,-3.113578794,-1.2));
#5013=DIRECTION('',(0.995486099,0.094907459,-0.));
#5014=DIRECTION('',(-0.094907459,0.995486099,0.));
#5015=AXIS2_PLACEMENT_3D('',#5012,#5013,#5014);
#5016=CIRCLE('',#5015,0.5);
#5017=EDGE_CURVE('',#2284,#2457,#5016,.T.);
#5018=ORIENTED_EDGE('',*,*,#5017,.F.);
#5019=ORIENTED_EDGE('',*,*,#2327,.F.);
#5020=EDGE_LOOP('',(#5010,#5011,#5018,#5019));
#5021=FACE_BOUND('',#5020,.T.);
#5022=ADVANCED_FACE('',(#5021),#5009,.T.);
#5023=CARTESIAN_POINT('',(43.285622708,0.966951823,-1.2));
#5024=DIRECTION('',(0.,1.,0.));
#5025=DIRECTION('',(0.,-0.,1.));
#5026=AXIS2_PLACEMENT_3D('',#5023,#5024,#5025);
#5027=CYLINDRICAL_SURFACE('',#5026,0.5);
#5028=ORIENTED_EDGE('',*,*,#4999,.T.);
#5029=ORIENTED_EDGE('',*,*,#2241,.F.);
#5030=CARTESIAN_POINT('',(43.285622708,-1.936151774,-1.7));
#5031=CARTESIAN_POINT('',(43.417622017,-1.935426031,-1.7));
#5032=CARTESIAN_POINT('',(43.547303086,-1.934852857,-1.645550155));
#5033=CARTESIAN_POINT('',(43.639413668,-1.934475736,-1.553315661));
#5034=CARTESIAN_POINT('',(43.685468959,-1.934287176,-1.507198415));
#5035=CARTESIAN_POINT('',(43.722543401,-1.934143583,-1.451770986));
#5036=CARTESIAN_POINT('',(43.747593666,-1.934047674,-1.391266394));
#5037=CARTESIAN_POINT('',(43.772643932,-1.933951766,-1.330761803));
#5038=CARTESIAN_POINT('',(43.785622708,-1.933903647,-1.266000669));
#5039=CARTESIAN_POINT('',(43.785622708,-1.933903647,-1.2));
#5040=B_SPLINE_CURVE_WITH_KNOTS('',3,(#5030,#5031,#5032,#5033,#5034,#5035,#5036,#5037,#5038,#5039),.UNSPECIFIED.,.F.,.F.,(4,3,3,4),(0.,0.000390383,0.000585575,0.000780767),.UNSPECIFIED.);
#5041=EDGE_CURVE('',#2440,#2228,#5040,.T.);
#5042=ORIENTED_EDGE('',*,*,#5041,.F.);
#5043=ORIENTED_EDGE('',*,*,#2445,.F.);
#5044=EDGE_LOOP('',(#5028,#5029,#5042,#5043));
#5045=FACE_BOUND('',#5044,.T.);
#5046=ADVANCED_FACE('',(#5045),#5027,.T.);
#5047=CARTESIAN_POINT('',(38.87946437,-2.717689642,-1.2));
#5048=DIRECTION('',(0.995486099,0.094907459,0.));
#5049=DIRECTION('',(-0.094907459,0.995486099,0.));
#5050=AXIS2_PLACEMENT_3D('',#5047,#5048,#5049);
#5051=CYLINDRICAL_SURFACE('',#5050,0.5);
#5052=ORIENTED_EDGE('',*,*,#5017,.T.);
#5053=ORIENTED_EDGE('',*,*,#2462,.F.);
#5054=CARTESIAN_POINT('',(43.079406782,-2.819543539,-1.2));
#5055=CARTESIAN_POINT('',(43.079406782,-2.819543539,-1.266112697));
#5056=CARTESIAN_POINT('',(43.077386833,-2.806647977,-1.33099062));
#5057=CARTESIAN_POINT('',(43.073442688,-2.78178994,-1.391556406));
#5058=CARTESIAN_POINT('',(43.069498544,-2.756931903,-1.452122192));
#5059=CARTESIAN_POINT('',(43.063633907,-2.720143237,-1.507588212));
#5060=CARTESIAN_POINT('',(43.056191832,-2.67451949,-1.553679433));
#5061=CARTESIAN_POINT('',(43.04130768,-2.583271997,-1.645861874));
#5062=CARTESIAN_POINT('',(43.01990912,-2.455215526,-1.7));
#5063=CARTESIAN_POINT('',(42.99545822,-2.325279826,-1.7));
#5064=B_SPLINE_CURVE_WITH_KNOTS('',3,(#5054,#5055,#5056,#5057,#5058,#5059,#5060,#5061,#5062,#5063),.UNSPECIFIED.,.F.,.F.,(4,3,3,4),(0.,0.000195521,0.000391043,0.000782085),.UNSPECIFIED.);
#5065=EDGE_CURVE('',#2292,#2448,#5064,.T.);
#5066=ORIENTED_EDGE('',*,*,#5065,.F.);
#5067=ORIENTED_EDGE('',*,*,#2297,.F.);
#5068=EDGE_LOOP('',(#5052,#5053,#5066,#5067));
#5069=FACE_BOUND('',#5068,.T.);
#5070=ADVANCED_FACE('',(#5069),#5051,.T.);
#5071=CARTESIAN_POINT('',(42.885647978,-1.94064791,-1.2));
#5072=DIRECTION('',(0.,0.,-1.));
#5073=DIRECTION('',(-1.,0.,0.));
#5074=AXIS2_PLACEMENT_3D('',#5071,#5072,#5073);
#5075=DEGENERATE_TOROIDAL_SURFACE('',#5074,0.4,0.5,.T.);
#5076=ORIENTED_EDGE('',*,*,#5041,.T.);
#5077=ORIENTED_EDGE('',*,*,#2271,.F.);
#5078=CARTESIAN_POINT('',(42.885647978,-1.94064791,-1.2));
#5079=DIRECTION('',(-0.,-0.,1.));
#5080=DIRECTION('',(-1.,0.,0.));
#5081=AXIS2_PLACEMENT_3D('',#5078,#5079,#5080);
#5082=CIRCLE('',#5081,0.9);
#5083=EDGE_CURVE('',#2292,#2259,#5082,.T.);
#5084=ORIENTED_EDGE('',*,*,#5083,.F.);
#5085=ORIENTED_EDGE('',*,*,#5065,.T.);
#5086=ORIENTED_EDGE('',*,*,#2454,.F.);
#5087=EDGE_LOOP('',(#5076,#5077,#5084,#5085,#5086));
#5088=FACE_BOUND('',#5087,.T.);
#5089=ADVANCED_FACE('',(#5088),#5075,.T.);
#5090=CARTESIAN_POINT('',(0.,0.,1.));
#5091=DIRECTION('',(0.,0.,-1.));
#5092=DIRECTION('',(-1.,0.,0.));
#5093=AXIS2_PLACEMENT_3D('',#5090,#5091,#5092);
#5094=CYLINDRICAL_SURFACE('',#5093,44.);
#5095=ORIENTED_EDGE('',*,*,#1751,.F.);
#5096=ORIENTED_EDGE('',*,*,#1191,.T.);
#5097=ORIENTED_EDGE('',*,*,#1776,.F.);
#5098=ORIENTED_EDGE('',*,*,#2214,.F.);
#5099=EDGE_LOOP('',(#5095,#5096,#5097,#5098));
#5100=FACE_BOUND('',#5099,.T.);
#5101=ADVANCED_FACE('',(#5100),#5094,.T.);
#5102=CARTESIAN_POINT('',(42.885647978,-1.94064791,-1.7));
#5103=DIRECTION('',(0.,0.,1.));
#5104=DIRECTION('',(1.,0.,-0.));
#5105=AXIS2_PLACEMENT_3D('',#5102,#5103,#5104);
#5106=CYLINDRICAL_SURFACE('',#5105,0.9);
#5107=ORIENTED_EDGE('',*,*,#2264,.F.);
#5108=ORIENTED_EDGE('',*,*,#1219,.T.);
#5109=ORIENTED_EDGE('',*,*,#2303,.F.);
#5110=ORIENTED_EDGE('',*,*,#5083,.T.);
#5111=EDGE_LOOP('',(#5107,#5108,#5109,#5110));
#5112=FACE_BOUND('',#5111,.T.);
#5113=ADVANCED_FACE('',(#5112),#5106,.T.);
#5114=CARTESIAN_POINT('',(42.885647978,1.94064791,-1.7));
#5115=DIRECTION('',(0.,0.,1.));
#5116=DIRECTION('',(1.,0.,-0.));
#5117=AXIS2_PLACEMENT_3D('',#5114,#5115,#5116);
#5118=CYLINDRICAL_SURFACE('',#5117,0.9);
#5119=ORIENTED_EDGE('',*,*,#2418,.F.);
#5120=ORIENTED_EDGE('',*,*,#1245,.T.);
#5121=ORIENTED_EDGE('',*,*,#2247,.F.);
#5122=ORIENTED_EDGE('',*,*,#4986,.T.);
#5123=EDGE_LOOP('',(#5119,#5120,#5121,#5122));
#5124=FACE_BOUND('',#5123,.T.);
#5125=ADVANCED_FACE('',(#5124),#5118,.T.);
#5126=CARTESIAN_POINT('',(30.993737087,-3.074396582,-1.7));
#5127=DIRECTION('',(0.,0.,1.));
#5128=DIRECTION('',(1.,0.,-0.));
#5129=AXIS2_PLACEMENT_3D('',#5126,#5127,#5128);
#5130=CYLINDRICAL_SURFACE('',#5129,0.9);
#5131=ORIENTED_EDGE('',*,*,#2550,.F.);
#5132=ORIENTED_EDGE('',*,*,#1307,.T.);
#5133=ORIENTED_EDGE('',*,*,#2589,.F.);
#5134=ORIENTED_EDGE('',*,*,#4901,.T.);
#5135=EDGE_LOOP('',(#5131,#5132,#5133,#5134));
#5136=FACE_BOUND('',#5135,.T.);
#5137=ADVANCED_FACE('',(#5136),#5130,.T.);
#5138=CARTESIAN_POINT('',(30.993737087,3.074396582,-1.7));
#5139=DIRECTION('',(0.,0.,1.));
#5140=DIRECTION('',(1.,0.,-0.));
#5141=AXIS2_PLACEMENT_3D('',#5138,#5139,#5140);
#5142=CYLINDRICAL_SURFACE('',#5141,0.9);
#5143=ORIENTED_EDGE('',*,*,#2704,.F.);
#5144=ORIENTED_EDGE('',*,*,#1333,.T.);
#5145=ORIENTED_EDGE('',*,*,#2533,.F.);
#5146=ORIENTED_EDGE('',*,*,#4804,.T.);
#5147=EDGE_LOOP('',(#5143,#5144,#5145,#5146));
#5148=FACE_BOUND('',#5147,.T.);
#5149=ADVANCED_FACE('',(#5148),#5142,.T.);
#5150=CARTESIAN_POINT('',(19.101826195,-4.208145253,-1.7));
#5151=DIRECTION('',(0.,0.,1.));
#5152=DIRECTION('',(1.,0.,-0.));
#5153=AXIS2_PLACEMENT_3D('',#5150,#5151,#5152);
#5154=CYLINDRICAL_SURFACE('',#5153,0.9);
#5155=ORIENTED_EDGE('',*,*,#2836,.F.);
#5156=ORIENTED_EDGE('',*,*,#1395,.T.);
#5157=ORIENTED_EDGE('',*,*,#2875,.F.);
#5158=ORIENTED_EDGE('',*,*,#4719,.T.);
#5159=EDGE_LOOP('',(#5155,#5156,#5157,#5158));
#5160=FACE_BOUND('',#5159,.T.);
#5161=ADVANCED_FACE('',(#5160),#5154,.T.);
#5162=CARTESIAN_POINT('',(19.101826195,4.208145253,-1.7));
#5163=DIRECTION('',(0.,0.,1.));
#5164=DIRECTION('',(1.,0.,-0.));
#5165=AXIS2_PLACEMENT_3D('',#5162,#5163,#5164);
#5166=CYLINDRICAL_SURFACE('',#5165,0.9);
#5167=ORIENTED_EDGE('',*,*,#2990,.F.);
#5168=ORIENTED_EDGE('',*,*,#1421,.T.);
#5169=ORIENTED_EDGE('',*,*,#2819,.F.);
#5170=ORIENTED_EDGE('',*,*,#4622,.T.);
#5171=EDGE_LOOP('',(#5167,#5168,#5169,#5170));
#5172=FACE_BOUND('',#5171,.T.);
#5173=ADVANCED_FACE('',(#5172),#5166,.T.);
#5174=CARTESIAN_POINT('',(-42.885647978,1.94064791,-1.2));
#5175=DIRECTION('',(0.,0.,-1.));
#5176=DIRECTION('',(-1.,0.,0.));
#5177=AXIS2_PLACEMENT_3D('',#5174,#5175,#5176);
#5178=DEGENERATE_TOROIDAL_SURFACE('',#5177,0.4,0.5,.T.);
#5179=ORIENTED_EDGE('',*,*,#4014,.F.);
#5180=ORIENTED_EDGE('',*,*,#3975,.F.);
#5181=ORIENTED_EDGE('',*,*,#4068,.F.);
#5182=ORIENTED_EDGE('',*,*,#3861,.F.);
#5183=EDGE_LOOP('',(#5179,#5180,#5181,#5182));
#5184=FACE_BOUND('',#5183,.T.);
#5185=ADVANCED_FACE('',(#5184),#5178,.T.);
#5186=CARTESIAN_POINT('',(-42.885647978,-1.94064791,-1.2));
#5187=DIRECTION('',(0.,0.,-1.));
#5188=DIRECTION('',(-1.,0.,0.));
#5189=AXIS2_PLACEMENT_3D('',#5186,#5187,#5188);
#5190=DEGENERATE_TOROIDAL_SURFACE('',#5189,0.4,0.5,.T.);
#5191=ORIENTED_EDGE('',*,*,#4116,.F.);
#5192=ORIENTED_EDGE('',*,*,#3949,.F.);
#5193=ORIENTED_EDGE('',*,*,#4158,.F.);
#5194=ORIENTED_EDGE('',*,*,#3803,.F.);
#5195=EDGE_LOOP('',(#5191,#5192,#5193,#5194));
#5196=FACE_BOUND('',#5195,.T.);
#5197=ADVANCED_FACE('',(#5196),#5190,.T.);
#5198=CARTESIAN_POINT('',(-30.993737087,3.074396582,-1.2));
#5199=DIRECTION('',(0.,0.,-1.));
#5200=DIRECTION('',(-1.,0.,0.));
#5201=AXIS2_PLACEMENT_3D('',#5198,#5199,#5200);
#5202=DEGENERATE_TOROIDAL_SURFACE('',#5201,0.4,0.5,.T.);
#5203=ORIENTED_EDGE('',*,*,#4194,.F.);
#5204=ORIENTED_EDGE('',*,*,#3667,.F.);
#5205=ORIENTED_EDGE('',*,*,#4248,.F.);
#5206=ORIENTED_EDGE('',*,*,#3553,.F.);
#5207=EDGE_LOOP('',(#5203,#5204,#5205,#5206));
#5208=FACE_BOUND('',#5207,.T.);
#5209=ADVANCED_FACE('',(#5208),#5202,.T.);
#5210=CARTESIAN_POINT('',(-30.993737087,-3.074396582,-1.2));
#5211=DIRECTION('',(0.,0.,-1.));
#5212=DIRECTION('',(-1.,0.,0.));
#5213=AXIS2_PLACEMENT_3D('',#5210,#5211,#5212);
#5214=DEGENERATE_TOROIDAL_SURFACE('',#5213,0.4,0.5,.T.);
#5215=ORIENTED_EDGE('',*,*,#4296,.F.);
#5216=ORIENTED_EDGE('',*,*,#3641,.F.);
#5217=ORIENTED_EDGE('',*,*,#4338,.F.);
#5218=ORIENTED_EDGE('',*,*,#3495,.F.);
#5219=EDGE_LOOP('',(#5215,#5216,#5217,#5218));
#5220=FACE_BOUND('',#5219,.T.);
#5221=ADVANCED_FACE('',(#5220),#5214,.T.);
#5222=CARTESIAN_POINT('',(-19.101826195,4.208145253,-1.2));
#5223=DIRECTION('',(0.,0.,-1.));
#5224=DIRECTION('',(-1.,0.,0.));
#5225=AXIS2_PLACEMENT_3D('',#5222,#5223,#5224);
#5226=DEGENERATE_TOROIDAL_SURFACE('',#5225,0.4,0.5,.T.);
#5227=ORIENTED_EDGE('',*,*,#4374,.F.);
#5228=ORIENTED_EDGE('',*,*,#3359,.F.);
#5229=ORIENTED_EDGE('',*,*,#4428,.F.);
#5230=ORIENTED_EDGE('',*,*,#3245,.F.);
#5231=EDGE_LOOP('',(#5227,#5228,#5229,#5230));
#5232=FACE_BOUND('',#5231,.T.);
#5233=ADVANCED_FACE('',(#5232),#5226,.T.);
#5234=CARTESIAN_POINT('',(-19.101826195,-4.208145253,-1.2));
#5235=DIRECTION('',(0.,0.,-1.));
#5236=DIRECTION('',(-1.,0.,0.));
#5237=AXIS2_PLACEMENT_3D('',#5234,#5235,#5236);
#5238=DEGENERATE_TOROIDAL_SURFACE('',#5237,0.4,0.5,.T.);
#5239=ORIENTED_EDGE('',*,*,#4476,.F.);
#5240=ORIENTED_EDGE('',*,*,#3333,.F.);
#5241=ORIENTED_EDGE('',*,*,#4518,.F.);
#5242=ORIENTED_EDGE('',*,*,#3187,.F.);
#5243=EDGE_LOOP('',(#5239,#5240,#5241,#5242));
#5244=FACE_BOUND('',#5243,.T.);
#5245=ADVANCED_FACE('',(#5244),#5238,.T.);
#5246=CLOSED_SHELL('',(#1684,#1715,#1739,#1764,#1795,#1819,#1851,#1883,#1915,#1947,#1979,#2011,#2046,#2064,#2082,#2100,#2118,#2136,#2154,#2172,#2221,#2252,#2277,#2308,#2333,#2357,
#2382,#2406,#2431,#2507,#2538,#2563,#2594,#2619,#2643,#2668,#2692,#2717,#2793,#2824,#2849,#2880,#2905,#2929,#2954,#2978,#3003,#3079,#3110,#3135,#3159,
#3193,#3217,#3251,#3275,#3293,#3387,#3418,#3443,#3467,#3501,#3525,#3559,#3583,#3601,#3695,#3726,#3751,#3775,#3809,#3833,#3867,#3891,#3909,#4003,#4033,
#4051,#4087,#4105,#4123,#4141,#4171,#4183,#4213,#4231,#4267,#4285,#4303,#4321,#4351,#4363,#4393,#4411,#4447,#4465,#4483,#4501,#4531,#4543,#4567,#4591,
#4609,#4640,#4658,#4682,#4706,#4725,#4749,#4773,#4791,#4822,#4840,#4864,#4888,#4907,#4931,#4955,#4973,#5004,#5022,#5046,#5070,#5089,#5101,#5113,#5125,
#5137,#5149,#5161,#5173,#5185,#5197,#5209,#5221,#5233,#5245));
#5247=MANIFOLD_SOLID_BREP('Body 05',#5246);
#1003=STYLED_ITEM('',(#517),#5247);
#5249=CARTESIAN_POINT('',(0.,0.,2.));
#5250=DIRECTION('',(0.,0.,-1.));
#5251=DIRECTION('',(-1.,0.,0.));
#5252=AXIS2_PLACEMENT_3D('',#5249,#5250,#5251);
#5253=CYLINDRICAL_SURFACE('',#5252,6.873940962);
#5254=CARTESIAN_POINT('',(-5.846857474,-3.61459846,-1.));
#5255=VERTEX_POINT('',#5254);
#5256=CARTESIAN_POINT('',(-5.846857474,-3.61459846,-2.));
#5257=VERTEX_POINT('',#5256);
#5258=CARTESIAN_POINT('',(-5.846857474,-3.61459846,-1.));
#5259=DIRECTION('',(0.,0.,-1.));
#5260=VECTOR('',#5259,1.);
#5261=LINE('',#5258,#5260);
#5262=EDGE_CURVE('',#5255,#5257,#5261,.T.);
#5263=ORIENTED_EDGE('',*,*,#5262,.F.);
#5264=CARTESIAN_POINT('',(-0.206905354,-6.870826335,-1.));
#5265=VERTEX_POINT('',#5264);
#5266=CARTESIAN_POINT('',(0.,0.,-1.));
#5267=DIRECTION('',(0.,0.,1.));
#5268=DIRECTION('',(1.,0.,-0.));
#5269=AXIS2_PLACEMENT_3D('',#5266,#5267,#5268);
#5270=CIRCLE('',#5269,6.873940962);
#5271=EDGE_CURVE('',#5255,#5265,#5270,.T.);
#5272=ORIENTED_EDGE('',*,*,#5271,.T.);
#5273=CARTESIAN_POINT('',(-0.206905354,-6.870826335,-2.));
#5274=VERTEX_POINT('',#5273);
#5275=CARTESIAN_POINT('',(-0.206905354,-6.870826335,-1.));
#5276=DIRECTION('',(0.,0.,-1.));
#5277=VECTOR('',#5276,1.);
#5278=LINE('',#5275,#5277);
#5279=EDGE_CURVE('',#5265,#5274,#5278,.T.);
#5280=ORIENTED_EDGE('',*,*,#5279,.T.);
#5281=CARTESIAN_POINT('',(0.,0.,-2.));
#5282=DIRECTION('',(0.,0.,1.));
#5283=DIRECTION('',(1.,0.,-0.));
#5284=AXIS2_PLACEMENT_3D('',#5281,#5282,#5283);
#5285=CIRCLE('',#5284,6.873940962);
#5286=EDGE_CURVE('',#5257,#5274,#5285,.T.);
#5287=ORIENTED_EDGE('',*,*,#5286,.F.);
#5288=EDGE_LOOP('',(#5263,#5272,#5280,#5287));
#5289=FACE_BOUND('',#5288,.T.);
#5290=ADVANCED_FACE('',(#5289),#5253,.F.);
#5291=CARTESIAN_POINT('',(0.,0.,2.));
#5292=DIRECTION('',(0.,0.,-1.));
#5293=DIRECTION('',(-1.,0.,0.));
#5294=AXIS2_PLACEMENT_3D('',#5291,#5292,#5293);
#5295=CYLINDRICAL_SURFACE('',#5294,6.873940962);
#5296=CARTESIAN_POINT('',(-6.873940962,0.,-2.));
#5297=VERTEX_POINT('',#5296);
#5298=CARTESIAN_POINT('',(-6.873940962,0.,-1.));
#5299=VERTEX_POINT('',#5298);
#5300=CARTESIAN_POINT('',(-6.873940962,0.,-2.));
#5301=DIRECTION('',(-0.,-0.,1.));
#5302=VECTOR('',#5301,1.);
#5303=LINE('',#5300,#5302);
#5304=EDGE_CURVE('',#5297,#5299,#5303,.T.);
#5305=ORIENTED_EDGE('',*,*,#5304,.F.);
#5306=CARTESIAN_POINT('',(-6.053762828,3.256227874,-2.));
#5307=VERTEX_POINT('',#5306);
#5308=CARTESIAN_POINT('',(0.,0.,-2.));
#5309=DIRECTION('',(0.,0.,1.));
#5310=DIRECTION('',(1.,0.,-0.));
#5311=AXIS2_PLACEMENT_3D('',#5308,#5309,#5310);
#5312=CIRCLE('',#5311,6.873940962);
#5313=EDGE_CURVE('',#5307,#5297,#5312,.T.);
#5314=ORIENTED_EDGE('',*,*,#5313,.F.);
#5315=CARTESIAN_POINT('',(-6.053762828,3.256227874,-1.));
#5316=VERTEX_POINT('',#5315);
#5317=CARTESIAN_POINT('',(-6.053762828,3.256227874,-1.));
#5318=DIRECTION('',(0.,0.,-1.));
#5319=VECTOR('',#5318,1.);
#5320=LINE('',#5317,#5319);
#5321=EDGE_CURVE('',#5316,#5307,#5320,.T.);
#5322=ORIENTED_EDGE('',*,*,#5321,.F.);
#5323=CARTESIAN_POINT('',(0.,0.,-1.));
#5324=DIRECTION('',(0.,0.,1.));
#5325=DIRECTION('',(1.,0.,-0.));
#5326=AXIS2_PLACEMENT_3D('',#5323,#5324,#5325);
#5327=CIRCLE('',#5326,6.873940962);
#5328=EDGE_CURVE('',#5316,#5299,#5327,.T.);
#5329=ORIENTED_EDGE('',*,*,#5328,.T.);
#5330=EDGE_LOOP('',(#5305,#5314,#5322,#5329));
#5331=FACE_BOUND('',#5330,.T.);
#5332=ADVANCED_FACE('',(#5331),#5295,.F.);
#5333=CARTESIAN_POINT('',(0.,-0.,2.));
#5334=DIRECTION('',(0.,0.,-1.));
#5335=DIRECTION('',(-1.,0.,0.));
#5336=AXIS2_PLACEMENT_3D('',#5333,#5334,#5335);
#5337=CYLINDRICAL_SURFACE('',#5336,6.873940962);
#5338=CARTESIAN_POINT('',(-0.206905354,6.870826335,-1.));
#5339=VERTEX_POINT('',#5338);
#5340=CARTESIAN_POINT('',(-0.206905354,6.870826335,-2.));
#5341=VERTEX_POINT('',#5340);
#5342=CARTESIAN_POINT('',(-0.206905354,6.870826335,-1.));
#5343=DIRECTION('',(0.,0.,-1.));
#5344=VECTOR('',#5343,1.);
#5345=LINE('',#5342,#5344);
#5346=EDGE_CURVE('',#5339,#5341,#5345,.T.);
#5347=ORIENTED_EDGE('',*,*,#5346,.F.);
#5348=CARTESIAN_POINT('',(-5.846857474,3.61459846,-1.));
#5349=VERTEX_POINT('',#5348);
#5350=CARTESIAN_POINT('',(0.,-0.,-1.));
#5351=DIRECTION('',(0.,0.,1.));
#5352=DIRECTION('',(1.,0.,-0.));
#5353=AXIS2_PLACEMENT_3D('',#5350,#5351,#5352);
#5354=CIRCLE('',#5353,6.873940962);
#5355=EDGE_CURVE('',#5339,#5349,#5354,.T.);
#5356=ORIENTED_EDGE('',*,*,#5355,.T.);
#5357=CARTESIAN_POINT('',(-5.846857474,3.61459846,-2.));
#5358=VERTEX_POINT('',#5357);
#5359=CARTESIAN_POINT('',(-5.846857474,3.61459846,-1.));
#5360=DIRECTION('',(0.,0.,-1.));
#5361=VECTOR('',#5360,1.);
#5362=LINE('',#5359,#5361);
#5363=EDGE_CURVE('',#5349,#5358,#5362,.T.);
#5364=ORIENTED_EDGE('',*,*,#5363,.T.);
#5365=CARTESIAN_POINT('',(0.,-0.,-2.));
#5366=DIRECTION('',(0.,0.,1.));
#5367=DIRECTION('',(1.,0.,-0.));
#5368=AXIS2_PLACEMENT_3D('',#5365,#5366,#5367);
#5369=CIRCLE('',#5368,6.873940962);
#5370=EDGE_CURVE('',#5341,#5358,#5369,.T.);
#5371=ORIENTED_EDGE('',*,*,#5370,.F.);
#5372=EDGE_LOOP('',(#5347,#5356,#5364,#5371));
#5373=FACE_BOUND('',#5372,.T.);
#5374=ADVANCED_FACE('',(#5373),#5337,.F.);
#5375=CARTESIAN_POINT('',(-0.,-0.,2.));
#5376=DIRECTION('',(0.,0.,-1.));
#5377=DIRECTION('',(-1.,0.,0.));
#5378=AXIS2_PLACEMENT_3D('',#5375,#5376,#5377);
#5379=CYLINDRICAL_SURFACE('',#5378,6.873940962);
#5380=CARTESIAN_POINT('',(5.846857474,3.61459846,-1.));
#5381=VERTEX_POINT('',#5380);
#5382=CARTESIAN_POINT('',(5.846857474,3.61459846,-2.));
#5383=VERTEX_POINT('',#5382);
#5384=CARTESIAN_POINT('',(5.846857474,3.61459846,-1.));
#5385=DIRECTION('',(0.,0.,-1.));
#5386=VECTOR('',#5385,1.);
#5387=LINE('',#5384,#5386);
#5388=EDGE_CURVE('',#5381,#5383,#5387,.T.);
#5389=ORIENTED_EDGE('',*,*,#5388,.F.);
#5390=CARTESIAN_POINT('',(0.206905354,6.870826335,-1.));
#5391=VERTEX_POINT('',#5390);
#5392=CARTESIAN_POINT('',(-0.,-0.,-1.));
#5393=DIRECTION('',(0.,0.,1.));
#5394=DIRECTION('',(1.,0.,-0.));
#5395=AXIS2_PLACEMENT_3D('',#5392,#5393,#5394);
#5396=CIRCLE('',#5395,6.873940962);
#5397=EDGE_CURVE('',#5381,#5391,#5396,.T.);
#5398=ORIENTED_EDGE('',*,*,#5397,.T.);
#5399=CARTESIAN_POINT('',(0.206905354,6.870826335,-2.));
#5400=VERTEX_POINT('',#5399);
#5401=CARTESIAN_POINT('',(0.206905354,6.870826335,-1.));
#5402=DIRECTION('',(0.,0.,-1.));
#5403=VECTOR('',#5402,1.);
#5404=LINE('',#5401,#5403);
#5405=EDGE_CURVE('',#5391,#5400,#5404,.T.);
#5406=ORIENTED_EDGE('',*,*,#5405,.T.);
#5407=CARTESIAN_POINT('',(-0.,-0.,-2.));
#5408=DIRECTION('',(0.,0.,1.));
#5409=DIRECTION('',(1.,0.,-0.));
#5410=AXIS2_PLACEMENT_3D('',#5407,#5408,#5409);
#5411=CIRCLE('',#5410,6.873940962);
#5412=EDGE_CURVE('',#5383,#5400,#5411,.T.);
#5413=ORIENTED_EDGE('',*,*,#5412,.F.);
#5414=EDGE_LOOP('',(#5389,#5398,#5406,#5413));
#5415=FACE_BOUND('',#5414,.T.);
#5416=ADVANCED_FACE('',(#5415),#5379,.F.);
#5417=CARTESIAN_POINT('',(-0.,0.,2.));
#5418=DIRECTION('',(0.,0.,-1.));
#5419=DIRECTION('',(-1.,0.,0.));
#5420=AXIS2_PLACEMENT_3D('',#5417,#5418,#5419);
#5421=CYLINDRICAL_SURFACE('',#5420,6.873940962);
#5422=CARTESIAN_POINT('',(6.053762828,-3.256227874,-1.));
#5423=VERTEX_POINT('',#5422);
#5424=CARTESIAN_POINT('',(6.053762828,-3.256227874,-2.));
#5425=VERTEX_POINT('',#5424);
#5426=CARTESIAN_POINT('',(6.053762828,-3.256227874,-1.));
#5427=DIRECTION('',(0.,0.,-1.));
#5428=VECTOR('',#5427,1.);
#5429=LINE('',#5426,#5428);
#5430=EDGE_CURVE('',#5423,#5425,#5429,.T.);
#5431=ORIENTED_EDGE('',*,*,#5430,.F.);
#5432=CARTESIAN_POINT('',(6.053762828,3.256227874,-1.));
#5433=VERTEX_POINT('',#5432);
#5434=CARTESIAN_POINT('',(-0.,0.,-1.));
#5435=DIRECTION('',(0.,0.,1.));
#5436=DIRECTION('',(1.,0.,-0.));
#5437=AXIS2_PLACEMENT_3D('',#5434,#5435,#5436);
#5438=CIRCLE('',#5437,6.873940962);
#5439=EDGE_CURVE('',#5423,#5433,#5438,.T.);
#5440=ORIENTED_EDGE('',*,*,#5439,.T.);
#5441=CARTESIAN_POINT('',(6.053762828,3.256227874,-2.));
#5442=VERTEX_POINT('',#5441);
#5443=CARTESIAN_POINT('',(6.053762828,3.256227874,-1.));
#5444=DIRECTION('',(0.,0.,-1.));
#5445=VECTOR('',#5444,1.);
#5446=LINE('',#5443,#5445);
#5447=EDGE_CURVE('',#5433,#5442,#5446,.T.);
#5448=ORIENTED_EDGE('',*,*,#5447,.T.);
#5449=CARTESIAN_POINT('',(-0.,0.,-2.));
#5450=DIRECTION('',(0.,0.,1.));
#5451=DIRECTION('',(1.,0.,-0.));
#5452=AXIS2_PLACEMENT_3D('',#5449,#5450,#5451);
#5453=CIRCLE('',#5452,6.873940962);
#5454=EDGE_CURVE('',#5425,#5442,#5453,.T.);
#5455=ORIENTED_EDGE('',*,*,#5454,.F.);
#5456=EDGE_LOOP('',(#5431,#5440,#5448,#5455));
#5457=FACE_BOUND('',#5456,.T.);
#5458=ADVANCED_FACE('',(#5457),#5421,.F.);
#5459=CARTESIAN_POINT('',(-0.,-0.,2.));
#5460=DIRECTION('',(0.,0.,-1.));
#5461=DIRECTION('',(-1.,0.,0.));
#5462=AXIS2_PLACEMENT_3D('',#5459,#5460,#5461);
#5463=CYLINDRICAL_SURFACE('',#5462,6.873940962);
#5464=CARTESIAN_POINT('',(0.206905354,-6.870826335,-1.));
#5465=VERTEX_POINT('',#5464);
#5466=CARTESIAN_POINT('',(0.206905354,-6.870826335,-2.));
#5467=VERTEX_POINT('',#5466);
#5468=CARTESIAN_POINT('',(0.206905354,-6.870826335,-1.));
#5469=DIRECTION('',(0.,0.,-1.));
#5470=VECTOR('',#5469,1.);
#5471=LINE('',#5468,#5470);
#5472=EDGE_CURVE('',#5465,#5467,#5471,.T.);
#5473=ORIENTED_EDGE('',*,*,#5472,.F.);
#5474=CARTESIAN_POINT('',(5.846857474,-3.61459846,-1.));
#5475=VERTEX_POINT('',#5474);
#5476=CARTESIAN_POINT('',(-0.,-0.,-1.));
#5477=DIRECTION('',(0.,0.,1.));
#5478=DIRECTION('',(1.,0.,-0.));
#5479=AXIS2_PLACEMENT_3D('',#5476,#5477,#5478);
#5480=CIRCLE('',#5479,6.873940962);
#5481=EDGE_CURVE('',#5465,#5475,#5480,.T.);
#5482=ORIENTED_EDGE('',*,*,#5481,.T.);
#5483=CARTESIAN_POINT('',(5.846857474,-3.61459846,-2.));
#5484=VERTEX_POINT('',#5483);
#5485=CARTESIAN_POINT('',(5.846857474,-3.61459846,-1.));
#5486=DIRECTION('',(0.,0.,-1.));
#5487=VECTOR('',#5486,1.);
#5488=LINE('',#5485,#5487);
#5489=EDGE_CURVE('',#5475,#5484,#5488,.T.);
#5490=ORIENTED_EDGE('',*,*,#5489,.T.);
#5491=CARTESIAN_POINT('',(-0.,-0.,-2.));
#5492=DIRECTION('',(0.,0.,1.));
#5493=DIRECTION('',(1.,0.,-0.));
#5494=AXIS2_PLACEMENT_3D('',#5491,#5492,#5493);
#5495=CIRCLE('',#5494,6.873940962);
#5496=EDGE_CURVE('',#5467,#5484,#5495,.T.);
#5497=ORIENTED_EDGE('',*,*,#5496,.F.);
#5498=EDGE_LOOP('',(#5473,#5482,#5490,#5497));
#5499=FACE_BOUND('',#5498,.T.);
#5500=ADVANCED_FACE('',(#5499),#5463,.F.);
#5501=CARTESIAN_POINT('',(0.,0.,2.));
#5502=DIRECTION('',(0.,0.,-1.));
#5503=DIRECTION('',(-1.,0.,0.));
#5504=AXIS2_PLACEMENT_3D('',#5501,#5502,#5503);
#5505=CYLINDRICAL_SURFACE('',#5504,6.873940962);
#5506=CARTESIAN_POINT('',(-5.846857474,-3.61459846,1.));
#5507=VERTEX_POINT('',#5506);
#5508=CARTESIAN_POINT('',(-0.206905354,-6.870826335,1.));
#5509=VERTEX_POINT('',#5508);
#5510=CARTESIAN_POINT('',(0.,0.,1.));
#5511=DIRECTION('',(0.,0.,1.));
#5512=DIRECTION('',(1.,0.,-0.));
#5513=AXIS2_PLACEMENT_3D('',#5510,#5511,#5512);
#5514=CIRCLE('',#5513,6.873940962);
#5515=EDGE_CURVE('',#5507,#5509,#5514,.T.);
#5516=ORIENTED_EDGE('',*,*,#5515,.F.);
#5517=CARTESIAN_POINT('',(-5.846857474,-3.61459846,2.));
#5518=VERTEX_POINT('',#5517);
#5519=CARTESIAN_POINT('',(-5.846857474,-3.61459846,2.));
#5520=DIRECTION('',(0.,0.,-1.));
#5521=VECTOR('',#5520,1.);
#5522=LINE('',#5519,#5521);
#5523=EDGE_CURVE('',#5518,#5507,#5522,.T.);
#5524=ORIENTED_EDGE('',*,*,#5523,.F.);
#5525=CARTESIAN_POINT('',(-0.206905354,-6.870826335,2.));
#5526=VERTEX_POINT('',#5525);
#5527=CARTESIAN_POINT('',(0.,0.,2.));
#5528=DIRECTION('',(0.,0.,1.));
#5529=DIRECTION('',(1.,0.,-0.));
#5530=AXIS2_PLACEMENT_3D('',#5527,#5528,#5529);
#5531=CIRCLE('',#5530,6.873940962);
#5532=EDGE_CURVE('',#5518,#5526,#5531,.T.);
#5533=ORIENTED_EDGE('',*,*,#5532,.T.);
#5534=CARTESIAN_POINT('',(-0.206905354,-6.870826335,2.));
#5535=DIRECTION('',(0.,0.,-1.));
#5536=VECTOR('',#5535,1.);
#5537=LINE('',#5534,#5536);
#5538=EDGE_CURVE('',#5526,#5509,#5537,.T.);
#5539=ORIENTED_EDGE('',*,*,#5538,.T.);
#5540=EDGE_LOOP('',(#5516,#5524,#5533,#5539));
#5541=FACE_BOUND('',#5540,.T.);
#5542=ADVANCED_FACE('',(#5541),#5505,.F.);
#5543=CARTESIAN_POINT('',(-4.663689527,-2.692582404,2.));
#5544=DIRECTION('',(0.,0.,-1.));
#5545=DIRECTION('',(-1.,0.,0.));
#5546=AXIS2_PLACEMENT_3D('',#5543,#5544,#5545);
#5547=CYLINDRICAL_SURFACE('',#5546,1.5);
#5548=CARTESIAN_POINT('',(-6.163689527,-2.692582404,-1.));
#5549=VERTEX_POINT('',#5548);
#5550=CARTESIAN_POINT('',(-6.163689527,-2.692582404,1.));
#5551=VERTEX_POINT('',#5550);
#5552=CARTESIAN_POINT('',(-6.163689527,-2.692582404,-1.));
#5553=DIRECTION('',(-0.,-0.,1.));
#5554=VECTOR('',#5553,2.);
#5555=LINE('',#5552,#5554);
#5556=EDGE_CURVE('',#5549,#5551,#5555,.T.);
#5557=ORIENTED_EDGE('',*,*,#5556,.F.);
#5558=CARTESIAN_POINT('',(-5.225461212,-1.301750791,-1.));
#5559=VERTEX_POINT('',#5558);
#5560=CARTESIAN_POINT('',(-4.663689527,-2.692582404,-1.));
#5561=DIRECTION('',(0.,0.,1.));
#5562=DIRECTION('',(1.,0.,-0.));
#5563=AXIS2_PLACEMENT_3D('',#5560,#5561,#5562);
#5564=CIRCLE('',#5563,1.5);
#5565=EDGE_CURVE('',#5559,#5549,#5564,.T.);
#5566=ORIENTED_EDGE('',*,*,#5565,.F.);
#5567=CARTESIAN_POINT('',(-5.225461212,-1.301750791,-2.5));
#5568=VERTEX_POINT('',#5567);
#5569=CARTESIAN_POINT('',(-5.225461212,-1.301750791,-1.));
#5570=DIRECTION('',(0.,0.,-1.));
#5571=VECTOR('',#5570,1.5);
#5572=LINE('',#5569,#5571);
#5573=EDGE_CURVE('',#5559,#5568,#5572,.T.);
#5574=ORIENTED_EDGE('',*,*,#5573,.T.);
#5575=CARTESIAN_POINT('',(-3.740079861,-3.87450676,-2.5));
#5576=VERTEX_POINT('',#5575);
#5577=CARTESIAN_POINT('',(-4.663689527,-2.692582404,-2.5));
#5578=DIRECTION('',(0.,0.,1.));
#5579=DIRECTION('',(1.,0.,-0.));
#5580=AXIS2_PLACEMENT_3D('',#5577,#5578,#5579);
#5581=CIRCLE('',#5580,1.5);
#5582=EDGE_CURVE('',#5576,#5568,#5581,.T.);
#5583=ORIENTED_EDGE('',*,*,#5582,.F.);
#5584=CARTESIAN_POINT('',(-3.740079861,-3.87450676,-1.));
#5585=VERTEX_POINT('',#5584);
#5586=CARTESIAN_POINT('',(-3.740079861,-3.87450676,-1.));
#5587=DIRECTION('',(0.,0.,-1.));
#5588=VECTOR('',#5587,1.5);
#5589=LINE('',#5586,#5588);
#5590=EDGE_CURVE('',#5585,#5576,#5589,.T.);
#5591=ORIENTED_EDGE('',*,*,#5590,.F.);
#5592=CARTESIAN_POINT('',(-4.663689527,-2.692582404,-1.));
#5593=DIRECTION('',(0.,0.,1.));
#5594=DIRECTION('',(1.,0.,-0.));
#5595=AXIS2_PLACEMENT_3D('',#5592,#5593,#5594);
#5596=CIRCLE('',#5595,1.5);
#5597=EDGE_CURVE('',#5255,#5585,#5596,.T.);
#5598=ORIENTED_EDGE('',*,*,#5597,.F.);
#5599=ORIENTED_EDGE('',*,*,#5262,.T.);
#5600=CARTESIAN_POINT('',(-6.053762828,-3.256227874,-2.));
#5601=VERTEX_POINT('',#5600);
#5602=CARTESIAN_POINT('',(-4.663689527,-2.692582404,-2.));
#5603=DIRECTION('',(0.,0.,1.));
#5604=DIRECTION('',(1.,0.,-0.));
#5605=AXIS2_PLACEMENT_3D('',#5602,#5603,#5604);
#5606=CIRCLE('',#5605,1.5);
#5607=EDGE_CURVE('',#5601,#5257,#5606,.T.);
#5608=ORIENTED_EDGE('',*,*,#5607,.F.);
#5609=CARTESIAN_POINT('',(-6.053762828,-3.256227874,-1.));
#5610=VERTEX_POINT('',#5609);
#5611=CARTESIAN_POINT('',(-6.053762828,-3.256227874,-1.));
#5612=DIRECTION('',(0.,0.,-1.));
#5613=VECTOR('',#5612,1.);
#5614=LINE('',#5611,#5613);
#5615=EDGE_CURVE('',#5610,#5601,#5614,.T.);
#5616=ORIENTED_EDGE('',*,*,#5615,.F.);
#5617=CARTESIAN_POINT('',(-4.663689527,-2.692582404,-1.));
#5618=DIRECTION('',(0.,0.,1.));
#5619=DIRECTION('',(1.,0.,-0.));
#5620=AXIS2_PLACEMENT_3D('',#5617,#5618,#5619);
#5621=CIRCLE('',#5620,1.5);
#5622=EDGE_CURVE('',#5549,#5610,#5621,.T.);
#5623=ORIENTED_EDGE('',*,*,#5622,.F.);
#5624=ORIENTED_EDGE('',*,*,#5556,.T.);
#5625=CARTESIAN_POINT('',(-6.053762828,-3.256227874,1.));
#5626=VERTEX_POINT('',#5625);
#5627=CARTESIAN_POINT('',(-4.663689527,-2.692582404,1.));
#5628=DIRECTION('',(0.,0.,1.));
#5629=DIRECTION('',(1.,0.,-0.));
#5630=AXIS2_PLACEMENT_3D('',#5627,#5628,#5629);
#5631=CIRCLE('',#5630,1.5);
#5632=EDGE_CURVE('',#5551,#5626,#5631,.T.);
#5633=ORIENTED_EDGE('',*,*,#5632,.T.);
#5634=CARTESIAN_POINT('',(-6.053762828,-3.256227874,2.));
#5635=VERTEX_POINT('',#5634);
#5636=CARTESIAN_POINT('',(-6.053762828,-3.256227874,2.));
#5637=DIRECTION('',(0.,0.,-1.));
#5638=VECTOR('',#5637,1.);
#5639=LINE('',#5636,#5638);
#5640=EDGE_CURVE('',#5635,#5626,#5639,.T.);
#5641=ORIENTED_EDGE('',*,*,#5640,.F.);
#5642=CARTESIAN_POINT('',(-4.663689527,-2.692582404,2.));
#5643=DIRECTION('',(0.,0.,1.));
#5644=DIRECTION('',(1.,0.,-0.));
#5645=AXIS2_PLACEMENT_3D('',#5642,#5643,#5644);
#5646=CIRCLE('',#5645,1.5);
#5647=EDGE_CURVE('',#5635,#5518,#5646,.T.);
#5648=ORIENTED_EDGE('',*,*,#5647,.T.);
#5649=ORIENTED_EDGE('',*,*,#5523,.T.);
#5650=CARTESIAN_POINT('',(-3.740079861,-3.87450676,1.));
#5651=VERTEX_POINT('',#5650);
#5652=CARTESIAN_POINT('',(-4.663689527,-2.692582404,1.));
#5653=DIRECTION('',(0.,0.,1.));
#5654=DIRECTION('',(1.,0.,-0.));
#5655=AXIS2_PLACEMENT_3D('',#5652,#5653,#5654);
#5656=CIRCLE('',#5655,1.5);
#5657=EDGE_CURVE('',#5507,#5651,#5656,.T.);
#5658=ORIENTED_EDGE('',*,*,#5657,.T.);
#5659=CARTESIAN_POINT('',(-3.740079861,-3.87450676,2.5));
#5660=VERTEX_POINT('',#5659);
#5661=CARTESIAN_POINT('',(-3.740079861,-3.87450676,2.5));
#5662=DIRECTION('',(0.,0.,-1.));
#5663=VECTOR('',#5662,1.5);
#5664=LINE('',#5661,#5663);
#5665=EDGE_CURVE('',#5660,#5651,#5664,.T.);
#5666=ORIENTED_EDGE('',*,*,#5665,.F.);
#5667=CARTESIAN_POINT('',(-5.225461212,-1.301750791,2.5));
#5668=VERTEX_POINT('',#5667);
#5669=CARTESIAN_POINT('',(-4.663689527,-2.692582404,2.5));
#5670=DIRECTION('',(0.,0.,1.));
#5671=DIRECTION('',(1.,0.,-0.));
#5672=AXIS2_PLACEMENT_3D('',#5669,#5670,#5671);
#5673=CIRCLE('',#5672,1.5);
#5674=EDGE_CURVE('',#5660,#5668,#5673,.T.);
#5675=ORIENTED_EDGE('',*,*,#5674,.T.);
#5676=CARTESIAN_POINT('',(-5.225461212,-1.301750791,1.));
#5677=VERTEX_POINT('',#5676);
#5678=CARTESIAN_POINT('',(-5.225461212,-1.301750791,2.5));
#5679=DIRECTION('',(0.,0.,-1.));
#5680=VECTOR('',#5679,1.5);
#5681=LINE('',#5678,#5680);
#5682=EDGE_CURVE('',#5668,#5677,#5681,.T.);
#5683=ORIENTED_EDGE('',*,*,#5682,.T.);
#5684=CARTESIAN_POINT('',(-4.663689527,-2.692582404,1.));
#5685=DIRECTION('',(0.,0.,1.));
#5686=DIRECTION('',(1.,0.,-0.));
#5687=AXIS2_PLACEMENT_3D('',#5684,#5685,#5686);
#5688=CIRCLE('',#5687,1.5);
#5689=EDGE_CURVE('',#5677,#5551,#5688,.T.);
#5690=ORIENTED_EDGE('',*,*,#5689,.T.);
#5691=EDGE_LOOP('',(#5557,#5566,#5574,#5583,#5591,#5598,#5599,#5608,#5616,#5623,#5624,#5633,#5641,#5648,#5649,#5658,#5666,#5675,#5683,#5690));
#5692=FACE_BOUND('',#5691,.T.);
#5693=ADVANCED_FACE('',(#5692),#5547,.F.);
#5694=CARTESIAN_POINT('',(0.,0.,2.));
#5695=DIRECTION('',(0.,0.,-1.));
#5696=DIRECTION('',(-1.,0.,0.));
#5697=AXIS2_PLACEMENT_3D('',#5694,#5695,#5696);
#5698=CYLINDRICAL_SURFACE('',#5697,6.873940962);
#5699=CARTESIAN_POINT('',(-6.873940962,0.,1.));
#5700=VERTEX_POINT('',#5699);
#5701=CARTESIAN_POINT('',(-6.873940962,0.,2.));
#5702=VERTEX_POINT('',#5701);
#5703=CARTESIAN_POINT('',(-6.873940962,0.,1.));
#5704=DIRECTION('',(-0.,-0.,1.));
#5705=VECTOR('',#5704,1.);
#5706=LINE('',#5703,#5705);
#5707=EDGE_CURVE('',#5700,#5702,#5706,.T.);
#5708=ORIENTED_EDGE('',*,*,#5707,.F.);
#5709=CARTESIAN_POINT('',(-6.053762828,3.256227874,1.));
#5710=VERTEX_POINT('',#5709);
#5711=CARTESIAN_POINT('',(0.,0.,1.));
#5712=DIRECTION('',(0.,0.,1.));
#5713=DIRECTION('',(1.,0.,-0.));
#5714=AXIS2_PLACEMENT_3D('',#5711,#5712,#5713);
#5715=CIRCLE('',#5714,6.873940962);
#5716=EDGE_CURVE('',#5710,#5700,#5715,.T.);
#5717=ORIENTED_EDGE('',*,*,#5716,.F.);
#5718=CARTESIAN_POINT('',(-6.053762828,3.256227874,2.));
#5719=VERTEX_POINT('',#5718);
#5720=CARTESIAN_POINT('',(-6.053762828,3.256227874,2.));
#5721=DIRECTION('',(0.,0.,-1.));
#5722=VECTOR('',#5721,1.);
#5723=LINE('',#5720,#5722);
#5724=EDGE_CURVE('',#5719,#5710,#5723,.T.);
#5725=ORIENTED_EDGE('',*,*,#5724,.F.);
#5726=CARTESIAN_POINT('',(0.,0.,2.));
#5727=DIRECTION('',(0.,0.,1.));
#5728=DIRECTION('',(1.,0.,-0.));
#5729=AXIS2_PLACEMENT_3D('',#5726,#5727,#5728);
#5730=CIRCLE('',#5729,6.873940962);
#5731=EDGE_CURVE('',#5719,#5702,#5730,.T.);
#5732=ORIENTED_EDGE('',*,*,#5731,.T.);
#5733=EDGE_LOOP('',(#5708,#5717,#5725,#5732));
#5734=FACE_BOUND('',#5733,.T.);
#5735=ADVANCED_FACE('',(#5734),#5698,.F.);
#5736=CARTESIAN_POINT('',(-4.663689527,2.692582404,2.));
#5737=DIRECTION('',(0.,0.,-1.));
#5738=DIRECTION('',(-1.,0.,0.));
#5739=AXIS2_PLACEMENT_3D('',#5736,#5737,#5738);
#5740=CYLINDRICAL_SURFACE('',#5739,1.5);
#5741=CARTESIAN_POINT('',(-6.163689527,2.692582404,-1.));
#5742=VERTEX_POINT('',#5741);
#5743=CARTESIAN_POINT('',(-6.163689527,2.692582404,1.));
#5744=VERTEX_POINT('',#5743);
#5745=CARTESIAN_POINT('',(-6.163689527,2.692582404,-1.));
#5746=DIRECTION('',(-0.,-0.,1.));
#5747=VECTOR('',#5746,2.);
#5748=LINE('',#5745,#5747);
#5749=EDGE_CURVE('',#5742,#5744,#5748,.T.);
#5750=ORIENTED_EDGE('',*,*,#5749,.F.);
#5751=CARTESIAN_POINT('',(-4.663689527,2.692582404,-1.));
#5752=DIRECTION('',(0.,0.,1.));
#5753=DIRECTION('',(1.,0.,-0.));
#5754=AXIS2_PLACEMENT_3D('',#5751,#5752,#5753);
#5755=CIRCLE('',#5754,1.5);
#5756=EDGE_CURVE('',#5316,#5742,#5755,.T.);
#5757=ORIENTED_EDGE('',*,*,#5756,.F.);
#5758=ORIENTED_EDGE('',*,*,#5321,.T.);
#5759=CARTESIAN_POINT('',(-4.663689527,2.692582404,-2.));
#5760=DIRECTION('',(0.,0.,1.));
#5761=DIRECTION('',(1.,0.,-0.));
#5762=AXIS2_PLACEMENT_3D('',#5759,#5760,#5761);
#5763=CIRCLE('',#5762,1.5);
#5764=EDGE_CURVE('',#5358,#5307,#5763,.T.);
#5765=ORIENTED_EDGE('',*,*,#5764,.F.);
#5766=ORIENTED_EDGE('',*,*,#5363,.F.);
#5767=CARTESIAN_POINT('',(-3.740079861,3.87450676,-1.));
#5768=VERTEX_POINT('',#5767);
#5769=CARTESIAN_POINT('',(-4.663689527,2.692582404,-1.));
#5770=DIRECTION('',(0.,0.,1.));
#5771=DIRECTION('',(1.,0.,-0.));
#5772=AXIS2_PLACEMENT_3D('',#5769,#5770,#5771);
#5773=CIRCLE('',#5772,1.5);
#5774=EDGE_CURVE('',#5768,#5349,#5773,.T.);
#5775=ORIENTED_EDGE('',*,*,#5774,.F.);
#5776=CARTESIAN_POINT('',(-3.740079861,3.87450676,-2.5));
#5777=VERTEX_POINT('',#5776);
#5778=CARTESIAN_POINT('',(-3.740079861,3.87450676,-1.));
#5779=DIRECTION('',(0.,0.,-1.));
#5780=VECTOR('',#5779,1.5);
#5781=LINE('',#5778,#5780);
#5782=EDGE_CURVE('',#5768,#5777,#5781,.T.);
#5783=ORIENTED_EDGE('',*,*,#5782,.T.);
#5784=CARTESIAN_POINT('',(-5.225461212,1.301750791,-2.5));
#5785=VERTEX_POINT('',#5784);
#5786=CARTESIAN_POINT('',(-4.663689527,2.692582404,-2.5));
#5787=DIRECTION('',(0.,0.,1.));
#5788=DIRECTION('',(1.,0.,-0.));
#5789=AXIS2_PLACEMENT_3D('',#5786,#5787,#5788);
#5790=CIRCLE('',#5789,1.5);
#5791=EDGE_CURVE('',#5785,#5777,#5790,.T.);
#5792=ORIENTED_EDGE('',*,*,#5791,.F.);
#5793=CARTESIAN_POINT('',(-5.225461212,1.301750791,-1.));
#5794=VERTEX_POINT('',#5793);
#5795=CARTESIAN_POINT('',(-5.225461212,1.301750791,-1.));
#5796=DIRECTION('',(0.,0.,-1.));
#5797=VECTOR('',#5796,1.5);
#5798=LINE('',#5795,#5797);
#5799=EDGE_CURVE('',#5794,#5785,#5798,.T.);
#5800=ORIENTED_EDGE('',*,*,#5799,.F.);
#5801=CARTESIAN_POINT('',(-4.663689527,2.692582404,-1.));
#5802=DIRECTION('',(0.,0.,1.));
#5803=DIRECTION('',(1.,0.,-0.));
#5804=AXIS2_PLACEMENT_3D('',#5801,#5802,#5803);
#5805=CIRCLE('',#5804,1.5);
#5806=EDGE_CURVE('',#5742,#5794,#5805,.T.);
#5807=ORIENTED_EDGE('',*,*,#5806,.F.);
#5808=ORIENTED_EDGE('',*,*,#5749,.T.);
#5809=CARTESIAN_POINT('',(-5.225461212,1.301750791,1.));
#5810=VERTEX_POINT('',#5809);
#5811=CARTESIAN_POINT('',(-4.663689527,2.692582404,1.));
#5812=DIRECTION('',(0.,0.,1.));
#5813=DIRECTION('',(1.,0.,-0.));
#5814=AXIS2_PLACEMENT_3D('',#5811,#5812,#5813);
#5815=CIRCLE('',#5814,1.5);
#5816=EDGE_CURVE('',#5744,#5810,#5815,.T.);
#5817=ORIENTED_EDGE('',*,*,#5816,.T.);
#5818=CARTESIAN_POINT('',(-5.225461212,1.301750791,2.5));
#5819=VERTEX_POINT('',#5818);
#5820=CARTESIAN_POINT('',(-5.225461212,1.301750791,2.5));
#5821=DIRECTION('',(0.,0.,-1.));
#5822=VECTOR('',#5821,1.5);
#5823=LINE('',#5820,#5822);
#5824=EDGE_CURVE('',#5819,#5810,#5823,.T.);
#5825=ORIENTED_EDGE('',*,*,#5824,.F.);
#5826=CARTESIAN_POINT('',(-3.740079861,3.87450676,2.5));
#5827=VERTEX_POINT('',#5826);
#5828=CARTESIAN_POINT('',(-4.663689527,2.692582404,2.5));
#5829=DIRECTION('',(0.,0.,1.));
#5830=DIRECTION('',(1.,0.,-0.));
#5831=AXIS2_PLACEMENT_3D('',#5828,#5829,#5830);
#5832=CIRCLE('',#5831,1.5);
#5833=EDGE_CURVE('',#5819,#5827,#5832,.T.);
#5834=ORIENTED_EDGE('',*,*,#5833,.T.);
#5835=CARTESIAN_POINT('',(-3.740079861,3.87450676,1.));
#5836=VERTEX_POINT('',#5835);
#5837=CARTESIAN_POINT('',(-3.740079861,3.87450676,2.5));
#5838=DIRECTION('',(0.,0.,-1.));
#5839=VECTOR('',#5838,1.5);
#5840=LINE('',#5837,#5839);
#5841=EDGE_CURVE('',#5827,#5836,#5840,.T.);
#5842=ORIENTED_EDGE('',*,*,#5841,.T.);
#5843=CARTESIAN_POINT('',(-5.846857474,3.61459846,1.));
#5844=VERTEX_POINT('',#5843);
#5845=CARTESIAN_POINT('',(-4.663689527,2.692582404,1.));
#5846=DIRECTION('',(0.,0.,1.));
#5847=DIRECTION('',(1.,0.,-0.));
#5848=AXIS2_PLACEMENT_3D('',#5845,#5846,#5847);
#5849=CIRCLE('',#5848,1.5);
#5850=EDGE_CURVE('',#5836,#5844,#5849,.T.);
#5851=ORIENTED_EDGE('',*,*,#5850,.T.);
#5852=CARTESIAN_POINT('',(-5.846857474,3.61459846,2.));
#5853=VERTEX_POINT('',#5852);
#5854=CARTESIAN_POINT('',(-5.846857474,3.61459846,2.));
#5855=DIRECTION('',(0.,0.,-1.));
#5856=VECTOR('',#5855,1.);
#5857=LINE('',#5854,#5856);
#5858=EDGE_CURVE('',#5853,#5844,#5857,.T.);
#5859=ORIENTED_EDGE('',*,*,#5858,.F.);
#5860=CARTESIAN_POINT('',(-4.663689527,2.692582404,2.));
#5861=DIRECTION('',(0.,0.,1.));
#5862=DIRECTION('',(1.,0.,-0.));
#5863=AXIS2_PLACEMENT_3D('',#5860,#5861,#5862);
#5864=CIRCLE('',#5863,1.5);
#5865=EDGE_CURVE('',#5853,#5719,#5864,.T.);
#5866=ORIENTED_EDGE('',*,*,#5865,.T.);
#5867=ORIENTED_EDGE('',*,*,#5724,.T.);
#5868=CARTESIAN_POINT('',(-4.663689527,2.692582404,1.));
#5869=DIRECTION('',(0.,0.,1.));
#5870=DIRECTION('',(1.,0.,-0.));
#5871=AXIS2_PLACEMENT_3D('',#5868,#5869,#5870);
#5872=CIRCLE('',#5871,1.5);
#5873=EDGE_CURVE('',#5710,#5744,#5872,.T.);
#5874=ORIENTED_EDGE('',*,*,#5873,.T.);
#5875=EDGE_LOOP('',(#5750,#5757,#5758,#5765,#5766,#5775,#5783,#5792,#5800,#5807,#5808,#5817,#5825,#5834,#5842,#5851,#5859,#5866,#5867,#5874));
#5876=FACE_BOUND('',#5875,.T.);
#5877=ADVANCED_FACE('',(#5876),#5740,.F.);
#5878=CARTESIAN_POINT('',(0.,-0.,2.));
#5879=DIRECTION('',(0.,0.,-1.));
#5880=DIRECTION('',(-1.,0.,0.));
#5881=AXIS2_PLACEMENT_3D('',#5878,#5879,#5880);
#5882=CYLINDRICAL_SURFACE('',#5881,6.873940962);
#5883=CARTESIAN_POINT('',(-0.206905354,6.870826335,1.));
#5884=VERTEX_POINT('',#5883);
#5885=CARTESIAN_POINT('',(0.,-0.,1.));
#5886=DIRECTION('',(0.,0.,1.));
#5887=DIRECTION('',(1.,0.,-0.));
#5888=AXIS2_PLACEMENT_3D('',#5885,#5886,#5887);
#5889=CIRCLE('',#5888,6.873940962);
#5890=EDGE_CURVE('',#5884,#5844,#5889,.T.);
#5891=ORIENTED_EDGE('',*,*,#5890,.F.);
#5892=CARTESIAN_POINT('',(-0.206905354,6.870826335,2.));
#5893=VERTEX_POINT('',#5892);
#5894=CARTESIAN_POINT('',(-0.206905354,6.870826335,2.));
#5895=DIRECTION('',(0.,0.,-1.));
#5896=VECTOR('',#5895,1.);
#5897=LINE('',#5894,#5896);
#5898=EDGE_CURVE('',#5893,#5884,#5897,.T.);
#5899=ORIENTED_EDGE('',*,*,#5898,.F.);
#5900=CARTESIAN_POINT('',(0.,-0.,2.));
#5901=DIRECTION('',(0.,0.,1.));
#5902=DIRECTION('',(1.,0.,-0.));
#5903=AXIS2_PLACEMENT_3D('',#5900,#5901,#5902);
#5904=CIRCLE('',#5903,6.873940962);
#5905=EDGE_CURVE('',#5893,#5853,#5904,.T.);
#5906=ORIENTED_EDGE('',*,*,#5905,.T.);
#5907=ORIENTED_EDGE('',*,*,#5858,.T.);
#5908=EDGE_LOOP('',(#5891,#5899,#5906,#5907));
#5909=FACE_BOUND('',#5908,.T.);
#5910=ADVANCED_FACE('',(#5909),#5882,.F.);
#5911=CARTESIAN_POINT('',(-0.,5.385164807,2.));
#5912=DIRECTION('',(0.,0.,-1.));
#5913=DIRECTION('',(-1.,0.,0.));
#5914=AXIS2_PLACEMENT_3D('',#5911,#5912,#5913);
#5915=CYLINDRICAL_SURFACE('',#5914,1.5);
#5916=CARTESIAN_POINT('',(-1.5,5.385164807,-1.));
#5917=VERTEX_POINT('',#5916);
#5918=CARTESIAN_POINT('',(-1.5,5.385164807,1.));
#5919=VERTEX_POINT('',#5918);
#5920=CARTESIAN_POINT('',(-1.5,5.385164807,-1.));
#5921=DIRECTION('',(-0.,-0.,1.));
#5922=VECTOR('',#5921,2.);
#5923=LINE('',#5920,#5922);
#5924=EDGE_CURVE('',#5917,#5919,#5923,.T.);
#5925=ORIENTED_EDGE('',*,*,#5924,.F.);
#5926=CARTESIAN_POINT('',(0.,5.385164807,-1.));
#5927=DIRECTION('',(0.,0.,1.));
#5928=DIRECTION('',(1.,0.,-0.));
#5929=AXIS2_PLACEMENT_3D('',#5926,#5927,#5928);
#5930=CIRCLE('',#5929,1.5);
#5931=EDGE_CURVE('',#5339,#5917,#5930,.T.);
#5932=ORIENTED_EDGE('',*,*,#5931,.F.);
#5933=ORIENTED_EDGE('',*,*,#5346,.T.);
#5934=CARTESIAN_POINT('',(-0.,5.385164807,-2.));
#5935=DIRECTION('',(0.,0.,1.));
#5936=DIRECTION('',(1.,0.,-0.));
#5937=AXIS2_PLACEMENT_3D('',#5934,#5935,#5936);
#5938=CIRCLE('',#5937,1.5);
#5939=EDGE_CURVE('',#5400,#5341,#5938,.T.);
#5940=ORIENTED_EDGE('',*,*,#5939,.F.);
#5941=ORIENTED_EDGE('',*,*,#5405,.F.);
#5942=CARTESIAN_POINT('',(1.485381351,5.176257552,-1.));
#5943=VERTEX_POINT('',#5942);
#5944=CARTESIAN_POINT('',(0.,5.385164807,-1.));
#5945=DIRECTION('',(0.,0.,1.));
#5946=DIRECTION('',(1.,0.,-0.));
#5947=AXIS2_PLACEMENT_3D('',#5944,#5945,#5946);
#5948=CIRCLE('',#5947,1.5);
#5949=EDGE_CURVE('',#5943,#5391,#5948,.T.);
#5950=ORIENTED_EDGE('',*,*,#5949,.F.);
#5951=CARTESIAN_POINT('',(1.485381351,5.176257552,-2.5));
#5952=VERTEX_POINT('',#5951);
#5953=CARTESIAN_POINT('',(1.485381351,5.176257552,-1.));
#5954=DIRECTION('',(0.,0.,-1.));
#5955=VECTOR('',#5954,1.5);
#5956=LINE('',#5953,#5955);
#5957=EDGE_CURVE('',#5943,#5952,#5956,.T.);
#5958=ORIENTED_EDGE('',*,*,#5957,.T.);
#5959=CARTESIAN_POINT('',(-1.485381351,5.176257552,-2.5));
#5960=VERTEX_POINT('',#5959);
#5961=CARTESIAN_POINT('',(0.,5.385164807,-2.5));
#5962=DIRECTION('',(0.,0.,1.));
#5963=DIRECTION('',(1.,0.,-0.));
#5964=AXIS2_PLACEMENT_3D('',#5961,#5962,#5963);
#5965=CIRCLE('',#5964,1.5);
#5966=EDGE_CURVE('',#5960,#5952,#5965,.T.);
#5967=ORIENTED_EDGE('',*,*,#5966,.F.);
#5968=CARTESIAN_POINT('',(-1.485381351,5.176257552,-1.));
#5969=VERTEX_POINT('',#5968);
#5970=CARTESIAN_POINT('',(-1.485381351,5.176257552,-1.));
#5971=DIRECTION('',(0.,0.,-1.));
#5972=VECTOR('',#5971,1.5);
#5973=LINE('',#5970,#5972);
#5974=EDGE_CURVE('',#5969,#5960,#5973,.T.);
#5975=ORIENTED_EDGE('',*,*,#5974,.F.);
#5976=CARTESIAN_POINT('',(0.,5.385164807,-1.));
#5977=DIRECTION('',(0.,0.,1.));
#5978=DIRECTION('',(1.,0.,-0.));
#5979=AXIS2_PLACEMENT_3D('',#5976,#5977,#5978);
#5980=CIRCLE('',#5979,1.5);
#5981=EDGE_CURVE('',#5917,#5969,#5980,.T.);
#5982=ORIENTED_EDGE('',*,*,#5981,.F.);
#5983=ORIENTED_EDGE('',*,*,#5924,.T.);
#5984=CARTESIAN_POINT('',(-1.485381351,5.176257552,1.));
#5985=VERTEX_POINT('',#5984);
#5986=CARTESIAN_POINT('',(0.,5.385164807,1.));
#5987=DIRECTION('',(0.,0.,1.));
#5988=DIRECTION('',(1.,0.,-0.));
#5989=AXIS2_PLACEMENT_3D('',#5986,#5987,#5988);
#5990=CIRCLE('',#5989,1.5);
#5991=EDGE_CURVE('',#5919,#5985,#5990,.T.);
#5992=ORIENTED_EDGE('',*,*,#5991,.T.);
#5993=CARTESIAN_POINT('',(-1.485381351,5.176257552,2.5));
#5994=VERTEX_POINT('',#5993);
#5995=CARTESIAN_POINT('',(-1.485381351,5.176257552,2.5));
#5996=DIRECTION('',(0.,0.,-1.));
#5997=VECTOR('',#5996,1.5);
#5998=LINE('',#5995,#5997);
#5999=EDGE_CURVE('',#5994,#5985,#5998,.T.);
#6000=ORIENTED_EDGE('',*,*,#5999,.F.);
#6001=CARTESIAN_POINT('',(1.485381351,5.176257552,2.5));
#6002=VERTEX_POINT('',#6001);
#6003=CARTESIAN_POINT('',(0.,5.385164807,2.5));
#6004=DIRECTION('',(0.,0.,1.));
#6005=DIRECTION('',(1.,0.,-0.));
#6006=AXIS2_PLACEMENT_3D('',#6003,#6004,#6005);
#6007=CIRCLE('',#6006,1.5);
#6008=EDGE_CURVE('',#5994,#6002,#6007,.T.);
#6009=ORIENTED_EDGE('',*,*,#6008,.T.);
#6010=CARTESIAN_POINT('',(1.485381351,5.176257552,1.));
#6011=VERTEX_POINT('',#6010);
#6012=CARTESIAN_POINT('',(1.485381351,5.176257552,2.5));
#6013=DIRECTION('',(0.,0.,-1.));
#6014=VECTOR('',#6013,1.5);
#6015=LINE('',#6012,#6014);
#6016=EDGE_CURVE('',#6002,#6011,#6015,.T.);
#6017=ORIENTED_EDGE('',*,*,#6016,.T.);
#6018=CARTESIAN_POINT('',(0.206905354,6.870826335,1.));
#6019=VERTEX_POINT('',#6018);
#6020=CARTESIAN_POINT('',(0.,5.385164807,1.));
#6021=DIRECTION('',(0.,0.,1.));
#6022=DIRECTION('',(1.,0.,-0.));
#6023=AXIS2_PLACEMENT_3D('',#6020,#6021,#6022);
#6024=CIRCLE('',#6023,1.5);
#6025=EDGE_CURVE('',#6011,#6019,#6024,.T.);
#6026=ORIENTED_EDGE('',*,*,#6025,.T.);
#6027=CARTESIAN_POINT('',(0.206905354,6.870826335,2.));
#6028=VERTEX_POINT('',#6027);
#6029=CARTESIAN_POINT('',(0.206905354,6.870826335,2.));
#6030=DIRECTION('',(0.,0.,-1.));
#6031=VECTOR('',#6030,1.);
#6032=LINE('',#6029,#6031);
#6033=EDGE_CURVE('',#6028,#6019,#6032,.T.);
#6034=ORIENTED_EDGE('',*,*,#6033,.F.);
#6035=CARTESIAN_POINT('',(-0.,5.385164807,2.));
#6036=DIRECTION('',(0.,0.,1.));
#6037=DIRECTION('',(1.,0.,-0.));
#6038=AXIS2_PLACEMENT_3D('',#6035,#6036,#6037);
#6039=CIRCLE('',#6038,1.5);
#6040=EDGE_CURVE('',#6028,#5893,#6039,.T.);
#6041=ORIENTED_EDGE('',*,*,#6040,.T.);
#6042=ORIENTED_EDGE('',*,*,#5898,.T.);
#6043=CARTESIAN_POINT('',(0.,5.385164807,1.));
#6044=DIRECTION('',(0.,0.,1.));
#6045=DIRECTION('',(1.,0.,-0.));
#6046=AXIS2_PLACEMENT_3D('',#6043,#6044,#6045);
#6047=CIRCLE('',#6046,1.5);
#6048=EDGE_CURVE('',#5884,#5919,#6047,.T.);
#6049=ORIENTED_EDGE('',*,*,#6048,.T.);
#6050=EDGE_LOOP('',(#5925,#5932,#5933,#5940,#5941,#5950,#5958,#5967,#5975,#5982,#5983,#5992,#6000,#6009,#6017,#6026,#6034,#6041,#6042,#6049));
#6051=FACE_BOUND('',#6050,.T.);
#6052=ADVANCED_FACE('',(#6051),#5915,.F.);
#6053=CARTESIAN_POINT('',(-0.,-0.,2.));
#6054=DIRECTION('',(0.,0.,-1.));
#6055=DIRECTION('',(-1.,0.,0.));
#6056=AXIS2_PLACEMENT_3D('',#6053,#6054,#6055);
#6057=CYLINDRICAL_SURFACE('',#6056,6.873940962);
#6058=CARTESIAN_POINT('',(5.846857474,3.61459846,1.));
#6059=VERTEX_POINT('',#6058);
#6060=CARTESIAN_POINT('',(-0.,-0.,1.));
#6061=DIRECTION('',(0.,0.,1.));
#6062=DIRECTION('',(1.,0.,-0.));
#6063=AXIS2_PLACEMENT_3D('',#6060,#6061,#6062);
#6064=CIRCLE('',#6063,6.873940962);
#6065=EDGE_CURVE('',#6059,#6019,#6064,.T.);
#6066=ORIENTED_EDGE('',*,*,#6065,.F.);
#6067=CARTESIAN_POINT('',(5.846857474,3.61459846,2.));
#6068=VERTEX_POINT('',#6067);
#6069=CARTESIAN_POINT('',(5.846857474,3.61459846,2.));
#6070=DIRECTION('',(0.,0.,-1.));
#6071=VECTOR('',#6070,1.);
#6072=LINE('',#6069,#6071);
#6073=EDGE_CURVE('',#6068,#6059,#6072,.T.);
#6074=ORIENTED_EDGE('',*,*,#6073,.F.);
#6075=CARTESIAN_POINT('',(-0.,-0.,2.));
#6076=DIRECTION('',(0.,0.,1.));
#6077=DIRECTION('',(1.,0.,-0.));
#6078=AXIS2_PLACEMENT_3D('',#6075,#6076,#6077);
#6079=CIRCLE('',#6078,6.873940962);
#6080=EDGE_CURVE('',#6068,#6028,#6079,.T.);
#6081=ORIENTED_EDGE('',*,*,#6080,.T.);
#6082=ORIENTED_EDGE('',*,*,#6033,.T.);
#6083=EDGE_LOOP('',(#6066,#6074,#6081,#6082));
#6084=FACE_BOUND('',#6083,.T.);
#6085=ADVANCED_FACE('',(#6084),#6057,.F.);
#6086=CARTESIAN_POINT('',(4.663689527,2.692582404,2.));
#6087=DIRECTION('',(0.,0.,-1.));
#6088=DIRECTION('',(-1.,0.,0.));
#6089=AXIS2_PLACEMENT_3D('',#6086,#6087,#6088);
#6090=CYLINDRICAL_SURFACE('',#6089,1.5);
#6091=CARTESIAN_POINT('',(3.163689527,2.692582404,-2.5));
#6092=VERTEX_POINT('',#6091);
#6093=CARTESIAN_POINT('',(3.163689527,2.692582404,2.5));
#6094=VERTEX_POINT('',#6093);
#6095=CARTESIAN_POINT('',(3.163689527,2.692582404,-2.5));
#6096=DIRECTION('',(-0.,-0.,1.));
#6097=VECTOR('',#6096,5.);
#6098=LINE('',#6095,#6097);
#6099=EDGE_CURVE('',#6092,#6094,#6098,.T.);
#6100=ORIENTED_EDGE('',*,*,#6099,.F.);
#6101=CARTESIAN_POINT('',(3.740079861,3.87450676,-2.5));
#6102=VERTEX_POINT('',#6101);
#6103=CARTESIAN_POINT('',(4.663689527,2.692582404,-2.5));
#6104=DIRECTION('',(0.,0.,1.));
#6105=DIRECTION('',(1.,0.,-0.));
#6106=AXIS2_PLACEMENT_3D('',#6103,#6104,#6105);
#6107=CIRCLE('',#6106,1.5);
#6108=EDGE_CURVE('',#6102,#6092,#6107,.T.);
#6109=ORIENTED_EDGE('',*,*,#6108,.F.);
#6110=CARTESIAN_POINT('',(3.740079861,3.87450676,-1.));
#6111=VERTEX_POINT('',#6110);
#6112=CARTESIAN_POINT('',(3.740079861,3.87450676,-1.));
#6113=DIRECTION('',(0.,0.,-1.));
#6114=VECTOR('',#6113,1.5);
#6115=LINE('',#6112,#6114);
#6116=EDGE_CURVE('',#6111,#6102,#6115,.T.);
#6117=ORIENTED_EDGE('',*,*,#6116,.F.);
#6118=CARTESIAN_POINT('',(4.663689527,2.692582404,-1.));
#6119=DIRECTION('',(0.,0.,1.));
#6120=DIRECTION('',(1.,0.,-0.));
#6121=AXIS2_PLACEMENT_3D('',#6118,#6119,#6120);
#6122=CIRCLE('',#6121,1.5);
#6123=EDGE_CURVE('',#5381,#6111,#6122,.T.);
#6124=ORIENTED_EDGE('',*,*,#6123,.F.);
#6125=ORIENTED_EDGE('',*,*,#5388,.T.);
#6126=CARTESIAN_POINT('',(4.663689527,2.692582404,-2.));
#6127=DIRECTION('',(0.,0.,1.));
#6128=DIRECTION('',(1.,0.,-0.));
#6129=AXIS2_PLACEMENT_3D('',#6126,#6127,#6128);
#6130=CIRCLE('',#6129,1.5);
#6131=EDGE_CURVE('',#5442,#5383,#6130,.T.);
#6132=ORIENTED_EDGE('',*,*,#6131,.F.);
#6133=ORIENTED_EDGE('',*,*,#5447,.F.);
#6134=CARTESIAN_POINT('',(5.225461212,1.301750791,-1.));
#6135=VERTEX_POINT('',#6134);
#6136=CARTESIAN_POINT('',(4.663689527,2.692582404,-1.));
#6137=DIRECTION('',(0.,0.,1.));
#6138=DIRECTION('',(1.,0.,-0.));
#6139=AXIS2_PLACEMENT_3D('',#6136,#6137,#6138);
#6140=CIRCLE('',#6139,1.5);
#6141=EDGE_CURVE('',#6135,#5433,#6140,.T.);
#6142=ORIENTED_EDGE('',*,*,#6141,.F.);
#6143=CARTESIAN_POINT('',(5.225461212,1.301750791,-2.5));
#6144=VERTEX_POINT('',#6143);
#6145=CARTESIAN_POINT('',(5.225461212,1.301750791,-1.));
#6146=DIRECTION('',(0.,0.,-1.));
#6147=VECTOR('',#6146,1.5);
#6148=LINE('',#6145,#6147);
#6149=EDGE_CURVE('',#6135,#6144,#6148,.T.);
#6150=ORIENTED_EDGE('',*,*,#6149,.T.);
#6151=CARTESIAN_POINT('',(4.663689527,2.692582404,-2.5));
#6152=DIRECTION('',(0.,0.,1.));
#6153=DIRECTION('',(1.,0.,-0.));
#6154=AXIS2_PLACEMENT_3D('',#6151,#6152,#6153);
#6155=CIRCLE('',#6154,1.5);
#6156=EDGE_CURVE('',#6092,#6144,#6155,.T.);
#6157=ORIENTED_EDGE('',*,*,#6156,.F.);
#6158=ORIENTED_EDGE('',*,*,#6099,.T.);
#6159=CARTESIAN_POINT('',(5.225461212,1.301750791,2.5));
#6160=VERTEX_POINT('',#6159);
#6161=CARTESIAN_POINT('',(4.663689527,2.692582404,2.5));
#6162=DIRECTION('',(0.,0.,1.));
#6163=DIRECTION('',(1.,0.,-0.));
#6164=AXIS2_PLACEMENT_3D('',#6161,#6162,#6163);
#6165=CIRCLE('',#6164,1.5);
#6166=EDGE_CURVE('',#6094,#6160,#6165,.T.);
#6167=ORIENTED_EDGE('',*,*,#6166,.T.);
#6168=CARTESIAN_POINT('',(5.225461212,1.301750791,1.));
#6169=VERTEX_POINT('',#6168);
#6170=CARTESIAN_POINT('',(5.225461212,1.301750791,2.5));
#6171=DIRECTION('',(0.,0.,-1.));
#6172=VECTOR('',#6171,1.5);
#6173=LINE('',#6170,#6172);
#6174=EDGE_CURVE('',#6160,#6169,#6173,.T.);
#6175=ORIENTED_EDGE('',*,*,#6174,.T.);
#6176=CARTESIAN_POINT('',(6.053762828,3.256227874,1.));
#6177=VERTEX_POINT('',#6176);
#6178=CARTESIAN_POINT('',(4.663689527,2.692582404,1.));
#6179=DIRECTION('',(0.,0.,1.));
#6180=DIRECTION('',(1.,0.,-0.));
#6181=AXIS2_PLACEMENT_3D('',#6178,#6179,#6180);
#6182=CIRCLE('',#6181,1.5);
#6183=EDGE_CURVE('',#6169,#6177,#6182,.T.);
#6184=ORIENTED_EDGE('',*,*,#6183,.T.);
#6185=CARTESIAN_POINT('',(6.053762828,3.256227874,2.));
#6186=VERTEX_POINT('',#6185);
#6187=CARTESIAN_POINT('',(6.053762828,3.256227874,2.));
#6188=DIRECTION('',(0.,0.,-1.));
#6189=VECTOR('',#6188,1.);
#6190=LINE('',#6187,#6189);
#6191=EDGE_CURVE('',#6186,#6177,#6190,.T.);
#6192=ORIENTED_EDGE('',*,*,#6191,.F.);
#6193=CARTESIAN_POINT('',(4.663689527,2.692582404,2.));
#6194=DIRECTION('',(0.,0.,1.));
#6195=DIRECTION('',(1.,0.,-0.));
#6196=AXIS2_PLACEMENT_3D('',#6193,#6194,#6195);
#6197=CIRCLE('',#6196,1.5);
#6198=EDGE_CURVE('',#6186,#6068,#6197,.T.);
#6199=ORIENTED_EDGE('',*,*,#6198,.T.);
#6200=ORIENTED_EDGE('',*,*,#6073,.T.);
#6201=CARTESIAN_POINT('',(3.740079861,3.87450676,1.));
#6202=VERTEX_POINT('',#6201);
#6203=CARTESIAN_POINT('',(4.663689527,2.692582404,1.));
#6204=DIRECTION('',(0.,0.,1.));
#6205=DIRECTION('',(1.,0.,-0.));
#6206=AXIS2_PLACEMENT_3D('',#6203,#6204,#6205);
#6207=CIRCLE('',#6206,1.5);
#6208=EDGE_CURVE('',#6059,#6202,#6207,.T.);
#6209=ORIENTED_EDGE('',*,*,#6208,.T.);
#6210=CARTESIAN_POINT('',(3.740079861,3.87450676,2.5));
#6211=VERTEX_POINT('',#6210);
#6212=CARTESIAN_POINT('',(3.740079861,3.87450676,2.5));
#6213=DIRECTION('',(0.,0.,-1.));
#6214=VECTOR('',#6213,1.5);
#6215=LINE('',#6212,#6214);
#6216=EDGE_CURVE('',#6211,#6202,#6215,.T.);
#6217=ORIENTED_EDGE('',*,*,#6216,.F.);
#6218=CARTESIAN_POINT('',(4.663689527,2.692582404,2.5));
#6219=DIRECTION('',(0.,0.,1.));
#6220=DIRECTION('',(1.,0.,-0.));
#6221=AXIS2_PLACEMENT_3D('',#6218,#6219,#6220);
#6222=CIRCLE('',#6221,1.5);
#6223=EDGE_CURVE('',#6211,#6094,#6222,.T.);
#6224=ORIENTED_EDGE('',*,*,#6223,.T.);
#6225=EDGE_LOOP('',(#6100,#6109,#6117,#6124,#6125,#6132,#6133,#6142,#6150,#6157,#6158,#6167,#6175,#6184,#6192,#6199,#6200,#6209,#6217,#6224));
#6226=FACE_BOUND('',#6225,.T.);
#6227=ADVANCED_FACE('',(#6226),#6090,.F.);
#6228=CARTESIAN_POINT('',(-0.,0.,2.));
#6229=DIRECTION('',(0.,0.,-1.));
#6230=DIRECTION('',(-1.,0.,0.));
#6231=AXIS2_PLACEMENT_3D('',#6228,#6229,#6230);
#6232=CYLINDRICAL_SURFACE('',#6231,6.873940962);
#6233=CARTESIAN_POINT('',(6.053762828,-3.256227874,1.));
#6234=VERTEX_POINT('',#6233);
#6235=CARTESIAN_POINT('',(-0.,0.,1.));
#6236=DIRECTION('',(0.,0.,1.));
#6237=DIRECTION('',(1.,0.,-0.));
#6238=AXIS2_PLACEMENT_3D('',#6235,#6236,#6237);
#6239=CIRCLE('',#6238,6.873940962);
#6240=EDGE_CURVE('',#6234,#6177,#6239,.T.);
#6241=ORIENTED_EDGE('',*,*,#6240,.F.);
#6242=CARTESIAN_POINT('',(6.053762828,-3.256227874,2.));
#6243=VERTEX_POINT('',#6242);
#6244=CARTESIAN_POINT('',(6.053762828,-3.256227874,2.));
#6245=DIRECTION('',(0.,0.,-1.));
#6246=VECTOR('',#6245,1.);
#6247=LINE('',#6244,#6246);
#6248=EDGE_CURVE('',#6243,#6234,#6247,.T.);
#6249=ORIENTED_EDGE('',*,*,#6248,.F.);
#6250=CARTESIAN_POINT('',(-0.,0.,2.));
#6251=DIRECTION('',(0.,0.,1.));
#6252=DIRECTION('',(1.,0.,-0.));
#6253=AXIS2_PLACEMENT_3D('',#6250,#6251,#6252);
#6254=CIRCLE('',#6253,6.873940962);
#6255=EDGE_CURVE('',#6243,#6186,#6254,.T.);
#6256=ORIENTED_EDGE('',*,*,#6255,.T.);
#6257=ORIENTED_EDGE('',*,*,#6191,.T.);
#6258=EDGE_LOOP('',(#6241,#6249,#6256,#6257));
#6259=FACE_BOUND('',#6258,.T.);
#6260=ADVANCED_FACE('',(#6259),#6232,.F.);
#6261=CARTESIAN_POINT('',(4.663689527,-2.692582404,2.));
#6262=DIRECTION('',(0.,0.,-1.));
#6263=DIRECTION('',(-1.,0.,0.));
#6264=AXIS2_PLACEMENT_3D('',#6261,#6262,#6263);
#6265=CYLINDRICAL_SURFACE('',#6264,1.5);
#6266=CARTESIAN_POINT('',(3.163689527,-2.692582404,-2.5));
#6267=VERTEX_POINT('',#6266);
#6268=CARTESIAN_POINT('',(3.163689527,-2.692582404,2.5));
#6269=VERTEX_POINT('',#6268);
#6270=CARTESIAN_POINT('',(3.163689527,-2.692582404,-2.5));
#6271=DIRECTION('',(-0.,-0.,1.));
#6272=VECTOR('',#6271,5.);
#6273=LINE('',#6270,#6272);
#6274=EDGE_CURVE('',#6267,#6269,#6273,.T.);
#6275=ORIENTED_EDGE('',*,*,#6274,.F.);
#6276=CARTESIAN_POINT('',(5.225461212,-1.301750791,-2.5));
#6277=VERTEX_POINT('',#6276);
#6278=CARTESIAN_POINT('',(4.663689527,-2.692582404,-2.5));
#6279=DIRECTION('',(0.,0.,1.));
#6280=DIRECTION('',(1.,0.,-0.));
#6281=AXIS2_PLACEMENT_3D('',#6278,#6279,#6280);
#6282=CIRCLE('',#6281,1.5);
#6283=EDGE_CURVE('',#6277,#6267,#6282,.T.);
#6284=ORIENTED_EDGE('',*,*,#6283,.F.);
#6285=CARTESIAN_POINT('',(5.225461212,-1.301750791,-1.));
#6286=VERTEX_POINT('',#6285);
#6287=CARTESIAN_POINT('',(5.225461212,-1.301750791,-1.));
#6288=DIRECTION('',(0.,0.,-1.));
#6289=VECTOR('',#6288,1.5);
#6290=LINE('',#6287,#6289);
#6291=EDGE_CURVE('',#6286,#6277,#6290,.T.);
#6292=ORIENTED_EDGE('',*,*,#6291,.F.);
#6293=CARTESIAN_POINT('',(4.663689527,-2.692582404,-1.));
#6294=DIRECTION('',(0.,0.,1.));
#6295=DIRECTION('',(1.,0.,-0.));
#6296=AXIS2_PLACEMENT_3D('',#6293,#6294,#6295);
#6297=CIRCLE('',#6296,1.5);
#6298=EDGE_CURVE('',#5423,#6286,#6297,.T.);
#6299=ORIENTED_EDGE('',*,*,#6298,.F.);
#6300=ORIENTED_EDGE('',*,*,#5430,.T.);
#6301=CARTESIAN_POINT('',(4.663689527,-2.692582404,-2.));
#6302=DIRECTION('',(0.,0.,1.));
#6303=DIRECTION('',(1.,0.,-0.));
#6304=AXIS2_PLACEMENT_3D('',#6301,#6302,#6303);
#6305=CIRCLE('',#6304,1.5);
#6306=EDGE_CURVE('',#5484,#5425,#6305,.T.);
#6307=ORIENTED_EDGE('',*,*,#6306,.F.);
#6308=ORIENTED_EDGE('',*,*,#5489,.F.);
#6309=CARTESIAN_POINT('',(3.740079861,-3.87450676,-1.));
#6310=VERTEX_POINT('',#6309);
#6311=CARTESIAN_POINT('',(4.663689527,-2.692582404,-1.));
#6312=DIRECTION('',(0.,0.,1.));
#6313=DIRECTION('',(1.,0.,-0.));
#6314=AXIS2_PLACEMENT_3D('',#6311,#6312,#6313);
#6315=CIRCLE('',#6314,1.5);
#6316=EDGE_CURVE('',#6310,#5475,#6315,.T.);
#6317=ORIENTED_EDGE('',*,*,#6316,.F.);
#6318=CARTESIAN_POINT('',(3.740079861,-3.87450676,-2.5));
#6319=VERTEX_POINT('',#6318);
#6320=CARTESIAN_POINT('',(3.740079861,-3.87450676,-1.));
#6321=DIRECTION('',(0.,0.,-1.));
#6322=VECTOR('',#6321,1.5);
#6323=LINE('',#6320,#6322);
#6324=EDGE_CURVE('',#6310,#6319,#6323,.T.);
#6325=ORIENTED_EDGE('',*,*,#6324,.T.);
#6326=CARTESIAN_POINT('',(4.663689527,-2.692582404,-2.5));
#6327=DIRECTION('',(0.,0.,1.));
#6328=DIRECTION('',(1.,0.,-0.));
#6329=AXIS2_PLACEMENT_3D('',#6326,#6327,#6328);
#6330=CIRCLE('',#6329,1.5);
#6331=EDGE_CURVE('',#6267,#6319,#6330,.T.);
#6332=ORIENTED_EDGE('',*,*,#6331,.F.);
#6333=ORIENTED_EDGE('',*,*,#6274,.T.);
#6334=CARTESIAN_POINT('',(3.740079861,-3.87450676,2.5));
#6335=VERTEX_POINT('',#6334);
#6336=CARTESIAN_POINT('',(4.663689527,-2.692582404,2.5));
#6337=DIRECTION('',(0.,0.,1.));
#6338=DIRECTION('',(1.,0.,-0.));
#6339=AXIS2_PLACEMENT_3D('',#6336,#6337,#6338);
#6340=CIRCLE('',#6339,1.5);
#6341=EDGE_CURVE('',#6269,#6335,#6340,.T.);
#6342=ORIENTED_EDGE('',*,*,#6341,.T.);
#6343=CARTESIAN_POINT('',(3.740079861,-3.87450676,1.));
#6344=VERTEX_POINT('',#6343);
#6345=CARTESIAN_POINT('',(3.740079861,-3.87450676,2.5));
#6346=DIRECTION('',(0.,0.,-1.));
#6347=VECTOR('',#6346,1.5);
#6348=LINE('',#6345,#6347);
#6349=EDGE_CURVE('',#6335,#6344,#6348,.T.);
#6350=ORIENTED_EDGE('',*,*,#6349,.T.);
#6351=CARTESIAN_POINT('',(5.846857474,-3.61459846,1.));
#6352=VERTEX_POINT('',#6351);
#6353=CARTESIAN_POINT('',(4.663689527,-2.692582404,1.));
#6354=DIRECTION('',(0.,0.,1.));
#6355=DIRECTION('',(1.,0.,-0.));
#6356=AXIS2_PLACEMENT_3D('',#6353,#6354,#6355);
#6357=CIRCLE('',#6356,1.5);
#6358=EDGE_CURVE('',#6344,#6352,#6357,.T.);
#6359=ORIENTED_EDGE('',*,*,#6358,.T.);
#6360=CARTESIAN_POINT('',(5.846857474,-3.61459846,2.));
#6361=VERTEX_POINT('',#6360);
#6362=CARTESIAN_POINT('',(5.846857474,-3.61459846,2.));
#6363=DIRECTION('',(0.,0.,-1.));
#6364=VECTOR('',#6363,1.);
#6365=LINE('',#6362,#6364);
#6366=EDGE_CURVE('',#6361,#6352,#6365,.T.);
#6367=ORIENTED_EDGE('',*,*,#6366,.F.);
#6368=CARTESIAN_POINT('',(4.663689527,-2.692582404,2.));
#6369=DIRECTION('',(0.,0.,1.));
#6370=DIRECTION('',(1.,0.,-0.));
#6371=AXIS2_PLACEMENT_3D('',#6368,#6369,#6370);
#6372=CIRCLE('',#6371,1.5);
#6373=EDGE_CURVE('',#6361,#6243,#6372,.T.);
#6374=ORIENTED_EDGE('',*,*,#6373,.T.);
#6375=ORIENTED_EDGE('',*,*,#6248,.T.);
#6376=CARTESIAN_POINT('',(5.225461212,-1.301750791,1.));
#6377=VERTEX_POINT('',#6376);
#6378=CARTESIAN_POINT('',(4.663689527,-2.692582404,1.));
#6379=DIRECTION('',(0.,0.,1.));
#6380=DIRECTION('',(1.,0.,-0.));
#6381=AXIS2_PLACEMENT_3D('',#6378,#6379,#6380);
#6382=CIRCLE('',#6381,1.5);
#6383=EDGE_CURVE('',#6234,#6377,#6382,.T.);
#6384=ORIENTED_EDGE('',*,*,#6383,.T.);
#6385=CARTESIAN_POINT('',(5.225461212,-1.301750791,2.5));
#6386=VERTEX_POINT('',#6385);
#6387=CARTESIAN_POINT('',(5.225461212,-1.301750791,2.5));
#6388=DIRECTION('',(0.,0.,-1.));
#6389=VECTOR('',#6388,1.5);
#6390=LINE('',#6387,#6389);
#6391=EDGE_CURVE('',#6386,#6377,#6390,.T.);
#6392=ORIENTED_EDGE('',*,*,#6391,.F.);
#6393=CARTESIAN_POINT('',(4.663689527,-2.692582404,2.5));
#6394=DIRECTION('',(0.,0.,1.));
#6395=DIRECTION('',(1.,0.,-0.));
#6396=AXIS2_PLACEMENT_3D('',#6393,#6394,#6395);
#6397=CIRCLE('',#6396,1.5);
#6398=EDGE_CURVE('',#6386,#6269,#6397,.T.);
#6399=ORIENTED_EDGE('',*,*,#6398,.T.);
#6400=EDGE_LOOP('',(#6275,#6284,#6292,#6299,#6300,#6307,#6308,#6317,#6325,#6332,#6333,#6342,#6350,#6359,#6367,#6374,#6375,#6384,#6392,#6399));
#6401=FACE_BOUND('',#6400,.T.);
#6402=ADVANCED_FACE('',(#6401),#6265,.F.);
#6403=CARTESIAN_POINT('',(-0.,-0.,2.));
#6404=DIRECTION('',(0.,0.,-1.));
#6405=DIRECTION('',(-1.,0.,0.));
#6406=AXIS2_PLACEMENT_3D('',#6403,#6404,#6405);
#6407=CYLINDRICAL_SURFACE('',#6406,6.873940962);
#6408=CARTESIAN_POINT('',(0.206905354,-6.870826335,1.));
#6409=VERTEX_POINT('',#6408);
#6410=CARTESIAN_POINT('',(-0.,-0.,1.));
#6411=DIRECTION('',(0.,0.,1.));
#6412=DIRECTION('',(1.,0.,-0.));
#6413=AXIS2_PLACEMENT_3D('',#6410,#6411,#6412);
#6414=CIRCLE('',#6413,6.873940962);
#6415=EDGE_CURVE('',#6409,#6352,#6414,.T.);
#6416=ORIENTED_EDGE('',*,*,#6415,.F.);
#6417=CARTESIAN_POINT('',(0.206905354,-6.870826335,2.));
#6418=VERTEX_POINT('',#6417);
#6419=CARTESIAN_POINT('',(0.206905354,-6.870826335,2.));
#6420=DIRECTION('',(0.,0.,-1.));
#6421=VECTOR('',#6420,1.);
#6422=LINE('',#6419,#6421);
#6423=EDGE_CURVE('',#6418,#6409,#6422,.T.);
#6424=ORIENTED_EDGE('',*,*,#6423,.F.);
#6425=CARTESIAN_POINT('',(-0.,-0.,2.));
#6426=DIRECTION('',(0.,0.,1.));
#6427=DIRECTION('',(1.,0.,-0.));
#6428=AXIS2_PLACEMENT_3D('',#6425,#6426,#6427);
#6429=CIRCLE('',#6428,6.873940962);
#6430=EDGE_CURVE('',#6418,#6361,#6429,.T.);
#6431=ORIENTED_EDGE('',*,*,#6430,.T.);
#6432=ORIENTED_EDGE('',*,*,#6366,.T.);
#6433=EDGE_LOOP('',(#6416,#6424,#6431,#6432));
#6434=FACE_BOUND('',#6433,.T.);
#6435=ADVANCED_FACE('',(#6434),#6407,.F.);
#6436=CARTESIAN_POINT('',(-0.,-5.385164807,2.));
#6437=DIRECTION('',(0.,0.,-1.));
#6438=DIRECTION('',(-1.,0.,0.));
#6439=AXIS2_PLACEMENT_3D('',#6436,#6437,#6438);
#6440=CYLINDRICAL_SURFACE('',#6439,1.5);
#6441=CARTESIAN_POINT('',(-1.5,-5.385164807,-1.));
#6442=VERTEX_POINT('',#6441);
#6443=CARTESIAN_POINT('',(-1.5,-5.385164807,1.));
#6444=VERTEX_POINT('',#6443);
#6445=CARTESIAN_POINT('',(-1.5,-5.385164807,-1.));
#6446=DIRECTION('',(-0.,-0.,1.));
#6447=VECTOR('',#6446,2.);
#6448=LINE('',#6445,#6447);
#6449=EDGE_CURVE('',#6442,#6444,#6448,.T.);
#6450=ORIENTED_EDGE('',*,*,#6449,.F.);
#6451=CARTESIAN_POINT('',(-1.485381351,-5.176257552,-1.));
#6452=VERTEX_POINT('',#6451);
#6453=CARTESIAN_POINT('',(0.,-5.385164807,-1.));
#6454=DIRECTION('',(0.,0.,1.));
#6455=DIRECTION('',(1.,0.,-0.));
#6456=AXIS2_PLACEMENT_3D('',#6453,#6454,#6455);
#6457=CIRCLE('',#6456,1.5);
#6458=EDGE_CURVE('',#6452,#6442,#6457,.T.);
#6459=ORIENTED_EDGE('',*,*,#6458,.F.);
#6460=CARTESIAN_POINT('',(-1.485381351,-5.176257552,-2.5));
#6461=VERTEX_POINT('',#6460);
#6462=CARTESIAN_POINT('',(-1.485381351,-5.176257552,-1.));
#6463=DIRECTION('',(0.,0.,-1.));
#6464=VECTOR('',#6463,1.5);
#6465=LINE('',#6462,#6464);
#6466=EDGE_CURVE('',#6452,#6461,#6465,.T.);
#6467=ORIENTED_EDGE('',*,*,#6466,.T.);
#6468=CARTESIAN_POINT('',(1.485381351,-5.176257552,-2.5));
#6469=VERTEX_POINT('',#6468);
#6470=CARTESIAN_POINT('',(-0.,-5.385164807,-2.5));
#6471=DIRECTION('',(0.,0.,1.));
#6472=DIRECTION('',(1.,0.,-0.));
#6473=AXIS2_PLACEMENT_3D('',#6470,#6471,#6472);
#6474=CIRCLE('',#6473,1.5);
#6475=EDGE_CURVE('',#6469,#6461,#6474,.T.);
#6476=ORIENTED_EDGE('',*,*,#6475,.F.);
#6477=CARTESIAN_POINT('',(1.485381351,-5.176257552,-1.));
#6478=VERTEX_POINT('',#6477);
#6479=CARTESIAN_POINT('',(1.485381351,-5.176257552,-1.));
#6480=DIRECTION('',(0.,0.,-1.));
#6481=VECTOR('',#6480,1.5);
#6482=LINE('',#6479,#6481);
#6483=EDGE_CURVE('',#6478,#6469,#6482,.T.);
#6484=ORIENTED_EDGE('',*,*,#6483,.F.);
#6485=CARTESIAN_POINT('',(-0.,-5.385164807,-1.));
#6486=DIRECTION('',(0.,0.,1.));
#6487=DIRECTION('',(1.,0.,-0.));
#6488=AXIS2_PLACEMENT_3D('',#6485,#6486,#6487);
#6489=CIRCLE('',#6488,1.5);
#6490=EDGE_CURVE('',#5465,#6478,#6489,.T.);
#6491=ORIENTED_EDGE('',*,*,#6490,.F.);
#6492=ORIENTED_EDGE('',*,*,#5472,.T.);
#6493=CARTESIAN_POINT('',(-0.,-5.385164807,-2.));
#6494=DIRECTION('',(0.,0.,1.));
#6495=DIRECTION('',(1.,0.,-0.));
#6496=AXIS2_PLACEMENT_3D('',#6493,#6494,#6495);
#6497=CIRCLE('',#6496,1.5);
#6498=EDGE_CURVE('',#5274,#5467,#6497,.T.);
#6499=ORIENTED_EDGE('',*,*,#6498,.F.);
#6500=ORIENTED_EDGE('',*,*,#5279,.F.);
#6501=CARTESIAN_POINT('',(0.,-5.385164807,-1.));
#6502=DIRECTION('',(0.,0.,1.));
#6503=DIRECTION('',(1.,0.,-0.));
#6504=AXIS2_PLACEMENT_3D('',#6501,#6502,#6503);
#6505=CIRCLE('',#6504,1.5);
#6506=EDGE_CURVE('',#6442,#5265,#6505,.T.);
#6507=ORIENTED_EDGE('',*,*,#6506,.F.);
#6508=ORIENTED_EDGE('',*,*,#6449,.T.);
#6509=CARTESIAN_POINT('',(0.,-5.385164807,1.));
#6510=DIRECTION('',(0.,0.,1.));
#6511=DIRECTION('',(1.,0.,-0.));
#6512=AXIS2_PLACEMENT_3D('',#6509,#6510,#6511);
#6513=CIRCLE('',#6512,1.5);
#6514=EDGE_CURVE('',#6444,#5509,#6513,.T.);
#6515=ORIENTED_EDGE('',*,*,#6514,.T.);
#6516=ORIENTED_EDGE('',*,*,#5538,.F.);
#6517=CARTESIAN_POINT('',(-0.,-5.385164807,2.));
#6518=DIRECTION('',(0.,0.,1.));
#6519=DIRECTION('',(1.,0.,-0.));
#6520=AXIS2_PLACEMENT_3D('',#6517,#6518,#6519);
#6521=CIRCLE('',#6520,1.5);
#6522=EDGE_CURVE('',#5526,#6418,#6521,.T.);
#6523=ORIENTED_EDGE('',*,*,#6522,.T.);
#6524=ORIENTED_EDGE('',*,*,#6423,.T.);
#6525=CARTESIAN_POINT('',(1.485381351,-5.176257552,1.));
#6526=VERTEX_POINT('',#6525);
#6527=CARTESIAN_POINT('',(-0.,-5.385164807,1.));
#6528=DIRECTION('',(0.,0.,1.));
#6529=DIRECTION('',(1.,0.,-0.));
#6530=AXIS2_PLACEMENT_3D('',#6527,#6528,#6529);
#6531=CIRCLE('',#6530,1.5);
#6532=EDGE_CURVE('',#6409,#6526,#6531,.T.);
#6533=ORIENTED_EDGE('',*,*,#6532,.T.);
#6534=CARTESIAN_POINT('',(1.485381351,-5.176257552,2.5));
#6535=VERTEX_POINT('',#6534);
#6536=CARTESIAN_POINT('',(1.485381351,-5.176257552,2.5));
#6537=DIRECTION('',(0.,0.,-1.));
#6538=VECTOR('',#6537,1.5);
#6539=LINE('',#6536,#6538);
#6540=EDGE_CURVE('',#6535,#6526,#6539,.T.);
#6541=ORIENTED_EDGE('',*,*,#6540,.F.);
#6542=CARTESIAN_POINT('',(-1.485381351,-5.176257552,2.5));
#6543=VERTEX_POINT('',#6542);
#6544=CARTESIAN_POINT('',(-0.,-5.385164807,2.5));
#6545=DIRECTION('',(0.,0.,1.));
#6546=DIRECTION('',(1.,0.,-0.));
#6547=AXIS2_PLACEMENT_3D('',#6544,#6545,#6546);
#6548=CIRCLE('',#6547,1.5);
#6549=EDGE_CURVE('',#6535,#6543,#6548,.T.);
#6550=ORIENTED_EDGE('',*,*,#6549,.T.);
#6551=CARTESIAN_POINT('',(-1.485381351,-5.176257552,1.));
#6552=VERTEX_POINT('',#6551);
#6553=CARTESIAN_POINT('',(-1.485381351,-5.176257552,2.5));
#6554=DIRECTION('',(0.,0.,-1.));
#6555=VECTOR('',#6554,1.5);
#6556=LINE('',#6553,#6555);
#6557=EDGE_CURVE('',#6543,#6552,#6556,.T.);
#6558=ORIENTED_EDGE('',*,*,#6557,.T.);
#6559=CARTESIAN_POINT('',(0.,-5.385164807,1.));
#6560=DIRECTION('',(0.,0.,1.));
#6561=DIRECTION('',(1.,0.,-0.));
#6562=AXIS2_PLACEMENT_3D('',#6559,#6560,#6561);
#6563=CIRCLE('',#6562,1.5);
#6564=EDGE_CURVE('',#6552,#6444,#6563,.T.);
#6565=ORIENTED_EDGE('',*,*,#6564,.T.);
#6566=EDGE_LOOP('',(#6450,#6459,#6467,#6476,#6484,#6491,#6492,#6499,#6500,#6507,#6508,#6515,#6516,#6523,#6524,#6533,#6541,#6550,#6558,#6565));
#6567=FACE_BOUND('',#6566,.T.);
#6568=ADVANCED_FACE('',(#6567),#6440,.F.);
#6569=CARTESIAN_POINT('',(0.,0.,2.));
#6570=DIRECTION('',(0.,0.,-1.));
#6571=DIRECTION('',(-1.,0.,0.));
#6572=AXIS2_PLACEMENT_3D('',#6569,#6570,#6571);
#6573=CYLINDRICAL_SURFACE('',#6572,8.);
#6574=CARTESIAN_POINT('',(-8.,0.,-2.));
#6575=VERTEX_POINT('',#6574);
#6576=CARTESIAN_POINT('',(-8.,0.,2.));
#6577=VERTEX_POINT('',#6576);
#6578=CARTESIAN_POINT('',(-8.,0.,-2.));
#6579=DIRECTION('',(-0.,-0.,1.));
#6580=VECTOR('',#6579,4.);
#6581=LINE('',#6578,#6580);
#6582=EDGE_CURVE('',#6575,#6577,#6581,.T.);
#6583=ORIENTED_EDGE('',*,*,#6582,.T.);
#6584=CARTESIAN_POINT('',(8.,-0.,2.));
#6585=VERTEX_POINT('',#6584);
#6586=CARTESIAN_POINT('',(0.,0.,2.));
#6587=DIRECTION('',(0.,0.,1.));
#6588=DIRECTION('',(1.,0.,-0.));
#6589=AXIS2_PLACEMENT_3D('',#6586,#6587,#6588);
#6590=CIRCLE('',#6589,8.);
#6591=EDGE_CURVE('',#6585,#6577,#6590,.T.);
#6592=ORIENTED_EDGE('',*,*,#6591,.F.);
#6593=CARTESIAN_POINT('',(0.,0.,2.));
#6594=DIRECTION('',(0.,0.,1.));
#6595=DIRECTION('',(1.,0.,-0.));
#6596=AXIS2_PLACEMENT_3D('',#6593,#6594,#6595);
#6597=CIRCLE('',#6596,8.);
#6598=EDGE_CURVE('',#6577,#6585,#6597,.T.);
#6599=ORIENTED_EDGE('',*,*,#6598,.F.);
#6600=ORIENTED_EDGE('',*,*,#6582,.F.);
#6601=CARTESIAN_POINT('',(8.,-0.,-2.));
#6602=VERTEX_POINT('',#6601);
#6603=CARTESIAN_POINT('',(0.,0.,-2.));
#6604=DIRECTION('',(0.,0.,1.));
#6605=DIRECTION('',(1.,0.,-0.));
#6606=AXIS2_PLACEMENT_3D('',#6603,#6604,#6605);
#6607=CIRCLE('',#6606,8.);
#6608=EDGE_CURVE('',#6575,#6602,#6607,.T.);
#6609=ORIENTED_EDGE('',*,*,#6608,.T.);
#6610=CARTESIAN_POINT('',(0.,0.,-2.));
#6611=DIRECTION('',(0.,0.,1.));
#6612=DIRECTION('',(1.,0.,-0.));
#6613=AXIS2_PLACEMENT_3D('',#6610,#6611,#6612);
#6614=CIRCLE('',#6613,8.);
#6615=EDGE_CURVE('',#6602,#6575,#6614,.T.);
#6616=ORIENTED_EDGE('',*,*,#6615,.T.);
#6617=EDGE_LOOP('',(#6583,#6592,#6599,#6600,#6609,#6616));
#6618=FACE_BOUND('',#6617,.T.);
#6619=ADVANCED_FACE('',(#6618),#6573,.T.);
#6620=CARTESIAN_POINT('',(0.,0.,2.));
#6621=DIRECTION('',(0.,0.,1.));
#6622=DIRECTION('',(1.,0.,0.));
#6623=AXIS2_PLACEMENT_3D('',#6620,#6621,#6622);
#6624=PLANE('',#6623);
#6625=ORIENTED_EDGE('',*,*,#5532,.F.);
#6626=ORIENTED_EDGE('',*,*,#5647,.F.);
#6627=CARTESIAN_POINT('',(0.,0.,2.));
#6628=DIRECTION('',(0.,0.,1.));
#6629=DIRECTION('',(1.,0.,-0.));
#6630=AXIS2_PLACEMENT_3D('',#6627,#6628,#6629);
#6631=CIRCLE('',#6630,6.873940962);
#6632=EDGE_CURVE('',#5702,#5635,#6631,.T.);
#6633=ORIENTED_EDGE('',*,*,#6632,.F.);
#6634=ORIENTED_EDGE('',*,*,#5731,.F.);
#6635=ORIENTED_EDGE('',*,*,#5865,.F.);
#6636=ORIENTED_EDGE('',*,*,#5905,.F.);
#6637=ORIENTED_EDGE('',*,*,#6040,.F.);
#6638=ORIENTED_EDGE('',*,*,#6080,.F.);
#6639=ORIENTED_EDGE('',*,*,#6198,.F.);
#6640=ORIENTED_EDGE('',*,*,#6255,.F.);
#6641=ORIENTED_EDGE('',*,*,#6373,.F.);
#6642=ORIENTED_EDGE('',*,*,#6430,.F.);
#6643=ORIENTED_EDGE('',*,*,#6522,.F.);
#6644=EDGE_LOOP('',(#6625,#6626,#6633,#6634,#6635,#6636,#6637,#6638,#6639,#6640,#6641,#6642,#6643));
#6645=FACE_BOUND('',#6644,.T.);
#6646=ORIENTED_EDGE('',*,*,#6591,.T.);
#6647=ORIENTED_EDGE('',*,*,#6598,.T.);
#6648=EDGE_LOOP('',(#6646,#6647));
#6649=FACE_BOUND('',#6648,.T.);
#6650=ADVANCED_FACE('',(#6645,#6649),#6624,.T.);
#6651=CARTESIAN_POINT('',(0.,0.,-2.));
#6652=DIRECTION('',(0.,0.,-1.));
#6653=DIRECTION('',(1.,0.,0.));
#6654=AXIS2_PLACEMENT_3D('',#6651,#6652,#6653);
#6655=PLANE('',#6654);
#6656=ORIENTED_EDGE('',*,*,#5286,.T.);
#6657=ORIENTED_EDGE('',*,*,#6498,.T.);
#6658=ORIENTED_EDGE('',*,*,#5496,.T.);
#6659=ORIENTED_EDGE('',*,*,#6306,.T.);
#6660=ORIENTED_EDGE('',*,*,#5454,.T.);
#6661=ORIENTED_EDGE('',*,*,#6131,.T.);
#6662=ORIENTED_EDGE('',*,*,#5412,.T.);
#6663=ORIENTED_EDGE('',*,*,#5939,.T.);
#6664=ORIENTED_EDGE('',*,*,#5370,.T.);
#6665=ORIENTED_EDGE('',*,*,#5764,.T.);
#6666=ORIENTED_EDGE('',*,*,#5313,.T.);
#6667=CARTESIAN_POINT('',(0.,0.,-2.));
#6668=DIRECTION('',(0.,0.,1.));
#6669=DIRECTION('',(1.,0.,-0.));
#6670=AXIS2_PLACEMENT_3D('',#6667,#6668,#6669);
#6671=CIRCLE('',#6670,6.873940962);
#6672=EDGE_CURVE('',#5297,#5601,#6671,.T.);
#6673=ORIENTED_EDGE('',*,*,#6672,.T.);
#6674=ORIENTED_EDGE('',*,*,#5607,.T.);
#6675=EDGE_LOOP('',(#6656,#6657,#6658,#6659,#6660,#6661,#6662,#6663,#6664,#6665,#6666,#6673,#6674));
#6676=FACE_BOUND('',#6675,.T.);
#6677=ORIENTED_EDGE('',*,*,#6608,.F.);
#6678=ORIENTED_EDGE('',*,*,#6615,.F.);
#6679=EDGE_LOOP('',(#6677,#6678));
#6680=FACE_BOUND('',#6679,.T.);
#6681=ADVANCED_FACE('',(#6676,#6680),#6655,.T.);
#6682=CARTESIAN_POINT('',(0.,0.,1.));
#6683=DIRECTION('',(0.,0.,1.));
#6684=DIRECTION('',(1.,0.,0.));
#6685=AXIS2_PLACEMENT_3D('',#6682,#6683,#6684);
#6686=PLANE('',#6685);
#6687=ORIENTED_EDGE('',*,*,#6532,.F.);
#6688=ORIENTED_EDGE('',*,*,#6415,.T.);
#6689=ORIENTED_EDGE('',*,*,#6358,.F.);
#6690=CARTESIAN_POINT('',(-0.,-0.,1.));
#6691=DIRECTION('',(0.,0.,1.));
#6692=DIRECTION('',(1.,0.,-0.));
#6693=AXIS2_PLACEMENT_3D('',#6690,#6691,#6692);
#6694=CIRCLE('',#6693,5.385164807);
#6695=EDGE_CURVE('',#6526,#6344,#6694,.T.);
#6696=ORIENTED_EDGE('',*,*,#6695,.F.);
#6697=EDGE_LOOP('',(#6687,#6688,#6689,#6696));
#6698=FACE_BOUND('',#6697,.T.);
#6699=ADVANCED_FACE('',(#6698),#6686,.T.);
#6700=CARTESIAN_POINT('',(0.,0.,-1.));
#6701=DIRECTION('',(0.,0.,-1.));
#6702=DIRECTION('',(1.,0.,0.));
#6703=AXIS2_PLACEMENT_3D('',#6700,#6701,#6702);
#6704=PLANE('',#6703);
#6705=ORIENTED_EDGE('',*,*,#6490,.T.);
#6706=CARTESIAN_POINT('',(-0.,-0.,-1.));
#6707=DIRECTION('',(0.,0.,1.));
#6708=DIRECTION('',(1.,0.,-0.));
#6709=AXIS2_PLACEMENT_3D('',#6706,#6707,#6708);
#6710=CIRCLE('',#6709,5.385164807);
#6711=EDGE_CURVE('',#6478,#6310,#6710,.T.);
#6712=ORIENTED_EDGE('',*,*,#6711,.T.);
#6713=ORIENTED_EDGE('',*,*,#6316,.T.);
#6714=ORIENTED_EDGE('',*,*,#5481,.F.);
#6715=EDGE_LOOP('',(#6705,#6712,#6713,#6714));
#6716=FACE_BOUND('',#6715,.T.);
#6717=ADVANCED_FACE('',(#6716),#6704,.T.);
#6718=CARTESIAN_POINT('',(0.,0.,1.));
#6719=DIRECTION('',(0.,0.,1.));
#6720=DIRECTION('',(1.,0.,0.));
#6721=AXIS2_PLACEMENT_3D('',#6718,#6719,#6720);
#6722=PLANE('',#6721);
#6723=ORIENTED_EDGE('',*,*,#6383,.F.);
#6724=ORIENTED_EDGE('',*,*,#6240,.T.);
#6725=ORIENTED_EDGE('',*,*,#6183,.F.);
#6726=CARTESIAN_POINT('',(-0.,-0.,1.));
#6727=DIRECTION('',(0.,0.,1.));
#6728=DIRECTION('',(1.,0.,-0.));
#6729=AXIS2_PLACEMENT_3D('',#6726,#6727,#6728);
#6730=CIRCLE('',#6729,5.385164807);
#6731=EDGE_CURVE('',#6377,#6169,#6730,.T.);
#6732=ORIENTED_EDGE('',*,*,#6731,.F.);
#6733=EDGE_LOOP('',(#6723,#6724,#6725,#6732));
#6734=FACE_BOUND('',#6733,.T.);
#6735=ADVANCED_FACE('',(#6734),#6722,.T.);
#6736=CARTESIAN_POINT('',(0.,0.,-1.));
#6737=DIRECTION('',(0.,0.,-1.));
#6738=DIRECTION('',(1.,0.,0.));
#6739=AXIS2_PLACEMENT_3D('',#6736,#6737,#6738);
#6740=PLANE('',#6739);
#6741=ORIENTED_EDGE('',*,*,#6298,.T.);
#6742=CARTESIAN_POINT('',(-0.,-0.,-1.));
#6743=DIRECTION('',(0.,0.,1.));
#6744=DIRECTION('',(1.,0.,-0.));
#6745=AXIS2_PLACEMENT_3D('',#6742,#6743,#6744);
#6746=CIRCLE('',#6745,5.385164807);
#6747=EDGE_CURVE('',#6286,#6135,#6746,.T.);
#6748=ORIENTED_EDGE('',*,*,#6747,.T.);
#6749=ORIENTED_EDGE('',*,*,#6141,.T.);
#6750=ORIENTED_EDGE('',*,*,#5439,.F.);
#6751=EDGE_LOOP('',(#6741,#6748,#6749,#6750));
#6752=FACE_BOUND('',#6751,.T.);
#6753=ADVANCED_FACE('',(#6752),#6740,.T.);
#6754=CARTESIAN_POINT('',(0.,0.,1.));
#6755=DIRECTION('',(0.,0.,1.));
#6756=DIRECTION('',(1.,0.,0.));
#6757=AXIS2_PLACEMENT_3D('',#6754,#6755,#6756);
#6758=PLANE('',#6757);
#6759=ORIENTED_EDGE('',*,*,#6208,.F.);
#6760=ORIENTED_EDGE('',*,*,#6065,.T.);
#6761=ORIENTED_EDGE('',*,*,#6025,.F.);
#6762=CARTESIAN_POINT('',(0.,-0.,1.));
#6763=DIRECTION('',(0.,0.,1.));
#6764=DIRECTION('',(1.,0.,-0.));
#6765=AXIS2_PLACEMENT_3D('',#6762,#6763,#6764);
#6766=CIRCLE('',#6765,5.385164807);
#6767=EDGE_CURVE('',#6202,#6011,#6766,.T.);
#6768=ORIENTED_EDGE('',*,*,#6767,.F.);
#6769=EDGE_LOOP('',(#6759,#6760,#6761,#6768));
#6770=FACE_BOUND('',#6769,.T.);
#6771=ADVANCED_FACE('',(#6770),#6758,.T.);
#6772=CARTESIAN_POINT('',(0.,0.,-1.));
#6773=DIRECTION('',(0.,0.,-1.));
#6774=DIRECTION('',(1.,0.,0.));
#6775=AXIS2_PLACEMENT_3D('',#6772,#6773,#6774);
#6776=PLANE('',#6775);
#6777=ORIENTED_EDGE('',*,*,#6123,.T.);
#6778=CARTESIAN_POINT('',(0.,-0.,-1.));
#6779=DIRECTION('',(0.,0.,1.));
#6780=DIRECTION('',(1.,0.,-0.));
#6781=AXIS2_PLACEMENT_3D('',#6778,#6779,#6780);
#6782=CIRCLE('',#6781,5.385164807);
#6783=EDGE_CURVE('',#6111,#5943,#6782,.T.);
#6784=ORIENTED_EDGE('',*,*,#6783,.T.);
#6785=ORIENTED_EDGE('',*,*,#5949,.T.);
#6786=ORIENTED_EDGE('',*,*,#5397,.F.);
#6787=EDGE_LOOP('',(#6777,#6784,#6785,#6786));
#6788=FACE_BOUND('',#6787,.T.);
#6789=ADVANCED_FACE('',(#6788),#6776,.T.);
#6790=CARTESIAN_POINT('',(0.,0.,1.));
#6791=DIRECTION('',(0.,0.,1.));
#6792=DIRECTION('',(1.,0.,0.));
#6793=AXIS2_PLACEMENT_3D('',#6790,#6791,#6792);
#6794=PLANE('',#6793);
#6795=ORIENTED_EDGE('',*,*,#5850,.F.);
#6796=CARTESIAN_POINT('',(0.,-0.,1.));
#6797=DIRECTION('',(0.,0.,1.));
#6798=DIRECTION('',(1.,0.,-0.));
#6799=AXIS2_PLACEMENT_3D('',#6796,#6797,#6798);
#6800=CIRCLE('',#6799,5.385164807);
#6801=EDGE_CURVE('',#5985,#5836,#6800,.T.);
#6802=ORIENTED_EDGE('',*,*,#6801,.F.);
#6803=ORIENTED_EDGE('',*,*,#5991,.F.);
#6804=ORIENTED_EDGE('',*,*,#6048,.F.);
#6805=ORIENTED_EDGE('',*,*,#5890,.T.);
#6806=EDGE_LOOP('',(#6795,#6802,#6803,#6804,#6805));
#6807=FACE_BOUND('',#6806,.T.);
#6808=ADVANCED_FACE('',(#6807),#6794,.T.);
#6809=CARTESIAN_POINT('',(0.,0.,-1.));
#6810=DIRECTION('',(0.,0.,-1.));
#6811=DIRECTION('',(1.,0.,0.));
#6812=AXIS2_PLACEMENT_3D('',#6809,#6810,#6811);
#6813=PLANE('',#6812);
#6814=ORIENTED_EDGE('',*,*,#5774,.T.);
#6815=ORIENTED_EDGE('',*,*,#5355,.F.);
#6816=ORIENTED_EDGE('',*,*,#5931,.T.);
#6817=ORIENTED_EDGE('',*,*,#5981,.T.);
#6818=CARTESIAN_POINT('',(0.,-0.,-1.));
#6819=DIRECTION('',(0.,0.,1.));
#6820=DIRECTION('',(1.,0.,-0.));
#6821=AXIS2_PLACEMENT_3D('',#6818,#6819,#6820);
#6822=CIRCLE('',#6821,5.385164807);
#6823=EDGE_CURVE('',#5969,#5768,#6822,.T.);
#6824=ORIENTED_EDGE('',*,*,#6823,.T.);
#6825=EDGE_LOOP('',(#6814,#6815,#6816,#6817,#6824));
#6826=FACE_BOUND('',#6825,.T.);
#6827=ADVANCED_FACE('',(#6826),#6813,.T.);
#6828=CARTESIAN_POINT('',(0.,0.,1.));
#6829=DIRECTION('',(0.,0.,1.));
#6830=DIRECTION('',(1.,0.,0.));
#6831=AXIS2_PLACEMENT_3D('',#6828,#6829,#6830);
#6832=PLANE('',#6831);
#6833=ORIENTED_EDGE('',*,*,#5632,.F.);
#6834=ORIENTED_EDGE('',*,*,#5689,.F.);
#6835=CARTESIAN_POINT('',(-5.385164807,-0.,1.));
#6836=VERTEX_POINT('',#6835);
#6837=CARTESIAN_POINT('',(-0.,-0.,1.));
#6838=DIRECTION('',(0.,0.,1.));
#6839=DIRECTION('',(1.,0.,-0.));
#6840=AXIS2_PLACEMENT_3D('',#6837,#6838,#6839);
#6841=CIRCLE('',#6840,5.385164807);
#6842=EDGE_CURVE('',#6836,#5677,#6841,.T.);
#6843=ORIENTED_EDGE('',*,*,#6842,.F.);
#6844=CARTESIAN_POINT('',(-0.,-0.,1.));
#6845=DIRECTION('',(0.,0.,1.));
#6846=DIRECTION('',(1.,0.,-0.));
#6847=AXIS2_PLACEMENT_3D('',#6844,#6845,#6846);
#6848=CIRCLE('',#6847,5.385164807);
#6849=EDGE_CURVE('',#5810,#6836,#6848,.T.);
#6850=ORIENTED_EDGE('',*,*,#6849,.F.);
#6851=ORIENTED_EDGE('',*,*,#5816,.F.);
#6852=ORIENTED_EDGE('',*,*,#5873,.F.);
#6853=ORIENTED_EDGE('',*,*,#5716,.T.);
#6854=CARTESIAN_POINT('',(0.,0.,1.));
#6855=DIRECTION('',(0.,0.,1.));
#6856=DIRECTION('',(1.,0.,-0.));
#6857=AXIS2_PLACEMENT_3D('',#6854,#6855,#6856);
#6858=CIRCLE('',#6857,6.873940962);
#6859=EDGE_CURVE('',#5700,#5626,#6858,.T.);
#6860=ORIENTED_EDGE('',*,*,#6859,.T.);
#6861=EDGE_LOOP('',(#6833,#6834,#6843,#6850,#6851,#6852,#6853,#6860));
#6862=FACE_BOUND('',#6861,.T.);
#6863=ADVANCED_FACE('',(#6862),#6832,.T.);
#6864=CARTESIAN_POINT('',(0.,0.,-1.));
#6865=DIRECTION('',(0.,0.,-1.));
#6866=DIRECTION('',(1.,0.,0.));
#6867=AXIS2_PLACEMENT_3D('',#6864,#6865,#6866);
#6868=PLANE('',#6867);
#6869=ORIENTED_EDGE('',*,*,#5565,.T.);
#6870=ORIENTED_EDGE('',*,*,#5622,.T.);
#6871=CARTESIAN_POINT('',(0.,0.,-1.));
#6872=DIRECTION('',(0.,0.,1.));
#6873=DIRECTION('',(1.,0.,-0.));
#6874=AXIS2_PLACEMENT_3D('',#6871,#6872,#6873);
#6875=CIRCLE('',#6874,6.873940962);
#6876=EDGE_CURVE('',#5299,#5610,#6875,.T.);
#6877=ORIENTED_EDGE('',*,*,#6876,.F.);
#6878=ORIENTED_EDGE('',*,*,#5328,.F.);
#6879=ORIENTED_EDGE('',*,*,#5756,.T.);
#6880=ORIENTED_EDGE('',*,*,#5806,.T.);
#6881=CARTESIAN_POINT('',(-5.385164807,-0.,-1.));
#6882=VERTEX_POINT('',#6881);
#6883=CARTESIAN_POINT('',(-0.,-0.,-1.));
#6884=DIRECTION('',(0.,0.,1.));
#6885=DIRECTION('',(1.,0.,-0.));
#6886=AXIS2_PLACEMENT_3D('',#6883,#6884,#6885);
#6887=CIRCLE('',#6886,5.385164807);
#6888=EDGE_CURVE('',#5794,#6882,#6887,.T.);
#6889=ORIENTED_EDGE('',*,*,#6888,.T.);
#6890=CARTESIAN_POINT('',(-0.,-0.,-1.));
#6891=DIRECTION('',(0.,0.,1.));
#6892=DIRECTION('',(1.,0.,-0.));
#6893=AXIS2_PLACEMENT_3D('',#6890,#6891,#6892);
#6894=CIRCLE('',#6893,5.385164807);
#6895=EDGE_CURVE('',#6882,#5559,#6894,.T.);
#6896=ORIENTED_EDGE('',*,*,#6895,.T.);
#6897=EDGE_LOOP('',(#6869,#6870,#6877,#6878,#6879,#6880,#6889,#6896));
#6898=FACE_BOUND('',#6897,.T.);
#6899=ADVANCED_FACE('',(#6898),#6868,.T.);
#6900=CARTESIAN_POINT('',(0.,0.,1.));
#6901=DIRECTION('',(0.,0.,1.));
#6902=DIRECTION('',(1.,0.,0.));
#6903=AXIS2_PLACEMENT_3D('',#6900,#6901,#6902);
#6904=PLANE('',#6903);
#6905=ORIENTED_EDGE('',*,*,#6514,.F.);
#6906=ORIENTED_EDGE('',*,*,#6564,.F.);
#6907=CARTESIAN_POINT('',(-0.,-0.,1.));
#6908=DIRECTION('',(0.,0.,1.));
#6909=DIRECTION('',(1.,0.,-0.));
#6910=AXIS2_PLACEMENT_3D('',#6907,#6908,#6909);
#6911=CIRCLE('',#6910,5.385164807);
#6912=EDGE_CURVE('',#5651,#6552,#6911,.T.);
#6913=ORIENTED_EDGE('',*,*,#6912,.F.);
#6914=ORIENTED_EDGE('',*,*,#5657,.F.);
#6915=ORIENTED_EDGE('',*,*,#5515,.T.);
#6916=EDGE_LOOP('',(#6905,#6906,#6913,#6914,#6915));
#6917=FACE_BOUND('',#6916,.T.);
#6918=ADVANCED_FACE('',(#6917),#6904,.T.);
#6919=CARTESIAN_POINT('',(0.,0.,-1.));
#6920=DIRECTION('',(0.,0.,-1.));
#6921=DIRECTION('',(1.,0.,0.));
#6922=AXIS2_PLACEMENT_3D('',#6919,#6920,#6921);
#6923=PLANE('',#6922);
#6924=ORIENTED_EDGE('',*,*,#6458,.T.);
#6925=ORIENTED_EDGE('',*,*,#6506,.T.);
#6926=ORIENTED_EDGE('',*,*,#5271,.F.);
#6927=ORIENTED_EDGE('',*,*,#5597,.T.);
#6928=CARTESIAN_POINT('',(-0.,-0.,-1.));
#6929=DIRECTION('',(0.,0.,1.));
#6930=DIRECTION('',(1.,0.,-0.));
#6931=AXIS2_PLACEMENT_3D('',#6928,#6929,#6930);
#6932=CIRCLE('',#6931,5.385164807);
#6933=EDGE_CURVE('',#5585,#6452,#6932,.T.);
#6934=ORIENTED_EDGE('',*,*,#6933,.T.);
#6935=EDGE_LOOP('',(#6924,#6925,#6926,#6927,#6934));
#6936=FACE_BOUND('',#6935,.T.);
#6937=ADVANCED_FACE('',(#6936),#6923,.T.);
#6938=CARTESIAN_POINT('',(-0.,-0.,2.5));
#6939=DIRECTION('',(0.,0.,-1.));
#6940=DIRECTION('',(-1.,0.,0.));
#6941=AXIS2_PLACEMENT_3D('',#6938,#6939,#6940);
#6942=CYLINDRICAL_SURFACE('',#6941,5.385164807);
#6943=ORIENTED_EDGE('',*,*,#6540,.T.);
#6944=ORIENTED_EDGE('',*,*,#6695,.T.);
#6945=ORIENTED_EDGE('',*,*,#6349,.F.);
#6946=CARTESIAN_POINT('',(-0.,-0.,2.5));
#6947=DIRECTION('',(0.,0.,1.));
#6948=DIRECTION('',(1.,0.,-0.));
#6949=AXIS2_PLACEMENT_3D('',#6946,#6947,#6948);
#6950=CIRCLE('',#6949,5.385164807);
#6951=EDGE_CURVE('',#6535,#6335,#6950,.T.);
#6952=ORIENTED_EDGE('',*,*,#6951,.F.);
#6953=EDGE_LOOP('',(#6943,#6944,#6945,#6952));
#6954=FACE_BOUND('',#6953,.T.);
#6955=ADVANCED_FACE('',(#6954),#6942,.T.);
#6956=CARTESIAN_POINT('',(-0.,-0.,2.5));
#6957=DIRECTION('',(0.,0.,-1.));
#6958=DIRECTION('',(-1.,0.,0.));
#6959=AXIS2_PLACEMENT_3D('',#6956,#6957,#6958);
#6960=CYLINDRICAL_SURFACE('',#6959,5.385164807);
#6961=ORIENTED_EDGE('',*,*,#6391,.T.);
#6962=ORIENTED_EDGE('',*,*,#6731,.T.);
#6963=ORIENTED_EDGE('',*,*,#6174,.F.);
#6964=CARTESIAN_POINT('',(-0.,-0.,2.5));
#6965=DIRECTION('',(0.,0.,1.));
#6966=DIRECTION('',(1.,0.,-0.));
#6967=AXIS2_PLACEMENT_3D('',#6964,#6965,#6966);
#6968=CIRCLE('',#6967,5.385164807);
#6969=EDGE_CURVE('',#6386,#6160,#6968,.T.);
#6970=ORIENTED_EDGE('',*,*,#6969,.F.);
#6971=EDGE_LOOP('',(#6961,#6962,#6963,#6970));
#6972=FACE_BOUND('',#6971,.T.);
#6973=ADVANCED_FACE('',(#6972),#6960,.T.);
#6974=CARTESIAN_POINT('',(0.,-0.,2.5));
#6975=DIRECTION('',(0.,0.,-1.));
#6976=DIRECTION('',(-1.,0.,0.));
#6977=AXIS2_PLACEMENT_3D('',#6974,#6975,#6976);
#6978=CYLINDRICAL_SURFACE('',#6977,5.385164807);
#6979=ORIENTED_EDGE('',*,*,#6216,.T.);
#6980=ORIENTED_EDGE('',*,*,#6767,.T.);
#6981=ORIENTED_EDGE('',*,*,#6016,.F.);
#6982=CARTESIAN_POINT('',(0.,-0.,2.5));
#6983=DIRECTION('',(0.,0.,1.));
#6984=DIRECTION('',(1.,0.,-0.));
#6985=AXIS2_PLACEMENT_3D('',#6982,#6983,#6984);
#6986=CIRCLE('',#6985,5.385164807);
#6987=EDGE_CURVE('',#6211,#6002,#6986,.T.);
#6988=ORIENTED_EDGE('',*,*,#6987,.F.);
#6989=EDGE_LOOP('',(#6979,#6980,#6981,#6988));
#6990=FACE_BOUND('',#6989,.T.);
#6991=ADVANCED_FACE('',(#6990),#6978,.T.);
#6992=CARTESIAN_POINT('',(0.,-0.,2.5));
#6993=DIRECTION('',(0.,0.,-1.));
#6994=DIRECTION('',(-1.,0.,0.));
#6995=AXIS2_PLACEMENT_3D('',#6992,#6993,#6994);
#6996=CYLINDRICAL_SURFACE('',#6995,5.385164807);
#6997=ORIENTED_EDGE('',*,*,#5999,.T.);
#6998=ORIENTED_EDGE('',*,*,#6801,.T.);
#6999=ORIENTED_EDGE('',*,*,#5841,.F.);
#7000=CARTESIAN_POINT('',(0.,-0.,2.5));
#7001=DIRECTION('',(0.,0.,1.));
#7002=DIRECTION('',(1.,0.,-0.));
#7003=AXIS2_PLACEMENT_3D('',#7000,#7001,#7002);
#7004=CIRCLE('',#7003,5.385164807);
#7005=EDGE_CURVE('',#5994,#5827,#7004,.T.);
#7006=ORIENTED_EDGE('',*,*,#7005,.F.);
#7007=EDGE_LOOP('',(#6997,#6998,#6999,#7006));
#7008=FACE_BOUND('',#7007,.T.);
#7009=ADVANCED_FACE('',(#7008),#6996,.T.);
#7010=CARTESIAN_POINT('',(-0.,-0.,2.5));
#7011=DIRECTION('',(0.,0.,-1.));
#7012=DIRECTION('',(-1.,0.,0.));
#7013=AXIS2_PLACEMENT_3D('',#7010,#7011,#7012);
#7014=CYLINDRICAL_SURFACE('',#7013,5.385164807);
#7015=CARTESIAN_POINT('',(-5.385164807,-0.,2.5));
#7016=VERTEX_POINT('',#7015);
#7017=CARTESIAN_POINT('',(-5.385164807,-0.,1.));
#7018=DIRECTION('',(-0.,-0.,1.));
#7019=VECTOR('',#7018,1.5);
#7020=LINE('',#7017,#7019);
#7021=EDGE_CURVE('',#6836,#7016,#7020,.T.);
#7022=ORIENTED_EDGE('',*,*,#7021,.T.);
#7023=CARTESIAN_POINT('',(-0.,-0.,2.5));
#7024=DIRECTION('',(0.,0.,1.));
#7025=DIRECTION('',(1.,0.,-0.));
#7026=AXIS2_PLACEMENT_3D('',#7023,#7024,#7025);
#7027=CIRCLE('',#7026,5.385164807);
#7028=EDGE_CURVE('',#5819,#7016,#7027,.T.);
#7029=ORIENTED_EDGE('',*,*,#7028,.F.);
#7030=ORIENTED_EDGE('',*,*,#5824,.T.);
#7031=ORIENTED_EDGE('',*,*,#6849,.T.);
#7032=EDGE_LOOP('',(#7022,#7029,#7030,#7031));
#7033=FACE_BOUND('',#7032,.T.);
#7034=ADVANCED_FACE('',(#7033),#7014,.T.);
#7035=CARTESIAN_POINT('',(-0.,-0.,2.5));
#7036=DIRECTION('',(0.,0.,-1.));
#7037=DIRECTION('',(-1.,0.,0.));
#7038=AXIS2_PLACEMENT_3D('',#7035,#7036,#7037);
#7039=CYLINDRICAL_SURFACE('',#7038,5.385164807);
#7040=ORIENTED_EDGE('',*,*,#5665,.T.);
#7041=ORIENTED_EDGE('',*,*,#6912,.T.);
#7042=ORIENTED_EDGE('',*,*,#6557,.F.);
#7043=CARTESIAN_POINT('',(-0.,-0.,2.5));
#7044=DIRECTION('',(0.,0.,1.));
#7045=DIRECTION('',(1.,0.,-0.));
#7046=AXIS2_PLACEMENT_3D('',#7043,#7044,#7045);
#7047=CIRCLE('',#7046,5.385164807);
#7048=EDGE_CURVE('',#5660,#6543,#7047,.T.);
#7049=ORIENTED_EDGE('',*,*,#7048,.F.);
#7050=EDGE_LOOP('',(#7040,#7041,#7042,#7049));
#7051=FACE_BOUND('',#7050,.T.);
#7052=ADVANCED_FACE('',(#7051),#7039,.T.);
#7053=CARTESIAN_POINT('',(-0.,-0.,2.5));
#7054=DIRECTION('',(0.,0.,-1.));
#7055=DIRECTION('',(-1.,0.,0.));
#7056=AXIS2_PLACEMENT_3D('',#7053,#7054,#7055);
#7057=CYLINDRICAL_SURFACE('',#7056,5.385164807);
#7058=ORIENTED_EDGE('',*,*,#6747,.F.);
#7059=ORIENTED_EDGE('',*,*,#6291,.T.);
#7060=CARTESIAN_POINT('',(-0.,-0.,-2.5));
#7061=DIRECTION('',(0.,0.,1.));
#7062=DIRECTION('',(1.,0.,-0.));
#7063=AXIS2_PLACEMENT_3D('',#7060,#7061,#7062);
#7064=CIRCLE('',#7063,5.385164807);
#7065=EDGE_CURVE('',#6277,#6144,#7064,.T.);
#7066=ORIENTED_EDGE('',*,*,#7065,.T.);
#7067=ORIENTED_EDGE('',*,*,#6149,.F.);
#7068=EDGE_LOOP('',(#7058,#7059,#7066,#7067));
#7069=FACE_BOUND('',#7068,.T.);
#7070=ADVANCED_FACE('',(#7069),#7057,.T.);
#7071=CARTESIAN_POINT('',(0.,-0.,2.5));
#7072=DIRECTION('',(0.,0.,-1.));
#7073=DIRECTION('',(-1.,0.,0.));
#7074=AXIS2_PLACEMENT_3D('',#7071,#7072,#7073);
#7075=CYLINDRICAL_SURFACE('',#7074,5.385164807);
#7076=ORIENTED_EDGE('',*,*,#6783,.F.);
#7077=ORIENTED_EDGE('',*,*,#6116,.T.);
#7078=CARTESIAN_POINT('',(0.,-0.,-2.5));
#7079=DIRECTION('',(0.,0.,1.));
#7080=DIRECTION('',(1.,0.,-0.));
#7081=AXIS2_PLACEMENT_3D('',#7078,#7079,#7080);
#7082=CIRCLE('',#7081,5.385164807);
#7083=EDGE_CURVE('',#6102,#5952,#7082,.T.);
#7084=ORIENTED_EDGE('',*,*,#7083,.T.);
#7085=ORIENTED_EDGE('',*,*,#5957,.F.);
#7086=EDGE_LOOP('',(#7076,#7077,#7084,#7085));
#7087=FACE_BOUND('',#7086,.T.);
#7088=ADVANCED_FACE('',(#7087),#7075,.T.);
#7089=CARTESIAN_POINT('',(0.,-0.,2.5));
#7090=DIRECTION('',(0.,0.,-1.));
#7091=DIRECTION('',(-1.,0.,0.));
#7092=AXIS2_PLACEMENT_3D('',#7089,#7090,#7091);
#7093=CYLINDRICAL_SURFACE('',#7092,5.385164807);
#7094=ORIENTED_EDGE('',*,*,#6823,.F.);
#7095=ORIENTED_EDGE('',*,*,#5974,.T.);
#7096=CARTESIAN_POINT('',(0.,-0.,-2.5));
#7097=DIRECTION('',(0.,0.,1.));
#7098=DIRECTION('',(1.,0.,-0.));
#7099=AXIS2_PLACEMENT_3D('',#7096,#7097,#7098);
#7100=CIRCLE('',#7099,5.385164807);
#7101=EDGE_CURVE('',#5960,#5777,#7100,.T.);
#7102=ORIENTED_EDGE('',*,*,#7101,.T.);
#7103=ORIENTED_EDGE('',*,*,#5782,.F.);
#7104=EDGE_LOOP('',(#7094,#7095,#7102,#7103));
#7105=FACE_BOUND('',#7104,.T.);
#7106=ADVANCED_FACE('',(#7105),#7093,.T.);
#7107=CARTESIAN_POINT('',(-0.,-0.,2.5));
#7108=DIRECTION('',(0.,0.,-1.));
#7109=DIRECTION('',(-1.,0.,0.));
#7110=AXIS2_PLACEMENT_3D('',#7107,#7108,#7109);
#7111=CYLINDRICAL_SURFACE('',#7110,5.385164807);
#7112=CARTESIAN_POINT('',(-5.385164807,-0.,-2.5));
#7113=VERTEX_POINT('',#7112);
#7114=CARTESIAN_POINT('',(-5.385164807,-0.,-2.5));
#7115=DIRECTION('',(-0.,-0.,1.));
#7116=VECTOR('',#7115,1.5);
#7117=LINE('',#7114,#7116);
#7118=EDGE_CURVE('',#7113,#6882,#7117,.T.);
#7119=ORIENTED_EDGE('',*,*,#7118,.T.);
#7120=ORIENTED_EDGE('',*,*,#6888,.F.);
#7121=ORIENTED_EDGE('',*,*,#5799,.T.);
#7122=CARTESIAN_POINT('',(-0.,-0.,-2.5));
#7123=DIRECTION('',(0.,0.,1.));
#7124=DIRECTION('',(1.,0.,-0.));
#7125=AXIS2_PLACEMENT_3D('',#7122,#7123,#7124);
#7126=CIRCLE('',#7125,5.385164807);
#7127=EDGE_CURVE('',#5785,#7113,#7126,.T.);
#7128=ORIENTED_EDGE('',*,*,#7127,.T.);
#7129=EDGE_LOOP('',(#7119,#7120,#7121,#7128));
#7130=FACE_BOUND('',#7129,.T.);
#7131=ADVANCED_FACE('',(#7130),#7111,.T.);
#7132=CARTESIAN_POINT('',(-0.,-0.,2.5));
#7133=DIRECTION('',(0.,0.,-1.));
#7134=DIRECTION('',(-1.,0.,0.));
#7135=AXIS2_PLACEMENT_3D('',#7132,#7133,#7134);
#7136=CYLINDRICAL_SURFACE('',#7135,5.385164807);
#7137=ORIENTED_EDGE('',*,*,#6933,.F.);
#7138=ORIENTED_EDGE('',*,*,#5590,.T.);
#7139=CARTESIAN_POINT('',(-0.,-0.,-2.5));
#7140=DIRECTION('',(0.,0.,1.));
#7141=DIRECTION('',(1.,0.,-0.));
#7142=AXIS2_PLACEMENT_3D('',#7139,#7140,#7141);
#7143=CIRCLE('',#7142,5.385164807);
#7144=EDGE_CURVE('',#5576,#6461,#7143,.T.);
#7145=ORIENTED_EDGE('',*,*,#7144,.T.);
#7146=ORIENTED_EDGE('',*,*,#6466,.F.);
#7147=EDGE_LOOP('',(#7137,#7138,#7145,#7146));
#7148=FACE_BOUND('',#7147,.T.);
#7149=ADVANCED_FACE('',(#7148),#7136,.T.);
#7150=CARTESIAN_POINT('',(0.,0.,2.5));
#7151=DIRECTION('',(0.,0.,-1.));
#7152=DIRECTION('',(-1.,0.,0.));
#7153=AXIS2_PLACEMENT_3D('',#7150,#7151,#7152);
#7154=CYLINDRICAL_SURFACE('',#7153,2.5);
#7155=CARTESIAN_POINT('',(-2.5,0.,-2.5));
#7156=VERTEX_POINT('',#7155);
#7157=CARTESIAN_POINT('',(-2.5,0.,2.5));
#7158=VERTEX_POINT('',#7157);
#7159=CARTESIAN_POINT('',(-2.5,0.,-2.5));
#7160=DIRECTION('',(-0.,-0.,1.));
#7161=VECTOR('',#7160,5.);
#7162=LINE('',#7159,#7161);
#7163=EDGE_CURVE('',#7156,#7158,#7162,.T.);
#7164=ORIENTED_EDGE('',*,*,#7163,.F.);
#7165=CARTESIAN_POINT('',(2.5,-0.,-2.5));
#7166=VERTEX_POINT('',#7165);
#7167=CARTESIAN_POINT('',(0.,0.,-2.5));
#7168=DIRECTION('',(0.,0.,1.));
#7169=DIRECTION('',(1.,0.,-0.));
#7170=AXIS2_PLACEMENT_3D('',#7167,#7168,#7169);
#7171=CIRCLE('',#7170,2.5);
#7172=EDGE_CURVE('',#7166,#7156,#7171,.T.);
#7173=ORIENTED_EDGE('',*,*,#7172,.F.);
#7174=CARTESIAN_POINT('',(0.,0.,-2.5));
#7175=DIRECTION('',(0.,0.,1.));
#7176=DIRECTION('',(1.,0.,-0.));
#7177=AXIS2_PLACEMENT_3D('',#7174,#7175,#7176);
#7178=CIRCLE('',#7177,2.5);
#7179=EDGE_CURVE('',#7156,#7166,#7178,.T.);
#7180=ORIENTED_EDGE('',*,*,#7179,.F.);
#7181=ORIENTED_EDGE('',*,*,#7163,.T.);
#7182=CARTESIAN_POINT('',(2.5,-0.,2.5));
#7183=VERTEX_POINT('',#7182);
#7184=CARTESIAN_POINT('',(0.,0.,2.5));
#7185=DIRECTION('',(0.,0.,1.));
#7186=DIRECTION('',(1.,0.,-0.));
#7187=AXIS2_PLACEMENT_3D('',#7184,#7185,#7186);
#7188=CIRCLE('',#7187,2.5);
#7189=EDGE_CURVE('',#7158,#7183,#7188,.T.);
#7190=ORIENTED_EDGE('',*,*,#7189,.T.);
#7191=CARTESIAN_POINT('',(0.,0.,2.5));
#7192=DIRECTION('',(0.,0.,1.));
#7193=DIRECTION('',(1.,0.,-0.));
#7194=AXIS2_PLACEMENT_3D('',#7191,#7192,#7193);
#7195=CIRCLE('',#7194,2.5);
#7196=EDGE_CURVE('',#7183,#7158,#7195,.T.);
#7197=ORIENTED_EDGE('',*,*,#7196,.T.);
#7198=EDGE_LOOP('',(#7164,#7173,#7180,#7181,#7190,#7197));
#7199=FACE_BOUND('',#7198,.T.);
#7200=ADVANCED_FACE('',(#7199),#7154,.F.);
#7201=CARTESIAN_POINT('',(-0.,-0.,2.5));
#7202=DIRECTION('',(0.,0.,-1.));
#7203=DIRECTION('',(-1.,0.,0.));
#7204=AXIS2_PLACEMENT_3D('',#7201,#7202,#7203);
#7205=CYLINDRICAL_SURFACE('',#7204,5.385164807);
#7206=ORIENTED_EDGE('',*,*,#6711,.F.);
#7207=ORIENTED_EDGE('',*,*,#6483,.T.);
#7208=CARTESIAN_POINT('',(-0.,-0.,-2.5));
#7209=DIRECTION('',(0.,0.,1.));
#7210=DIRECTION('',(1.,0.,-0.));
#7211=AXIS2_PLACEMENT_3D('',#7208,#7209,#7210);
#7212=CIRCLE('',#7211,5.385164807);
#7213=EDGE_CURVE('',#6469,#6319,#7212,.T.);
#7214=ORIENTED_EDGE('',*,*,#7213,.T.);
#7215=ORIENTED_EDGE('',*,*,#6324,.F.);
#7216=EDGE_LOOP('',(#7206,#7207,#7214,#7215));
#7217=FACE_BOUND('',#7216,.T.);
#7218=ADVANCED_FACE('',(#7217),#7205,.T.);
#7219=CARTESIAN_POINT('',(0.,0.,2.5));
#7220=DIRECTION('',(0.,0.,1.));
#7221=DIRECTION('',(1.,0.,0.));
#7222=AXIS2_PLACEMENT_3D('',#7219,#7220,#7221);
#7223=PLANE('',#7222);
#7224=ORIENTED_EDGE('',*,*,#7189,.F.);
#7225=ORIENTED_EDGE('',*,*,#7196,.F.);
#7226=EDGE_LOOP('',(#7224,#7225));
#7227=FACE_BOUND('',#7226,.T.);
#7228=ORIENTED_EDGE('',*,*,#6341,.F.);
#7229=ORIENTED_EDGE('',*,*,#6398,.F.);
#7230=ORIENTED_EDGE('',*,*,#6969,.T.);
#7231=ORIENTED_EDGE('',*,*,#6166,.F.);
#7232=ORIENTED_EDGE('',*,*,#6223,.F.);
#7233=ORIENTED_EDGE('',*,*,#6987,.T.);
#7234=ORIENTED_EDGE('',*,*,#6008,.F.);
#7235=ORIENTED_EDGE('',*,*,#7005,.T.);
#7236=ORIENTED_EDGE('',*,*,#5833,.F.);
#7237=ORIENTED_EDGE('',*,*,#7028,.T.);
#7238=CARTESIAN_POINT('',(-0.,-0.,2.5));
#7239=DIRECTION('',(0.,0.,1.));
#7240=DIRECTION('',(1.,0.,-0.));
#7241=AXIS2_PLACEMENT_3D('',#7238,#7239,#7240);
#7242=CIRCLE('',#7241,5.385164807);
#7243=EDGE_CURVE('',#7016,#5668,#7242,.T.);
#7244=ORIENTED_EDGE('',*,*,#7243,.T.);
#7245=ORIENTED_EDGE('',*,*,#5674,.F.);
#7246=ORIENTED_EDGE('',*,*,#7048,.T.);
#7247=ORIENTED_EDGE('',*,*,#6549,.F.);
#7248=ORIENTED_EDGE('',*,*,#6951,.T.);
#7249=EDGE_LOOP('',(#7228,#7229,#7230,#7231,#7232,#7233,#7234,#7235,#7236,#7237,#7244,#7245,#7246,#7247,#7248));
#7250=FACE_BOUND('',#7249,.T.);
#7251=ADVANCED_FACE('',(#7227,#7250),#7223,.T.);
#7252=CARTESIAN_POINT('',(0.,0.,-2.5));
#7253=DIRECTION('',(0.,0.,-1.));
#7254=DIRECTION('',(1.,0.,0.));
#7255=AXIS2_PLACEMENT_3D('',#7252,#7253,#7254);
#7256=PLANE('',#7255);
#7257=ORIENTED_EDGE('',*,*,#7172,.T.);
#7258=ORIENTED_EDGE('',*,*,#7179,.T.);
#7259=EDGE_LOOP('',(#7257,#7258));
#7260=FACE_BOUND('',#7259,.T.);
#7261=ORIENTED_EDGE('',*,*,#6283,.T.);
#7262=ORIENTED_EDGE('',*,*,#6331,.T.);
#7263=ORIENTED_EDGE('',*,*,#7213,.F.);
#7264=ORIENTED_EDGE('',*,*,#6475,.T.);
#7265=ORIENTED_EDGE('',*,*,#7144,.F.);
#7266=ORIENTED_EDGE('',*,*,#5582,.T.);
#7267=CARTESIAN_POINT('',(-0.,-0.,-2.5));
#7268=DIRECTION('',(0.,0.,1.));
#7269=DIRECTION('',(1.,0.,-0.));
#7270=AXIS2_PLACEMENT_3D('',#7267,#7268,#7269);
#7271=CIRCLE('',#7270,5.385164807);
#7272=EDGE_CURVE('',#7113,#5568,#7271,.T.);
#7273=ORIENTED_EDGE('',*,*,#7272,.F.);
#7274=ORIENTED_EDGE('',*,*,#7127,.F.);
#7275=ORIENTED_EDGE('',*,*,#5791,.T.);
#7276=ORIENTED_EDGE('',*,*,#7101,.F.);
#7277=ORIENTED_EDGE('',*,*,#5966,.T.);
#7278=ORIENTED_EDGE('',*,*,#7083,.F.);
#7279=ORIENTED_EDGE('',*,*,#6108,.T.);
#7280=ORIENTED_EDGE('',*,*,#6156,.T.);
#7281=ORIENTED_EDGE('',*,*,#7065,.F.);
#7282=EDGE_LOOP('',(#7261,#7262,#7263,#7264,#7265,#7266,#7273,#7274,#7275,#7276,#7277,#7278,#7279,#7280,#7281));
#7283=FACE_BOUND('',#7282,.T.);
#7284=ADVANCED_FACE('',(#7260,#7283),#7256,.T.);
#7285=CARTESIAN_POINT('',(0.,0.,2.));
#7286=DIRECTION('',(0.,0.,-1.));
#7287=DIRECTION('',(-1.,0.,0.));
#7288=AXIS2_PLACEMENT_3D('',#7285,#7286,#7287);
#7289=CYLINDRICAL_SURFACE('',#7288,6.873940962);
#7290=ORIENTED_EDGE('',*,*,#5304,.T.);
#7291=ORIENTED_EDGE('',*,*,#6876,.T.);
#7292=ORIENTED_EDGE('',*,*,#5615,.T.);
#7293=ORIENTED_EDGE('',*,*,#6672,.F.);
#7294=EDGE_LOOP('',(#7290,#7291,#7292,#7293));
#7295=FACE_BOUND('',#7294,.T.);
#7296=ADVANCED_FACE('',(#7295),#7289,.F.);
#7297=CARTESIAN_POINT('',(0.,0.,2.));
#7298=DIRECTION('',(0.,0.,-1.));
#7299=DIRECTION('',(-1.,0.,0.));
#7300=AXIS2_PLACEMENT_3D('',#7297,#7298,#7299);
#7301=CYLINDRICAL_SURFACE('',#7300,6.873940962);
#7302=ORIENTED_EDGE('',*,*,#5707,.T.);
#7303=ORIENTED_EDGE('',*,*,#6632,.T.);
#7304=ORIENTED_EDGE('',*,*,#5640,.T.);
#7305=ORIENTED_EDGE('',*,*,#6859,.F.);
#7306=EDGE_LOOP('',(#7302,#7303,#7304,#7305));
#7307=FACE_BOUND('',#7306,.T.);
#7308=ADVANCED_FACE('',(#7307),#7301,.F.);
#7309=CARTESIAN_POINT('',(-0.,-0.,2.5));
#7310=DIRECTION('',(0.,0.,-1.));
#7311=DIRECTION('',(-1.,0.,0.));
#7312=AXIS2_PLACEMENT_3D('',#7309,#7310,#7311);
#7313=CYLINDRICAL_SURFACE('',#7312,5.385164807);
#7314=ORIENTED_EDGE('',*,*,#7021,.F.);
#7315=ORIENTED_EDGE('',*,*,#6842,.T.);
#7316=ORIENTED_EDGE('',*,*,#5682,.F.);
#7317=ORIENTED_EDGE('',*,*,#7243,.F.);
#7318=EDGE_LOOP('',(#7314,#7315,#7316,#7317));
#7319=FACE_BOUND('',#7318,.T.);
#7320=ADVANCED_FACE('',(#7319),#7313,.T.);
#7321=CARTESIAN_POINT('',(-0.,-0.,2.5));
#7322=DIRECTION('',(0.,0.,-1.));
#7323=DIRECTION('',(-1.,0.,0.));
#7324=AXIS2_PLACEMENT_3D('',#7321,#7322,#7323);
#7325=CYLINDRICAL_SURFACE('',#7324,5.385164807);
#7326=ORIENTED_EDGE('',*,*,#7118,.F.);
#7327=ORIENTED_EDGE('',*,*,#7272,.T.);
#7328=ORIENTED_EDGE('',*,*,#5573,.F.);
#7329=ORIENTED_EDGE('',*,*,#6895,.F.);
#7330=EDGE_LOOP('',(#7326,#7327,#7328,#7329));
#7331=FACE_BOUND('',#7330,.T.);
#7332=ADVANCED_FACE('',(#7331),#7325,.T.);
#7333=CLOSED_SHELL('',(#5290,#5332,#5374,#5416,#5458,#5500,#5542,#5693,#5735,#5877,#5910,#6052,#6085,#6227,#6260,#6402,#6435,#6568,#6619,#6650,#6681,#6699,#6717,#6735,#6753,#6771,
#6789,#6808,#6827,#6863,#6899,#6918,#6937,#6955,#6973,#6991,#7009,#7034,#7052,#7070,#7088,#7106,#7131,#7149,#7200,#7218,#7251,#7284,#7296,#7308,#7320,
#7332));
#7334=MANIFOLD_SOLID_BREP('Hub',#7333);
#5248=STYLED_ITEM('',(#517),#7334);
#7336=CARTESIAN_POINT('',(-44.227384299,14.359260582,13.));
#7337=DIRECTION('',(0.329001556,0.944329379,0.));
#7338=DIRECTION('',(-0.944329379,0.329001556,0.));
#7339=AXIS2_PLACEMENT_3D('',#7336,#7337,#7338);
#7340=PLANE('',#7339);
#7341=CARTESIAN_POINT('',(-44.2147795,14.354869108,13.));
#7342=VERTEX_POINT('',#7341);
#7343=CARTESIAN_POINT('',(-44.043623283,14.295238789,13.));
#7344=VERTEX_POINT('',#7343);
#7345=CARTESIAN_POINT('',(-44.2147795,14.354869108,13.));
#7346=DIRECTION('',(0.944329379,-0.329001556,0.));
#7347=VECTOR('',#7346,0.181246312);
#7348=LINE('',#7345,#7347);
#7349=EDGE_CURVE('',#7342,#7344,#7348,.T.);
#7350=ORIENTED_EDGE('',*,*,#7349,.T.);
#7351=CARTESIAN_POINT('',(-44.043623283,14.295238789,1.));
#7352=VERTEX_POINT('',#7351);
#7353=CARTESIAN_POINT('',(-44.043623283,14.295238789,13.));
#7354=DIRECTION('',(0.,0.,-1.));
#7355=VECTOR('',#7354,12.);
#7356=LINE('',#7353,#7355);
#7357=EDGE_CURVE('',#7344,#7352,#7356,.T.);
#7358=ORIENTED_EDGE('',*,*,#7357,.T.);
#7359=CARTESIAN_POINT('',(-44.2147795,14.354869108,1.));
#7360=VERTEX_POINT('',#7359);
#7361=CARTESIAN_POINT('',(-44.2147795,14.354869108,1.));
#7362=DIRECTION('',(0.944329379,-0.329001556,0.));
#7363=VECTOR('',#7362,0.181246312);
#7364=LINE('',#7361,#7363);
#7365=EDGE_CURVE('',#7360,#7352,#7364,.T.);
#7366=ORIENTED_EDGE('',*,*,#7365,.F.);
#7367=CARTESIAN_POINT('',(-44.2147795,14.354869108,1.));
#7368=DIRECTION('',(0.,0.,1.));
#7369=VECTOR('',#7368,12.);
#7370=LINE('',#7367,#7369);
#7371=EDGE_CURVE('',#7360,#7342,#7370,.T.);
#7372=ORIENTED_EDGE('',*,*,#7371,.T.);
#7373=EDGE_LOOP('',(#7350,#7358,#7366,#7372));
#7374=FACE_BOUND('',#7373,.T.);
#7375=ADVANCED_FACE('',(#7374),#7340,.T.);
#7376=CARTESIAN_POINT('',(0.,-0.,13.));
#7377=DIRECTION('',(-0.,0.,-1.));
#7378=DIRECTION('',(-0.258819045,-0.965925826,0.));
#7379=AXIS2_PLACEMENT_3D('',#7376,#7377,#7378);
#7380=CYLINDRICAL_SURFACE('',#7379,47.);
#7381=CARTESIAN_POINT('',(-45.862838873,10.276186573,12.5));
#7382=VERTEX_POINT('',#7381);
#7383=CARTESIAN_POINT('',(-44.856476841,14.03198081,12.5));
#7384=VERTEX_POINT('',#7383);
#7385=CARTESIAN_POINT('',(0.,-0.,12.5));
#7386=DIRECTION('',(-0.,0.,-1.));
#7387=DIRECTION('',(0.258819045,0.965925826,0.));
#7388=AXIS2_PLACEMENT_3D('',#7385,#7386,#7387);
#7389=CIRCLE('',#7388,47.);
#7390=EDGE_CURVE('',#7382,#7384,#7389,.T.);
#7391=ORIENTED_EDGE('',*,*,#7390,.T.);
#7392=CARTESIAN_POINT('',(-44.856476841,14.03198081,1.5));
#7393=VERTEX_POINT('',#7392);
#7394=CARTESIAN_POINT('',(-44.856476841,14.03198081,12.5));
#7395=DIRECTION('',(0.,0.,-1.));
#7396=VECTOR('',#7395,11.);
#7397=LINE('',#7394,#7396);
#7398=EDGE_CURVE('',#7384,#7393,#7397,.T.);
#7399=ORIENTED_EDGE('',*,*,#7398,.T.);
#7400=CARTESIAN_POINT('',(-45.862838873,10.276186573,1.5));
#7401=VERTEX_POINT('',#7400);
#7402=CARTESIAN_POINT('',(0.,-0.,1.5));
#7403=DIRECTION('',(0.,-0.,1.));
#7404=DIRECTION('',(0.258819045,0.965925826,0.));
#7405=AXIS2_PLACEMENT_3D('',#7402,#7403,#7404);
#7406=CIRCLE('',#7405,47.);
#7407=EDGE_CURVE('',#7393,#7401,#7406,.T.);
#7408=ORIENTED_EDGE('',*,*,#7407,.T.);
#7409=CARTESIAN_POINT('',(-45.862838873,10.276186573,1.5));
#7410=DIRECTION('',(-0.,-0.,1.));
#7411=VECTOR('',#7410,11.);
#7412=LINE('',#7409,#7411);
#7413=EDGE_CURVE('',#7401,#7382,#7412,.T.);
#7414=ORIENTED_EDGE('',*,*,#7413,.T.);
#7415=EDGE_LOOP('',(#7391,#7399,#7408,#7414));
#7416=FACE_BOUND('',#7415,.T.);
#7417=ADVANCED_FACE('',(#7416),#7380,.T.);
#7418=CARTESIAN_POINT('',(-45.481668637,9.678207705,13.));
#7419=DIRECTION('',(0.187240984,0.98231401,0.));
#7420=DIRECTION('',(-0.98231401,0.187240984,0.));
#7421=AXIS2_PLACEMENT_3D('',#7418,#7419,#7420);
#7422=PLANE('',#7421);
#7423=CARTESIAN_POINT('',(-45.468556824,9.675708435,1.));
#7424=VERTEX_POINT('',#7423);
#7425=CARTESIAN_POINT('',(-45.290516033,9.641771697,1.));
#7426=VERTEX_POINT('',#7425);
#7427=CARTESIAN_POINT('',(-45.468556824,9.675708435,1.));
#7428=DIRECTION('',(0.98231401,-0.187240984,0.));
#7429=VECTOR('',#7428,0.181246312);
#7430=LINE('',#7427,#7429);
#7431=EDGE_CURVE('',#7424,#7426,#7430,.T.);
#7432=ORIENTED_EDGE('',*,*,#7431,.T.);
#7433=CARTESIAN_POINT('',(-45.290516033,9.641771697,13.));
#7434=VERTEX_POINT('',#7433);
#7435=CARTESIAN_POINT('',(-45.290516033,9.641771697,1.));
#7436=DIRECTION('',(0.,0.,1.));
#7437=VECTOR('',#7436,12.);
#7438=LINE('',#7435,#7437);
#7439=EDGE_CURVE('',#7426,#7434,#7438,.T.);
#7440=ORIENTED_EDGE('',*,*,#7439,.T.);
#7441=CARTESIAN_POINT('',(-45.468556824,9.675708435,13.));
#7442=VERTEX_POINT('',#7441);
#7443=CARTESIAN_POINT('',(-45.468556824,9.675708435,13.));
#7444=DIRECTION('',(0.98231401,-0.187240984,0.));
#7445=VECTOR('',#7444,0.181246312);
#7446=LINE('',#7443,#7445);
#7447=EDGE_CURVE('',#7442,#7434,#7446,.T.);
#7448=ORIENTED_EDGE('',*,*,#7447,.F.);
#7449=CARTESIAN_POINT('',(-45.468556824,9.675708435,13.));
#7450=DIRECTION('',(0.,0.,-1.));
#7451=VECTOR('',#7450,12.);
#7452=LINE('',#7449,#7451);
#7453=EDGE_CURVE('',#7442,#7424,#7452,.T.);
#7454=ORIENTED_EDGE('',*,*,#7453,.T.);
#7455=EDGE_LOOP('',(#7432,#7440,#7448,#7454));
#7456=FACE_BOUND('',#7455,.T.);
#7457=ADVANCED_FACE('',(#7456),#7422,.F.);
#7458=CARTESIAN_POINT('',(0.,0.,13.));
#7459=DIRECTION('',(0.,0.,1.));
#7460=DIRECTION('',(0.258819045,0.965925826,0.));
#7461=AXIS2_PLACEMENT_3D('',#7458,#7459,#7460);
#7462=PLANE('',#7461);
#7463=CARTESIAN_POINT('',(-45.285172518,9.640702774,13.));
#7464=VERTEX_POINT('',#7463);
#7465=CARTESIAN_POINT('',(-45.346688328,9.347077494,13.));
#7466=DIRECTION('',(-0.,-0.,-1.));
#7467=DIRECTION('',(1.,0.,-0.));
#7468=AXIS2_PLACEMENT_3D('',#7465,#7466,#7467);
#7469=CIRCLE('',#7468,0.3);
#7470=EDGE_CURVE('',#7434,#7464,#7469,.T.);
#7471=ORIENTED_EDGE('',*,*,#7470,.T.);
#7472=CARTESIAN_POINT('',(-44.038461203,14.293492747,13.));
#7473=VERTEX_POINT('',#7472);
#7474=CARTESIAN_POINT('',(0.,0.,13.));
#7475=DIRECTION('',(-0.,-0.,-1.));
#7476=DIRECTION('',(1.,0.,-0.));
#7477=AXIS2_PLACEMENT_3D('',#7474,#7475,#7476);
#7478=CIRCLE('',#7477,46.3);
#7479=EDGE_CURVE('',#7464,#7473,#7478,.T.);
#7480=ORIENTED_EDGE('',*,*,#7479,.T.);
#7481=CARTESIAN_POINT('',(-43.944922817,14.578537603,13.));
#7482=DIRECTION('',(-0.,-0.,-1.));
#7483=DIRECTION('',(1.,0.,-0.));
#7484=AXIS2_PLACEMENT_3D('',#7481,#7482,#7483);
#7485=CIRCLE('',#7484,0.3);
#7486=EDGE_CURVE('',#7473,#7344,#7485,.T.);
#7487=ORIENTED_EDGE('',*,*,#7486,.T.);
#7488=ORIENTED_EDGE('',*,*,#7349,.F.);
#7489=CARTESIAN_POINT('',(-44.227440471,14.359091523,13.));
#7490=VERTEX_POINT('',#7489);
#7491=CARTESIAN_POINT('',(-44.379280278,13.882704419,13.));
#7492=DIRECTION('',(0.,-0.,1.));
#7493=DIRECTION('',(0.258819045,0.965925826,0.));
#7494=AXIS2_PLACEMENT_3D('',#7491,#7492,#7493);
#7495=CIRCLE('',#7494,0.5);
#7496=EDGE_CURVE('',#7342,#7490,#7495,.T.);
#7497=ORIENTED_EDGE('',*,*,#7496,.T.);
#7498=CARTESIAN_POINT('',(-45.481632754,9.678382202,13.));
#7499=VERTEX_POINT('',#7498);
#7500=CARTESIAN_POINT('',(0.,-0.,13.));
#7501=DIRECTION('',(0.,-0.,1.));
#7502=DIRECTION('',(0.258819045,0.965925826,0.));
#7503=AXIS2_PLACEMENT_3D('',#7500,#7501,#7502);
#7504=CIRCLE('',#7503,46.5);
#7505=EDGE_CURVE('',#7490,#7499,#7504,.T.);
#7506=ORIENTED_EDGE('',*,*,#7505,.T.);
#7507=CARTESIAN_POINT('',(-45.374936332,10.16686544,13.));
#7508=DIRECTION('',(0.,-0.,1.));
#7509=DIRECTION('',(0.258819045,0.965925826,0.));
#7510=AXIS2_PLACEMENT_3D('',#7507,#7508,#7509);
#7511=CIRCLE('',#7510,0.5);
#7512=EDGE_CURVE('',#7499,#7442,#7511,.T.);
#7513=ORIENTED_EDGE('',*,*,#7512,.T.);
#7514=ORIENTED_EDGE('',*,*,#7447,.T.);
#7515=EDGE_LOOP('',(#7471,#7480,#7487,#7488,#7497,#7506,#7513,#7514));
#7516=FACE_BOUND('',#7515,.T.);
#7517=ADVANCED_FACE('',(#7516),#7462,.T.);
#7518=CARTESIAN_POINT('',(0.,0.,1.));
#7519=DIRECTION('',(0.,0.,1.));
#7520=DIRECTION('',(0.258819045,0.965925826,0.));
#7521=AXIS2_PLACEMENT_3D('',#7518,#7519,#7520);
#7522=PLANE('',#7521);
#7523=CARTESIAN_POINT('',(-44.038461203,14.293492747,1.));
#7524=VERTEX_POINT('',#7523);
#7525=CARTESIAN_POINT('',(-43.944922817,14.578537603,1.));
#7526=DIRECTION('',(0.,0.,1.));
#7527=DIRECTION('',(1.,0.,-0.));
#7528=AXIS2_PLACEMENT_3D('',#7525,#7526,#7527);
#7529=CIRCLE('',#7528,0.3);
#7530=EDGE_CURVE('',#7352,#7524,#7529,.T.);
#7531=ORIENTED_EDGE('',*,*,#7530,.T.);
#7532=CARTESIAN_POINT('',(-45.285172518,9.640702774,1.));
#7533=VERTEX_POINT('',#7532);
#7534=CARTESIAN_POINT('',(0.,0.,1.));
#7535=DIRECTION('',(0.,0.,1.));
#7536=DIRECTION('',(1.,0.,-0.));
#7537=AXIS2_PLACEMENT_3D('',#7534,#7535,#7536);
#7538=CIRCLE('',#7537,46.3);
#7539=EDGE_CURVE('',#7524,#7533,#7538,.T.);
#7540=ORIENTED_EDGE('',*,*,#7539,.T.);
#7541=CARTESIAN_POINT('',(-45.346688328,9.347077494,1.));
#7542=DIRECTION('',(0.,0.,1.));
#7543=DIRECTION('',(1.,0.,-0.));
#7544=AXIS2_PLACEMENT_3D('',#7541,#7542,#7543);
#7545=CIRCLE('',#7544,0.3);
#7546=EDGE_CURVE('',#7533,#7426,#7545,.T.);
#7547=ORIENTED_EDGE('',*,*,#7546,.T.);
#7548=ORIENTED_EDGE('',*,*,#7431,.F.);
#7549=CARTESIAN_POINT('',(-45.481632754,9.678382202,1.));
#7550=VERTEX_POINT('',#7549);
#7551=CARTESIAN_POINT('',(-45.374936332,10.16686544,1.));
#7552=DIRECTION('',(-0.,0.,-1.));
#7553=DIRECTION('',(0.258819045,0.965925826,0.));
#7554=AXIS2_PLACEMENT_3D('',#7551,#7552,#7553);
#7555=CIRCLE('',#7554,0.5);
#7556=EDGE_CURVE('',#7424,#7550,#7555,.T.);
#7557=ORIENTED_EDGE('',*,*,#7556,.T.);
#7558=CARTESIAN_POINT('',(-44.227440471,14.359091523,1.));
#7559=VERTEX_POINT('',#7558);
#7560=CARTESIAN_POINT('',(0.,-0.,1.));
#7561=DIRECTION('',(-0.,0.,-1.));
#7562=DIRECTION('',(0.258819045,0.965925826,0.));
#7563=AXIS2_PLACEMENT_3D('',#7560,#7561,#7562);
#7564=CIRCLE('',#7563,46.5);
#7565=EDGE_CURVE('',#7550,#7559,#7564,.T.);
#7566=ORIENTED_EDGE('',*,*,#7565,.T.);
#7567=CARTESIAN_POINT('',(-44.379280278,13.882704419,1.));
#7568=DIRECTION('',(-0.,0.,-1.));
#7569=DIRECTION('',(0.258819045,0.965925826,0.));
#7570=AXIS2_PLACEMENT_3D('',#7567,#7568,#7569);
#7571=CIRCLE('',#7570,0.5);
#7572=EDGE_CURVE('',#7559,#7360,#7571,.T.);
#7573=ORIENTED_EDGE('',*,*,#7572,.T.);
#7574=ORIENTED_EDGE('',*,*,#7365,.T.);
#7575=EDGE_LOOP('',(#7531,#7540,#7547,#7548,#7557,#7566,#7573,#7574));
#7576=FACE_BOUND('',#7575,.T.);
#7577=ADVANCED_FACE('',(#7576),#7522,.F.);
#7578=CARTESIAN_POINT('',(-45.374936332,10.16686544,13.));
#7579=DIRECTION('',(-0.,0.,-1.));
#7580=DIRECTION('',(-0.258819045,-0.965925826,0.));
#7581=AXIS2_PLACEMENT_3D('',#7578,#7579,#7580);
#7582=CYLINDRICAL_SURFACE('',#7581,0.5);
#7583=CARTESIAN_POINT('',(-45.504342414,9.683915315,1.000559165));
#7584=VERTEX_POINT('',#7583);
#7585=CARTESIAN_POINT('',(-45.504342414,9.683915315,12.999440835));
#7586=VERTEX_POINT('',#7585);
#7587=CARTESIAN_POINT('',(-45.504345855,9.683902526,1.000559165));
#7588=DIRECTION('',(-0.,-0.,1.));
#7589=VECTOR('',#7588,11.99888167);
#7590=LINE('',#7587,#7589);
#7591=EDGE_CURVE('',#7584,#7586,#7590,.T.);
#7592=ORIENTED_EDGE('',*,*,#7591,.T.);
#7593=CARTESIAN_POINT('',(-45.862838873,10.276186573,12.5));
#7594=CARTESIAN_POINT('',(-45.875260124,10.220750268,12.556506703));
#7595=CARTESIAN_POINT('',(-45.878339028,10.164020413,12.612239113));
#7596=CARTESIAN_POINT('',(-45.871218261,10.106002896,12.667054059));
#7597=CARTESIAN_POINT('',(-45.864097495,10.04798538,12.721869005));
#7598=CARTESIAN_POINT('',(-45.847151738,9.990631439,12.773952802));
#7599=CARTESIAN_POINT('',(-45.817568939,9.934322163,12.822374902));
#7600=CARTESIAN_POINT('',(-45.787986139,9.878012887,12.870797003));
#7601=CARTESIAN_POINT('',(-45.745923522,9.823770065,12.914603145));
#7602=CARTESIAN_POINT('',(-45.689035381,9.777838721,12.947220808));
#7603=CARTESIAN_POINT('',(-45.63214724,9.731907378,12.979838471));
#7604=CARTESIAN_POINT('',(-45.560620585,9.695635033,13.));
#7605=CARTESIAN_POINT('',(-45.481632754,9.678382202,13.));
#7606=B_SPLINE_CURVE_WITH_KNOTS('',3,(#7593,#7594,#7595,#7596,#7597,#7598,#7599,#7600,#7601,#7602,#7603,#7604,#7605),.UNSPECIFIED.,.F.,.F.,(4,3,3,3,4),(0.,0.000238356,0.000476713,0.000715069,0.000953425),.UNSPECIFIED.);
#7607=EDGE_CURVE('',#7382,#7586,#7606,.T.);
#7608=ORIENTED_EDGE('',*,*,#7607,.F.);
#7609=ORIENTED_EDGE('',*,*,#7413,.F.);
#7610=CARTESIAN_POINT('',(-45.481632754,9.678382202,1.));
#7611=CARTESIAN_POINT('',(-45.560620585,9.695635033,1.));
#7612=CARTESIAN_POINT('',(-45.63214724,9.731907378,1.020161529));
#7613=CARTESIAN_POINT('',(-45.689035381,9.777838721,1.052779192));
#7614=CARTESIAN_POINT('',(-45.745923522,9.823770065,1.085396855));
#7615=CARTESIAN_POINT('',(-45.787986139,9.878012887,1.129202997));
#7616=CARTESIAN_POINT('',(-45.817568939,9.934322163,1.177625098));
#7617=CARTESIAN_POINT('',(-45.847151738,9.990631439,1.226047198));
#7618=CARTESIAN_POINT('',(-45.864097495,10.04798538,1.278130995));
#7619=CARTESIAN_POINT('',(-45.871218261,10.106002896,1.332945941));
#7620=CARTESIAN_POINT('',(-45.878339028,10.164020413,1.387760887));
#7621=CARTESIAN_POINT('',(-45.875259874,10.220751383,1.443492149));
#7622=CARTESIAN_POINT('',(-45.862838873,10.276186573,1.5));
#7623=B_SPLINE_CURVE_WITH_KNOTS('',3,(#7610,#7611,#7612,#7613,#7614,#7615,#7616,#7617,#7618,#7619,#7620,#7621,#7622),.UNSPECIFIED.,.F.,.F.,(4,3,3,3,4),(0.,0.000238356,0.000476713,0.000715069,0.000953425),.UNSPECIFIED.);
#7624=EDGE_CURVE('',#7584,#7401,#7623,.T.);
#7625=ORIENTED_EDGE('',*,*,#7624,.F.);
#7626=EDGE_LOOP('',(#7592,#7608,#7609,#7625));
#7627=FACE_BOUND('',#7626,.T.);
#7628=ADVANCED_FACE('',(#7627),#7582,.T.);
#7629=CARTESIAN_POINT('',(0.,-0.,12.5));
#7630=DIRECTION('',(0.,-0.,1.));
#7631=DIRECTION('',(0.258819045,0.965925826,0.));
#7632=AXIS2_PLACEMENT_3D('',#7629,#7630,#7631);
#7633=TOROIDAL_SURFACE('',#7632,46.5,0.5);
#7634=ORIENTED_EDGE('',*,*,#7607,.T.);
#7635=CARTESIAN_POINT('',(-45.862838873,10.276186573,12.5));
#7636=CARTESIAN_POINT('',(-45.875260124,10.220750268,12.556506703));
#7637=CARTESIAN_POINT('',(-45.878339028,10.164020413,12.612239113));
#7638=CARTESIAN_POINT('',(-45.871218261,10.106002896,12.667054059));
#7639=CARTESIAN_POINT('',(-45.864097495,10.04798538,12.721869005));
#7640=CARTESIAN_POINT('',(-45.847151738,9.990631439,12.773952802));
#7641=CARTESIAN_POINT('',(-45.817568939,9.934322163,12.822374902));
#7642=CARTESIAN_POINT('',(-45.787986139,9.878012887,12.870797003));
#7643=CARTESIAN_POINT('',(-45.745923522,9.823770065,12.914603145));
#7644=CARTESIAN_POINT('',(-45.689035381,9.777838721,12.947220808));
#7645=CARTESIAN_POINT('',(-45.63214724,9.731907378,12.979838471));
#7646=CARTESIAN_POINT('',(-45.560620585,9.695635033,13.));
#7647=CARTESIAN_POINT('',(-45.481632754,9.678382202,13.));
#7648=B_SPLINE_CURVE_WITH_KNOTS('',3,(#7635,#7636,#7637,#7638,#7639,#7640,#7641,#7642,#7643,#7644,#7645,#7646,#7647),.UNSPECIFIED.,.F.,.F.,(4,3,3,3,4),(0.,0.000238356,0.000476713,0.000715069,0.000953425),.UNSPECIFIED.);
#7649=EDGE_CURVE('',#7586,#7499,#7648,.T.);
#7650=ORIENTED_EDGE('',*,*,#7649,.T.);
#7651=ORIENTED_EDGE('',*,*,#7505,.F.);
#7652=CARTESIAN_POINT('',(-44.856476841,14.03198081,12.5));
#7653=CARTESIAN_POINT('',(-44.839516148,14.086199594,12.556507851));
#7654=CARTESIAN_POINT('',(-44.813817288,14.136869632,12.612239113));
#7655=CARTESIAN_POINT('',(-44.778641765,14.183553891,12.667054059));
#7656=CARTESIAN_POINT('',(-44.743466242,14.230238151,12.721869005));
#7657=CARTESIAN_POINT('',(-44.700113816,14.271435243,12.773952802));
#7658=CARTESIAN_POINT('',(-44.646339722,14.305409107,12.822374902));
#7659=CARTESIAN_POINT('',(-44.592565628,14.339382971,12.870797003));
#7660=CARTESIAN_POINT('',(-44.529016923,14.365327324,12.914603145));
#7661=CARTESIAN_POINT('',(-44.456784675,14.376660964,12.947220808));
#7662=CARTESIAN_POINT('',(-44.384552428,14.387994604,12.979838471));
#7663=CARTESIAN_POINT('',(-44.304472355,14.383644048,13.));
#7664=CARTESIAN_POINT('',(-44.227440471,14.359091523,13.));
#7665=B_SPLINE_CURVE_WITH_KNOTS('',3,(#7652,#7653,#7654,#7655,#7656,#7657,#7658,#7659,#7660,#7661,#7662,#7663,#7664),.UNSPECIFIED.,.F.,.F.,(4,3,3,3,4),(0.,0.000238356,0.000476713,0.000715069,0.000953425),.UNSPECIFIED.);
#7666=EDGE_CURVE('',#7384,#7490,#7665,.T.);
#7667=ORIENTED_EDGE('',*,*,#7666,.F.);
#7668=ORIENTED_EDGE('',*,*,#7390,.F.);
#7669=EDGE_LOOP('',(#7634,#7650,#7651,#7667,#7668));
#7670=FACE_BOUND('',#7669,.T.);
#7671=ADVANCED_FACE('',(#7670),#7633,.T.);
#7672=CARTESIAN_POINT('',(0.,-0.,1.5));
#7673=DIRECTION('',(0.,-0.,1.));
#7674=DIRECTION('',(0.258819045,0.965925826,0.));
#7675=AXIS2_PLACEMENT_3D('',#7672,#7673,#7674);
#7676=TOROIDAL_SURFACE('',#7675,46.5,0.5);
#7677=CARTESIAN_POINT('',(-45.481632754,9.678382202,1.));
#7678=CARTESIAN_POINT('',(-45.560620585,9.695635033,1.));
#7679=CARTESIAN_POINT('',(-45.63214724,9.731907378,1.020161529));
#7680=CARTESIAN_POINT('',(-45.689035381,9.777838721,1.052779192));
#7681=CARTESIAN_POINT('',(-45.745923522,9.823770065,1.085396855));
#7682=CARTESIAN_POINT('',(-45.787986139,9.878012887,1.129202997));
#7683=CARTESIAN_POINT('',(-45.817568939,9.934322163,1.177625098));
#7684=CARTESIAN_POINT('',(-45.847151738,9.990631439,1.226047198));
#7685=CARTESIAN_POINT('',(-45.864097495,10.04798538,1.278130995));
#7686=CARTESIAN_POINT('',(-45.871218261,10.106002896,1.332945941));
#7687=CARTESIAN_POINT('',(-45.878339028,10.164020413,1.387760887));
#7688=CARTESIAN_POINT('',(-45.875259874,10.220751383,1.443492149));
#7689=CARTESIAN_POINT('',(-45.862838873,10.276186573,1.5));
#7690=B_SPLINE_CURVE_WITH_KNOTS('',3,(#7677,#7678,#7679,#7680,#7681,#7682,#7683,#7684,#7685,#7686,#7687,#7688,#7689),.UNSPECIFIED.,.F.,.F.,(4,3,3,3,4),(0.,0.000238356,0.000476713,0.000715069,0.000953425),.UNSPECIFIED.);
#7691=EDGE_CURVE('',#7550,#7584,#7690,.T.);
#7692=ORIENTED_EDGE('',*,*,#7691,.T.);
#7693=ORIENTED_EDGE('',*,*,#7624,.T.);
#7694=ORIENTED_EDGE('',*,*,#7407,.F.);
#7695=CARTESIAN_POINT('',(-44.227440471,14.359091523,1.));
#7696=CARTESIAN_POINT('',(-44.304472355,14.383644048,1.));
#7697=CARTESIAN_POINT('',(-44.384552428,14.387994604,1.020161529));
#7698=CARTESIAN_POINT('',(-44.456784675,14.376660964,1.052779192));
#7699=CARTESIAN_POINT('',(-44.529016923,14.365327324,1.085396855));
#7700=CARTESIAN_POINT('',(-44.592565628,14.339382971,1.129202997));
#7701=CARTESIAN_POINT('',(-44.646339722,14.305409107,1.177625098));
#7702=CARTESIAN_POINT('',(-44.700113816,14.271435243,1.226047198));
#7703=CARTESIAN_POINT('',(-44.743466242,14.230238151,1.278130995));
#7704=CARTESIAN_POINT('',(-44.778641765,14.183553891,1.332945941));
#7705=CARTESIAN_POINT('',(-44.813817288,14.136869632,1.387760887));
#7706=CARTESIAN_POINT('',(-44.839515807,14.086200684,1.443493297));
#7707=CARTESIAN_POINT('',(-44.856476841,14.03198081,1.5));
#7708=B_SPLINE_CURVE_WITH_KNOTS('',3,(#7695,#7696,#7697,#7698,#7699,#7700,#7701,#7702,#7703,#7704,#7705,#7706,#7707),.UNSPECIFIED.,.F.,.F.,(4,3,3,3,4),(0.,0.000238356,0.000476713,0.000715069,0.000953425),.UNSPECIFIED.);
#7709=EDGE_CURVE('',#7559,#7393,#7708,.T.);
#7710=ORIENTED_EDGE('',*,*,#7709,.F.);
#7711=ORIENTED_EDGE('',*,*,#7565,.F.);
#7712=EDGE_LOOP('',(#7692,#7693,#7694,#7710,#7711));
#7713=FACE_BOUND('',#7712,.T.);
#7714=ADVANCED_FACE('',(#7713),#7676,.T.);
#7715=CARTESIAN_POINT('',(-44.379280278,13.882704419,13.));
#7716=DIRECTION('',(-0.,0.,-1.));
#7717=DIRECTION('',(-0.258819045,-0.965925826,0.));
#7718=AXIS2_PLACEMENT_3D('',#7715,#7716,#7717);
#7719=CYLINDRICAL_SURFACE('',#7718,0.5);
#7720=ORIENTED_EDGE('',*,*,#7496,.F.);
#7721=ORIENTED_EDGE('',*,*,#7371,.F.);
#7722=ORIENTED_EDGE('',*,*,#7572,.F.);
#7723=ORIENTED_EDGE('',*,*,#7709,.T.);
#7724=ORIENTED_EDGE('',*,*,#7398,.F.);
#7725=ORIENTED_EDGE('',*,*,#7666,.T.);
#7726=EDGE_LOOP('',(#7720,#7721,#7722,#7723,#7724,#7725));
#7727=FACE_BOUND('',#7726,.T.);
#7728=ADVANCED_FACE('',(#7727),#7719,.T.);
#7729=CARTESIAN_POINT('',(0.,0.,22.));
#7730=DIRECTION('',(0.,0.,-1.));
#7731=DIRECTION('',(-1.,0.,0.));
#7732=AXIS2_PLACEMENT_3D('',#7729,#7730,#7731);
#7733=CYLINDRICAL_SURFACE('',#7732,46.);
#7734=CARTESIAN_POINT('',(-46.,0.,13.3));
#7735=VERTEX_POINT('',#7734);
#7736=CARTESIAN_POINT('',(-46.,0.,18.699362681));
#7737=VERTEX_POINT('',#7736);
#7738=CARTESIAN_POINT('',(-46.,0.,13.3));
#7739=DIRECTION('',(-0.,-0.,1.));
#7740=VECTOR('',#7739,5.399362681);
#7741=LINE('',#7738,#7740);
#7742=EDGE_CURVE('',#7735,#7737,#7741,.T.);
#7743=ORIENTED_EDGE('',*,*,#7742,.T.);
#7744=CARTESIAN_POINT('',(-0.,-46.,15.718927898));
#7745=VERTEX_POINT('',#7744);
#7746=CARTESIAN_POINT('',(0.,0.,18.699362681));
#7747=DIRECTION('',(0.,0.064656488,-0.99790758));
#7748=DIRECTION('',(-0.,-0.99790758,-0.064656488));
#7749=AXIS2_PLACEMENT_3D('',#7746,#7747,#7748);
#7750=ELLIPSE('',#7749,46.096453134,46.);
#7751=EDGE_CURVE('',#7737,#7745,#7750,.T.);
#7752=ORIENTED_EDGE('',*,*,#7751,.T.);
#7753=CARTESIAN_POINT('',(0.,0.,18.699362681));
#7754=DIRECTION('',(0.,0.064656488,-0.99790758));
#7755=DIRECTION('',(-0.,-0.99790758,-0.064656488));
#7756=AXIS2_PLACEMENT_3D('',#7753,#7754,#7755);
#7757=ELLIPSE('',#7756,46.096453134,46.);
#7758=EDGE_CURVE('',#7745,#7737,#7757,.T.);
#7759=ORIENTED_EDGE('',*,*,#7758,.T.);
#7760=ORIENTED_EDGE('',*,*,#7742,.F.);
#7761=CARTESIAN_POINT('',(-45.921252634,-2.690456564,13.3));
#7762=VERTEX_POINT('',#7761);
#7763=CARTESIAN_POINT('',(0.,0.,13.3));
#7764=DIRECTION('',(0.,0.,1.));
#7765=DIRECTION('',(1.,0.,-0.));
#7766=AXIS2_PLACEMENT_3D('',#7763,#7764,#7765);
#7767=CIRCLE('',#7766,46.);
#7768=EDGE_CURVE('',#7735,#7762,#7767,.T.);
#7769=ORIENTED_EDGE('',*,*,#7768,.T.);
#7770=CARTESIAN_POINT('',(-45.921252634,-2.690456564,0.7));
#7771=VERTEX_POINT('',#7770);
#7772=CARTESIAN_POINT('',(-45.921252634,-2.690456564,13.3));
#7773=DIRECTION('',(0.,0.,-1.));
#7774=VECTOR('',#7773,12.6);
#7775=LINE('',#7772,#7774);
#7776=EDGE_CURVE('',#7762,#7771,#7775,.T.);
#7777=ORIENTED_EDGE('',*,*,#7776,.T.);
#7778=CARTESIAN_POINT('',(-46.,0.,0.7));
#7779=VERTEX_POINT('',#7778);
#7780=CARTESIAN_POINT('',(0.,0.,0.7));
#7781=DIRECTION('',(-0.,-0.,-1.));
#7782=DIRECTION('',(1.,0.,-0.));
#7783=AXIS2_PLACEMENT_3D('',#7780,#7781,#7782);
#7784=CIRCLE('',#7783,46.);
#7785=EDGE_CURVE('',#7771,#7779,#7784,.T.);
#7786=ORIENTED_EDGE('',*,*,#7785,.T.);
#7787=CARTESIAN_POINT('',(-46.,0.,0.3));
#7788=VERTEX_POINT('',#7787);
#7789=CARTESIAN_POINT('',(-46.,0.,0.3));
#7790=DIRECTION('',(-0.,-0.,1.));
#7791=VECTOR('',#7790,0.4);
#7792=LINE('',#7789,#7791);
#7793=EDGE_CURVE('',#7788,#7779,#7792,.T.);
#7794=ORIENTED_EDGE('',*,*,#7793,.F.);
#7795=CARTESIAN_POINT('',(46.,-0.,0.3));
#7796=VERTEX_POINT('',#7795);
#7797=CARTESIAN_POINT('',(0.,0.,0.3));
#7798=DIRECTION('',(0.,0.,1.));
#7799=DIRECTION('',(1.,0.,-0.));
#7800=AXIS2_PLACEMENT_3D('',#7797,#7798,#7799);
#7801=CIRCLE('',#7800,46.);
#7802=EDGE_CURVE('',#7788,#7796,#7801,.T.);
#7803=ORIENTED_EDGE('',*,*,#7802,.T.);
#7804=CARTESIAN_POINT('',(0.,0.,0.3));
#7805=DIRECTION('',(0.,0.,1.));
#7806=DIRECTION('',(1.,0.,-0.));
#7807=AXIS2_PLACEMENT_3D('',#7804,#7805,#7806);
#7808=CIRCLE('',#7807,46.);
#7809=EDGE_CURVE('',#7796,#7788,#7808,.T.);
#7810=ORIENTED_EDGE('',*,*,#7809,.T.);
#7811=ORIENTED_EDGE('',*,*,#7793,.T.);
#7812=CARTESIAN_POINT('',(-45.921252634,2.690456564,0.7));
#7813=VERTEX_POINT('',#7812);
#7814=CARTESIAN_POINT('',(0.,0.,0.7));
#7815=DIRECTION('',(-0.,-0.,-1.));
#7816=DIRECTION('',(1.,0.,-0.));
#7817=AXIS2_PLACEMENT_3D('',#7814,#7815,#7816);
#7818=CIRCLE('',#7817,46.);
#7819=EDGE_CURVE('',#7779,#7813,#7818,.T.);
#7820=ORIENTED_EDGE('',*,*,#7819,.T.);
#7821=CARTESIAN_POINT('',(-45.921252634,2.690456564,13.3));
#7822=VERTEX_POINT('',#7821);
#7823=CARTESIAN_POINT('',(-45.921252634,2.690456564,0.7));
#7824=DIRECTION('',(-0.,-0.,1.));
#7825=VECTOR('',#7824,12.6);
#7826=LINE('',#7823,#7825);
#7827=EDGE_CURVE('',#7813,#7822,#7826,.T.);
#7828=ORIENTED_EDGE('',*,*,#7827,.T.);
#7829=CARTESIAN_POINT('',(0.,0.,13.3));
#7830=DIRECTION('',(0.,0.,1.));
#7831=DIRECTION('',(1.,0.,-0.));
#7832=AXIS2_PLACEMENT_3D('',#7829,#7830,#7831);
#7833=CIRCLE('',#7832,46.);
#7834=EDGE_CURVE('',#7822,#7735,#7833,.T.);
#7835=ORIENTED_EDGE('',*,*,#7834,.T.);
#7836=EDGE_LOOP('',(#7743,#7752,#7759,#7760,#7769,#7777,#7786,#7794,#7803,#7810,#7811,#7820,#7828,#7835));
#7837=FACE_BOUND('',#7836,.T.);
#7838=CARTESIAN_POINT('',(-9.286513277,-45.052865294,0.7));
#7839=VERTEX_POINT('',#7838);
#7840=CARTESIAN_POINT('',(-14.484076236,-43.660182496,0.7));
#7841=VERTEX_POINT('',#7840);
#7842=CARTESIAN_POINT('',(0.,0.,0.7));
#7843=DIRECTION('',(-0.,-0.,-1.));
#7844=DIRECTION('',(1.,0.,-0.));
#7845=AXIS2_PLACEMENT_3D('',#7842,#7843,#7844);
#7846=CIRCLE('',#7845,46.);
#7847=EDGE_CURVE('',#7839,#7841,#7846,.T.);
#7848=ORIENTED_EDGE('',*,*,#7847,.T.);
#7849=CARTESIAN_POINT('',(-14.484076236,-43.660182496,13.3));
#7850=VERTEX_POINT('',#7849);
#7851=CARTESIAN_POINT('',(-14.484076236,-43.660182496,0.7));
#7852=DIRECTION('',(-0.,-0.,1.));
#7853=VECTOR('',#7852,12.6);
#7854=LINE('',#7851,#7853);
#7855=EDGE_CURVE('',#7841,#7850,#7854,.T.);
#7856=ORIENTED_EDGE('',*,*,#7855,.T.);
#7857=CARTESIAN_POINT('',(-9.286513277,-45.052865294,13.3));
#7858=VERTEX_POINT('',#7857);
#7859=CARTESIAN_POINT('',(0.,0.,13.3));
#7860=DIRECTION('',(0.,0.,1.));
#7861=DIRECTION('',(1.,0.,-0.));
#7862=AXIS2_PLACEMENT_3D('',#7859,#7860,#7861);
#7863=CIRCLE('',#7862,46.);
#7864=EDGE_CURVE('',#7850,#7858,#7863,.T.);
#7865=ORIENTED_EDGE('',*,*,#7864,.T.);
#7866=CARTESIAN_POINT('',(-9.286513277,-45.052865294,13.3));
#7867=DIRECTION('',(0.,0.,-1.));
#7868=VECTOR('',#7867,12.6);
#7869=LINE('',#7866,#7868);
#7870=EDGE_CURVE('',#7858,#7839,#7869,.T.);
#7871=ORIENTED_EDGE('',*,*,#7870,.T.);
#7872=EDGE_LOOP('',(#7848,#7856,#7865,#7871));
#7873=FACE_BOUND('',#7872,.T.);
#7874=CARTESIAN_POINT('',(43.660182496,14.484076236,0.7));
#7875=VERTEX_POINT('',#7874);
#7876=CARTESIAN_POINT('',(45.052865294,9.286513277,0.7));
#7877=VERTEX_POINT('',#7876);
#7878=CARTESIAN_POINT('',(0.,0.,0.7));
#7879=DIRECTION('',(-0.,-0.,-1.));
#7880=DIRECTION('',(1.,0.,-0.));
#7881=AXIS2_PLACEMENT_3D('',#7878,#7879,#7880);
#7882=CIRCLE('',#7881,46.);
#7883=EDGE_CURVE('',#7875,#7877,#7882,.T.);
#7884=ORIENTED_EDGE('',*,*,#7883,.T.);
#7885=CARTESIAN_POINT('',(45.052865294,9.286513277,13.3));
#7886=VERTEX_POINT('',#7885);
#7887=CARTESIAN_POINT('',(45.052865294,9.286513277,0.7));
#7888=DIRECTION('',(-0.,-0.,1.));
#7889=VECTOR('',#7888,12.6);
#7890=LINE('',#7887,#7889);
#7891=EDGE_CURVE('',#7877,#7886,#7890,.T.);
#7892=ORIENTED_EDGE('',*,*,#7891,.T.);
#7893=CARTESIAN_POINT('',(43.660182496,14.484076236,13.3));
#7894=VERTEX_POINT('',#7893);
#7895=CARTESIAN_POINT('',(0.,0.,13.3));
#7896=DIRECTION('',(0.,0.,1.));
#7897=DIRECTION('',(1.,0.,-0.));
#7898=AXIS2_PLACEMENT_3D('',#7895,#7896,#7897);
#7899=CIRCLE('',#7898,46.);
#7900=EDGE_CURVE('',#7886,#7894,#7899,.T.);
#7901=ORIENTED_EDGE('',*,*,#7900,.T.);
#7902=CARTESIAN_POINT('',(43.660182496,14.484076236,13.3));
#7903=DIRECTION('',(0.,0.,-1.));
#7904=VECTOR('',#7903,12.6);
#7905=LINE('',#7902,#7904);
#7906=EDGE_CURVE('',#7894,#7875,#7905,.T.);
#7907=ORIENTED_EDGE('',*,*,#7906,.T.);
#7908=EDGE_LOOP('',(#7884,#7892,#7901,#7907));
#7909=FACE_BOUND('',#7908,.T.);
#7910=CARTESIAN_POINT('',(45.052865294,-9.286513277,13.3));
#7911=VERTEX_POINT('',#7910);
#7912=CARTESIAN_POINT('',(45.052865294,-9.286513277,0.7));
#7913=VERTEX_POINT('',#7912);
#7914=CARTESIAN_POINT('',(45.052865294,-9.286513277,13.3));
#7915=DIRECTION('',(0.,0.,-1.));
#7916=VECTOR('',#7915,12.6);
#7917=LINE('',#7914,#7916);
#7918=EDGE_CURVE('',#7911,#7913,#7917,.T.);
#7919=ORIENTED_EDGE('',*,*,#7918,.T.);
#7920=CARTESIAN_POINT('',(43.660182496,-14.484076236,0.7));
#7921=VERTEX_POINT('',#7920);
#7922=CARTESIAN_POINT('',(0.,0.,0.7));
#7923=DIRECTION('',(-0.,-0.,-1.));
#7924=DIRECTION('',(1.,0.,-0.));
#7925=AXIS2_PLACEMENT_3D('',#7922,#7923,#7924);
#7926=CIRCLE('',#7925,46.);
#7927=EDGE_CURVE('',#7913,#7921,#7926,.T.);
#7928=ORIENTED_EDGE('',*,*,#7927,.T.);
#7929=CARTESIAN_POINT('',(43.660182496,-14.484076236,13.3));
#7930=VERTEX_POINT('',#7929);
#7931=CARTESIAN_POINT('',(43.660182496,-14.484076236,0.7));
#7932=DIRECTION('',(-0.,-0.,1.));
#7933=VECTOR('',#7932,12.6);
#7934=LINE('',#7931,#7933);
#7935=EDGE_CURVE('',#7921,#7930,#7934,.T.);
#7936=ORIENTED_EDGE('',*,*,#7935,.T.);
#7937=CARTESIAN_POINT('',(0.,0.,13.3));
#7938=DIRECTION('',(0.,0.,1.));
#7939=DIRECTION('',(1.,0.,-0.));
#7940=AXIS2_PLACEMENT_3D('',#7937,#7938,#7939);
#7941=CIRCLE('',#7940,46.);
#7942=EDGE_CURVE('',#7930,#7911,#7941,.T.);
#7943=ORIENTED_EDGE('',*,*,#7942,.T.);
#7944=EDGE_LOOP('',(#7919,#7928,#7936,#7943));
#7945=FACE_BOUND('',#7944,.T.);
#7946=CARTESIAN_POINT('',(-43.660182496,-14.484076236,0.7));
#7947=VERTEX_POINT('',#7946);
#7948=CARTESIAN_POINT('',(-45.052865294,-9.286513277,0.7));
#7949=VERTEX_POINT('',#7948);
#7950=CARTESIAN_POINT('',(0.,0.,0.7));
#7951=DIRECTION('',(-0.,-0.,-1.));
#7952=DIRECTION('',(1.,0.,-0.));
#7953=AXIS2_PLACEMENT_3D('',#7950,#7951,#7952);
#7954=CIRCLE('',#7953,46.);
#7955=EDGE_CURVE('',#7947,#7949,#7954,.T.);
#7956=ORIENTED_EDGE('',*,*,#7955,.T.);
#7957=CARTESIAN_POINT('',(-45.052865294,-9.286513277,13.3));
#7958=VERTEX_POINT('',#7957);
#7959=CARTESIAN_POINT('',(-45.052865294,-9.286513277,0.7));
#7960=DIRECTION('',(-0.,-0.,1.));
#7961=VECTOR('',#7960,12.6);
#7962=LINE('',#7959,#7961);
#7963=EDGE_CURVE('',#7949,#7958,#7962,.T.);
#7964=ORIENTED_EDGE('',*,*,#7963,.T.);
#7965=CARTESIAN_POINT('',(-43.660182496,-14.484076236,13.3));
#7966=VERTEX_POINT('',#7965);
#7967=CARTESIAN_POINT('',(0.,0.,13.3));
#7968=DIRECTION('',(0.,0.,1.));
#7969=DIRECTION('',(1.,0.,-0.));
#7970=AXIS2_PLACEMENT_3D('',#7967,#7968,#7969);
#7971=CIRCLE('',#7970,46.);
#7972=EDGE_CURVE('',#7958,#7966,#7971,.T.);
#7973=ORIENTED_EDGE('',*,*,#7972,.T.);
#7974=CARTESIAN_POINT('',(-43.660182496,-14.484076236,13.3));
#7975=DIRECTION('',(0.,0.,-1.));
#7976=VECTOR('',#7975,12.6);
#7977=LINE('',#7974,#7976);
#7978=EDGE_CURVE('',#7966,#7947,#7977,.T.);
#7979=ORIENTED_EDGE('',*,*,#7978,.T.);
#7980=EDGE_LOOP('',(#7956,#7964,#7973,#7979));
#7981=FACE_BOUND('',#7980,.T.);
#7982=CARTESIAN_POINT('',(14.484076236,-43.660182496,0.7));
#7983=VERTEX_POINT('',#7982);
#7984=CARTESIAN_POINT('',(9.286513277,-45.052865294,0.7));
#7985=VERTEX_POINT('',#7984);
#7986=CARTESIAN_POINT('',(0.,0.,0.7));
#7987=DIRECTION('',(-0.,-0.,-1.));
#7988=DIRECTION('',(1.,0.,-0.));
#7989=AXIS2_PLACEMENT_3D('',#7986,#7987,#7988);
#7990=CIRCLE('',#7989,46.);
#7991=EDGE_CURVE('',#7983,#7985,#7990,.T.);
#7992=ORIENTED_EDGE('',*,*,#7991,.T.);
#7993=CARTESIAN_POINT('',(9.286513277,-45.052865294,13.3));
#7994=VERTEX_POINT('',#7993);
#7995=CARTESIAN_POINT('',(9.286513277,-45.052865294,0.7));
#7996=DIRECTION('',(-0.,-0.,1.));
#7997=VECTOR('',#7996,12.6);
#7998=LINE('',#7995,#7997);
#7999=EDGE_CURVE('',#7985,#7994,#7998,.T.);
#8000=ORIENTED_EDGE('',*,*,#7999,.T.);
#8001=CARTESIAN_POINT('',(14.484076236,-43.660182496,13.3));
#8002=VERTEX_POINT('',#8001);
#8003=CARTESIAN_POINT('',(0.,0.,13.3));
#8004=DIRECTION('',(0.,0.,1.));
#8005=DIRECTION('',(1.,0.,-0.));
#8006=AXIS2_PLACEMENT_3D('',#8003,#8004,#8005);
#8007=CIRCLE('',#8006,46.);
#8008=EDGE_CURVE('',#7994,#8002,#8007,.T.);
#8009=ORIENTED_EDGE('',*,*,#8008,.T.);
#8010=CARTESIAN_POINT('',(14.484076236,-43.660182496,13.3));
#8011=DIRECTION('',(0.,0.,-1.));
#8012=VECTOR('',#8011,12.6);
#8013=LINE('',#8010,#8012);
#8014=EDGE_CURVE('',#8002,#7983,#8013,.T.);
#8015=ORIENTED_EDGE('',*,*,#8014,.T.);
#8016=EDGE_LOOP('',(#7992,#8000,#8009,#8015));
#8017=FACE_BOUND('',#8016,.T.);
#8018=CARTESIAN_POINT('',(-0.980866355,45.989541215,1.45));
#8019=VERTEX_POINT('',#8018);
#8020=CARTESIAN_POINT('',(2.201189156,45.947304233,1.45));
#8021=VERTEX_POINT('',#8020);
#8022=CARTESIAN_POINT('',(0.,0.,1.45));
#8023=DIRECTION('',(-0.,-0.,-1.));
#8024=DIRECTION('',(1.,0.,-0.));
#8025=AXIS2_PLACEMENT_3D('',#8022,#8023,#8024);
#8026=CIRCLE('',#8025,46.);
#8027=EDGE_CURVE('',#8019,#8021,#8026,.T.);
#8028=ORIENTED_EDGE('',*,*,#8027,.T.);
#8029=CARTESIAN_POINT('',(2.201189156,45.947304233,7.25));
#8030=VERTEX_POINT('',#8029);
#8031=CARTESIAN_POINT('',(2.201189156,45.947304233,1.45));
#8032=DIRECTION('',(-0.,-0.,1.));
#8033=VECTOR('',#8032,5.8);
#8034=LINE('',#8031,#8033);
#8035=EDGE_CURVE('',#8021,#8030,#8034,.T.);
#8036=ORIENTED_EDGE('',*,*,#8035,.T.);
#8037=CARTESIAN_POINT('',(-0.980866355,45.989541215,7.25));
#8038=VERTEX_POINT('',#8037);
#8039=CARTESIAN_POINT('',(0.,0.,7.25));
#8040=DIRECTION('',(0.,0.,1.));
#8041=DIRECTION('',(1.,0.,-0.));
#8042=AXIS2_PLACEMENT_3D('',#8039,#8040,#8041);
#8043=CIRCLE('',#8042,46.);
#8044=EDGE_CURVE('',#8030,#8038,#8043,.T.);
#8045=ORIENTED_EDGE('',*,*,#8044,.T.);
#8046=CARTESIAN_POINT('',(-0.980866355,45.989541215,7.25));
#8047=DIRECTION('',(0.,0.,-1.));
#8048=VECTOR('',#8047,5.8);
#8049=LINE('',#8046,#8048);
#8050=EDGE_CURVE('',#8038,#8019,#8049,.T.);
#8051=ORIENTED_EDGE('',*,*,#8050,.T.);
#8052=EDGE_LOOP('',(#8028,#8036,#8045,#8051));
#8053=FACE_BOUND('',#8052,.T.);
#8054=CARTESIAN_POINT('',(41.114199637,-20.630622585,13.3));
#8055=VERTEX_POINT('',#8054);
#8056=CARTESIAN_POINT('',(41.114199637,-20.630622585,0.7));
#8057=VERTEX_POINT('',#8056);
#8058=CARTESIAN_POINT('',(41.114199637,-20.630622585,13.3));
#8059=DIRECTION('',(0.,0.,-1.));
#8060=VECTOR('',#8059,12.6);
#8061=LINE('',#8058,#8060);
#8062=EDGE_CURVE('',#8055,#8057,#8061,.T.);
#8063=ORIENTED_EDGE('',*,*,#8062,.T.);
#8064=CARTESIAN_POINT('',(38.423743073,-25.290630049,0.7));
#8065=VERTEX_POINT('',#8064);
#8066=CARTESIAN_POINT('',(0.,0.,0.7));
#8067=DIRECTION('',(-0.,-0.,-1.));
#8068=DIRECTION('',(1.,0.,-0.));
#8069=AXIS2_PLACEMENT_3D('',#8066,#8067,#8068);
#8070=CIRCLE('',#8069,46.);
#8071=EDGE_CURVE('',#8057,#8065,#8070,.T.);
#8072=ORIENTED_EDGE('',*,*,#8071,.T.);
#8073=CARTESIAN_POINT('',(38.423743073,-25.290630049,13.3));
#8074=VERTEX_POINT('',#8073);
#8075=CARTESIAN_POINT('',(38.423743073,-25.290630049,0.7));
#8076=DIRECTION('',(-0.,-0.,1.));
#8077=VECTOR('',#8076,12.6);
#8078=LINE('',#8075,#8077);
#8079=EDGE_CURVE('',#8065,#8074,#8078,.T.);
#8080=ORIENTED_EDGE('',*,*,#8079,.T.);
#8081=CARTESIAN_POINT('',(0.,0.,13.3));
#8082=DIRECTION('',(0.,0.,1.));
#8083=DIRECTION('',(1.,0.,-0.));
#8084=AXIS2_PLACEMENT_3D('',#8081,#8082,#8083);
#8085=CIRCLE('',#8084,46.);
#8086=EDGE_CURVE('',#8074,#8055,#8085,.T.);
#8087=ORIENTED_EDGE('',*,*,#8086,.T.);
#8088=EDGE_LOOP('',(#8063,#8072,#8080,#8087));
#8089=FACE_BOUND('',#8088,.T.);
#8090=CARTESIAN_POINT('',(34.373669219,-30.568789057,0.7));
#8091=VERTEX_POINT('',#8090);
#8092=CARTESIAN_POINT('',(30.568789057,-34.373669219,0.7));
#8093=VERTEX_POINT('',#8092);
#8094=CARTESIAN_POINT('',(0.,0.,0.7));
#8095=DIRECTION('',(-0.,-0.,-1.));
#8096=DIRECTION('',(1.,0.,-0.));
#8097=AXIS2_PLACEMENT_3D('',#8094,#8095,#8096);
#8098=CIRCLE('',#8097,46.);
#8099=EDGE_CURVE('',#8091,#8093,#8098,.T.);
#8100=ORIENTED_EDGE('',*,*,#8099,.T.);
#8101=CARTESIAN_POINT('',(30.568789057,-34.373669219,13.3));
#8102=VERTEX_POINT('',#8101);
#8103=CARTESIAN_POINT('',(30.568789057,-34.373669219,0.7));
#8104=DIRECTION('',(-0.,-0.,1.));
#8105=VECTOR('',#8104,12.6);
#8106=LINE('',#8103,#8105);
#8107=EDGE_CURVE('',#8093,#8102,#8106,.T.);
#8108=ORIENTED_EDGE('',*,*,#8107,.T.);
#8109=CARTESIAN_POINT('',(34.373669219,-30.568789057,13.3));
#8110=VERTEX_POINT('',#8109);
#8111=CARTESIAN_POINT('',(0.,0.,13.3));
#8112=DIRECTION('',(0.,0.,1.));
#8113=DIRECTION('',(1.,0.,-0.));
#8114=AXIS2_PLACEMENT_3D('',#8111,#8112,#8113);
#8115=CIRCLE('',#8114,46.);
#8116=EDGE_CURVE('',#8102,#8110,#8115,.T.);
#8117=ORIENTED_EDGE('',*,*,#8116,.T.);
#8118=CARTESIAN_POINT('',(34.373669219,-30.568789057,13.3));
#8119=DIRECTION('',(0.,0.,-1.));
#8120=VECTOR('',#8119,12.6);
#8121=LINE('',#8118,#8120);
#8122=EDGE_CURVE('',#8110,#8091,#8121,.T.);
#8123=ORIENTED_EDGE('',*,*,#8122,.T.);
#8124=EDGE_LOOP('',(#8100,#8108,#8117,#8123));
#8125=FACE_BOUND('',#8124,.T.);
#8126=CARTESIAN_POINT('',(-38.423743073,-25.290630049,13.3));
#8127=VERTEX_POINT('',#8126);
#8128=CARTESIAN_POINT('',(-38.423743073,-25.290630049,0.7));
#8129=VERTEX_POINT('',#8128);
#8130=CARTESIAN_POINT('',(-38.423743073,-25.290630049,13.3));
#8131=DIRECTION('',(0.,0.,-1.));
#8132=VECTOR('',#8131,12.6);
#8133=LINE('',#8130,#8132);
#8134=EDGE_CURVE('',#8127,#8129,#8133,.T.);
#8135=ORIENTED_EDGE('',*,*,#8134,.T.);
#8136=CARTESIAN_POINT('',(-41.114199637,-20.630622585,0.7));
#8137=VERTEX_POINT('',#8136);
#8138=CARTESIAN_POINT('',(0.,0.,0.7));
#8139=DIRECTION('',(-0.,-0.,-1.));
#8140=DIRECTION('',(1.,0.,-0.));
#8141=AXIS2_PLACEMENT_3D('',#8138,#8139,#8140);
#8142=CIRCLE('',#8141,46.);
#8143=EDGE_CURVE('',#8129,#8137,#8142,.T.);
#8144=ORIENTED_EDGE('',*,*,#8143,.T.);
#8145=CARTESIAN_POINT('',(-41.114199637,-20.630622585,13.3));
#8146=VERTEX_POINT('',#8145);
#8147=CARTESIAN_POINT('',(-41.114199637,-20.630622585,0.7));
#8148=DIRECTION('',(-0.,-0.,1.));
#8149=VECTOR('',#8148,12.6);
#8150=LINE('',#8147,#8149);
#8151=EDGE_CURVE('',#8137,#8146,#8150,.T.);
#8152=ORIENTED_EDGE('',*,*,#8151,.T.);
#8153=CARTESIAN_POINT('',(0.,0.,13.3));
#8154=DIRECTION('',(0.,0.,1.));
#8155=DIRECTION('',(1.,0.,-0.));
#8156=AXIS2_PLACEMENT_3D('',#8153,#8154,#8155);
#8157=CIRCLE('',#8156,46.);
#8158=EDGE_CURVE('',#8146,#8127,#8157,.T.);
#8159=ORIENTED_EDGE('',*,*,#8158,.T.);
#8160=EDGE_LOOP('',(#8135,#8144,#8152,#8159));
#8161=FACE_BOUND('',#8160,.T.);
#8162=CARTESIAN_POINT('',(45.921252634,2.690456564,0.7));
#8163=VERTEX_POINT('',#8162);
#8164=CARTESIAN_POINT('',(46.,-0.,0.7));
#8165=VERTEX_POINT('',#8164);
#8166=CARTESIAN_POINT('',(0.,0.,0.7));
#8167=DIRECTION('',(-0.,-0.,-1.));
#8168=DIRECTION('',(1.,0.,-0.));
#8169=AXIS2_PLACEMENT_3D('',#8166,#8167,#8168);
#8170=CIRCLE('',#8169,46.);
#8171=EDGE_CURVE('',#8163,#8165,#8170,.T.);
#8172=ORIENTED_EDGE('',*,*,#8171,.T.);
#8173=CARTESIAN_POINT('',(45.921252634,-2.690456564,0.7));
#8174=VERTEX_POINT('',#8173);
#8175=CARTESIAN_POINT('',(0.,0.,0.7));
#8176=DIRECTION('',(-0.,-0.,-1.));
#8177=DIRECTION('',(1.,0.,-0.));
#8178=AXIS2_PLACEMENT_3D('',#8175,#8176,#8177);
#8179=CIRCLE('',#8178,46.);
#8180=EDGE_CURVE('',#8165,#8174,#8179,.T.);
#8181=ORIENTED_EDGE('',*,*,#8180,.T.);
#8182=CARTESIAN_POINT('',(45.921252634,-2.690456564,13.3));
#8183=VERTEX_POINT('',#8182);
#8184=CARTESIAN_POINT('',(45.921252634,-2.690456564,0.7));
#8185=DIRECTION('',(-0.,-0.,1.));
#8186=VECTOR('',#8185,12.6);
#8187=LINE('',#8184,#8186);
#8188=EDGE_CURVE('',#8174,#8183,#8187,.T.);
#8189=ORIENTED_EDGE('',*,*,#8188,.T.);
#8190=CARTESIAN_POINT('',(46.,-0.,13.3));
#8191=VERTEX_POINT('',#8190);
#8192=CARTESIAN_POINT('',(0.,0.,13.3));
#8193=DIRECTION('',(0.,0.,1.));
#8194=DIRECTION('',(1.,0.,-0.));
#8195=AXIS2_PLACEMENT_3D('',#8192,#8193,#8194);
#8196=CIRCLE('',#8195,46.);
#8197=EDGE_CURVE('',#8183,#8191,#8196,.T.);
#8198=ORIENTED_EDGE('',*,*,#8197,.T.);
#8199=CARTESIAN_POINT('',(45.921252634,2.690456564,13.3));
#8200=VERTEX_POINT('',#8199);
#8201=CARTESIAN_POINT('',(0.,0.,13.3));
#8202=DIRECTION('',(0.,0.,1.));
#8203=DIRECTION('',(1.,0.,-0.));
#8204=AXIS2_PLACEMENT_3D('',#8201,#8202,#8203);
#8205=CIRCLE('',#8204,46.);
#8206=EDGE_CURVE('',#8191,#8200,#8205,.T.);
#8207=ORIENTED_EDGE('',*,*,#8206,.T.);
#8208=CARTESIAN_POINT('',(45.921252634,2.690456564,13.3));
#8209=DIRECTION('',(0.,0.,-1.));
#8210=VECTOR('',#8209,12.6);
#8211=LINE('',#8208,#8210);
#8212=EDGE_CURVE('',#8200,#8163,#8211,.T.);
#8213=ORIENTED_EDGE('',*,*,#8212,.T.);
#8214=EDGE_LOOP('',(#8172,#8181,#8189,#8198,#8207,#8213));
#8215=FACE_BOUND('',#8214,.T.);
#8216=CARTESIAN_POINT('',(30.568789057,34.373669219,13.3));
#8217=VERTEX_POINT('',#8216);
#8218=CARTESIAN_POINT('',(30.568789057,34.373669219,0.7));
#8219=VERTEX_POINT('',#8218);
#8220=CARTESIAN_POINT('',(30.568789057,34.373669219,13.3));
#8221=DIRECTION('',(0.,0.,-1.));
#8222=VECTOR('',#8221,12.6);
#8223=LINE('',#8220,#8222);
#8224=EDGE_CURVE('',#8217,#8219,#8223,.T.);
#8225=ORIENTED_EDGE('',*,*,#8224,.T.);
#8226=CARTESIAN_POINT('',(34.373669219,30.568789057,0.7));
#8227=VERTEX_POINT('',#8226);
#8228=CARTESIAN_POINT('',(0.,0.,0.7));
#8229=DIRECTION('',(-0.,-0.,-1.));
#8230=DIRECTION('',(1.,0.,-0.));
#8231=AXIS2_PLACEMENT_3D('',#8228,#8229,#8230);
#8232=CIRCLE('',#8231,46.);
#8233=EDGE_CURVE('',#8219,#8227,#8232,.T.);
#8234=ORIENTED_EDGE('',*,*,#8233,.T.);
#8235=CARTESIAN_POINT('',(34.373669219,30.568789057,13.3));
#8236=VERTEX_POINT('',#8235);
#8237=CARTESIAN_POINT('',(34.373669219,30.568789057,0.7));
#8238=DIRECTION('',(-0.,-0.,1.));
#8239=VECTOR('',#8238,12.6);
#8240=LINE('',#8237,#8239);
#8241=EDGE_CURVE('',#8227,#8236,#8240,.T.);
#8242=ORIENTED_EDGE('',*,*,#8241,.T.);
#8243=CARTESIAN_POINT('',(0.,0.,13.3));
#8244=DIRECTION('',(0.,0.,1.));
#8245=DIRECTION('',(1.,0.,-0.));
#8246=AXIS2_PLACEMENT_3D('',#8243,#8244,#8245);
#8247=CIRCLE('',#8246,46.);
#8248=EDGE_CURVE('',#8236,#8217,#8247,.T.);
#8249=ORIENTED_EDGE('',*,*,#8248,.T.);
#8250=EDGE_LOOP('',(#8225,#8234,#8242,#8249));
#8251=FACE_BOUND('',#8250,.T.);
#8252=CARTESIAN_POINT('',(38.423743073,25.290630049,13.3));
#8253=VERTEX_POINT('',#8252);
#8254=CARTESIAN_POINT('',(38.423743073,25.290630049,0.7));
#8255=VERTEX_POINT('',#8254);
#8256=CARTESIAN_POINT('',(38.423743073,25.290630049,13.3));
#8257=DIRECTION('',(0.,0.,-1.));
#8258=VECTOR('',#8257,12.6);
#8259=LINE('',#8256,#8258);
#8260=EDGE_CURVE('',#8253,#8255,#8259,.T.);
#8261=ORIENTED_EDGE('',*,*,#8260,.T.);
#8262=CARTESIAN_POINT('',(41.114199637,20.630622585,0.7));
#8263=VERTEX_POINT('',#8262);
#8264=CARTESIAN_POINT('',(0.,0.,0.7));
#8265=DIRECTION('',(-0.,-0.,-1.));
#8266=DIRECTION('',(1.,0.,-0.));
#8267=AXIS2_PLACEMENT_3D('',#8264,#8265,#8266);
#8268=CIRCLE('',#8267,46.);
#8269=EDGE_CURVE('',#8255,#8263,#8268,.T.);
#8270=ORIENTED_EDGE('',*,*,#8269,.T.);
#8271=CARTESIAN_POINT('',(41.114199637,20.630622585,13.3));
#8272=VERTEX_POINT('',#8271);
#8273=CARTESIAN_POINT('',(41.114199637,20.630622585,0.7));
#8274=DIRECTION('',(-0.,-0.,1.));
#8275=VECTOR('',#8274,12.6);
#8276=LINE('',#8273,#8275);
#8277=EDGE_CURVE('',#8263,#8272,#8276,.T.);
#8278=ORIENTED_EDGE('',*,*,#8277,.T.);
#8279=CARTESIAN_POINT('',(0.,0.,13.3));
#8280=DIRECTION('',(0.,0.,1.));
#8281=DIRECTION('',(1.,0.,-0.));
#8282=AXIS2_PLACEMENT_3D('',#8279,#8280,#8281);
#8283=CIRCLE('',#8282,46.);
#8284=EDGE_CURVE('',#8272,#8253,#8283,.T.);
#8285=ORIENTED_EDGE('',*,*,#8284,.T.);
#8286=EDGE_LOOP('',(#8261,#8270,#8278,#8285));
#8287=FACE_BOUND('',#8286,.T.);
#8288=CARTESIAN_POINT('',(-41.114199637,20.630622585,13.3));
#8289=VERTEX_POINT('',#8288);
#8290=CARTESIAN_POINT('',(-41.114199637,20.630622585,0.7));
#8291=VERTEX_POINT('',#8290);
#8292=CARTESIAN_POINT('',(-41.114199637,20.630622585,13.3));
#8293=DIRECTION('',(0.,0.,-1.));
#8294=VECTOR('',#8293,12.6);
#8295=LINE('',#8292,#8294);
#8296=EDGE_CURVE('',#8289,#8291,#8295,.T.);
#8297=ORIENTED_EDGE('',*,*,#8296,.T.);
#8298=CARTESIAN_POINT('',(-38.423743073,25.290630049,0.7));
#8299=VERTEX_POINT('',#8298);
#8300=CARTESIAN_POINT('',(0.,0.,0.7));
#8301=DIRECTION('',(-0.,-0.,-1.));
#8302=DIRECTION('',(1.,0.,-0.));
#8303=AXIS2_PLACEMENT_3D('',#8300,#8301,#8302);
#8304=CIRCLE('',#8303,46.);
#8305=EDGE_CURVE('',#8291,#8299,#8304,.T.);
#8306=ORIENTED_EDGE('',*,*,#8305,.T.);
#8307=CARTESIAN_POINT('',(-38.423743073,25.290630049,13.3));
#8308=VERTEX_POINT('',#8307);
#8309=CARTESIAN_POINT('',(-38.423743073,25.290630049,0.7));
#8310=DIRECTION('',(-0.,-0.,1.));
#8311=VECTOR('',#8310,12.6);
#8312=LINE('',#8309,#8311);
#8313=EDGE_CURVE('',#8299,#8308,#8312,.T.);
#8314=ORIENTED_EDGE('',*,*,#8313,.T.);
#8315=CARTESIAN_POINT('',(0.,0.,13.3));
#8316=DIRECTION('',(0.,0.,1.));
#8317=DIRECTION('',(1.,0.,-0.));
#8318=AXIS2_PLACEMENT_3D('',#8315,#8316,#8317);
#8319=CIRCLE('',#8318,46.);
#8320=EDGE_CURVE('',#8308,#8289,#8319,.T.);
#8321=ORIENTED_EDGE('',*,*,#8320,.T.);
#8322=EDGE_LOOP('',(#8297,#8306,#8314,#8321));
#8323=FACE_BOUND('',#8322,.T.);
#8324=CARTESIAN_POINT('',(-45.052865294,9.286513277,13.3));
#8325=VERTEX_POINT('',#8324);
#8326=CARTESIAN_POINT('',(-45.052865294,9.286513277,0.7));
#8327=VERTEX_POINT('',#8326);
#8328=CARTESIAN_POINT('',(-45.052865294,9.286513277,13.3));
#8329=DIRECTION('',(0.,0.,-1.));
#8330=VECTOR('',#8329,12.6);
#8331=LINE('',#8328,#8330);
#8332=EDGE_CURVE('',#8325,#8327,#8331,.T.);
#8333=ORIENTED_EDGE('',*,*,#8332,.T.);
#8334=CARTESIAN_POINT('',(-43.660182496,14.484076236,0.7));
#8335=VERTEX_POINT('',#8334);
#8336=CARTESIAN_POINT('',(0.,0.,0.7));
#8337=DIRECTION('',(-0.,-0.,-1.));
#8338=DIRECTION('',(1.,0.,-0.));
#8339=AXIS2_PLACEMENT_3D('',#8336,#8337,#8338);
#8340=CIRCLE('',#8339,46.);
#8341=EDGE_CURVE('',#8327,#8335,#8340,.T.);
#8342=ORIENTED_EDGE('',*,*,#8341,.T.);
#8343=CARTESIAN_POINT('',(-43.660182496,14.484076236,13.3));
#8344=VERTEX_POINT('',#8343);
#8345=CARTESIAN_POINT('',(-43.660182496,14.484076236,0.7));
#8346=DIRECTION('',(-0.,-0.,1.));
#8347=VECTOR('',#8346,12.6);
#8348=LINE('',#8345,#8347);
#8349=EDGE_CURVE('',#8335,#8344,#8348,.T.);
#8350=ORIENTED_EDGE('',*,*,#8349,.T.);
#8351=CARTESIAN_POINT('',(0.,0.,13.3));
#8352=DIRECTION('',(0.,0.,1.));
#8353=DIRECTION('',(1.,0.,-0.));
#8354=AXIS2_PLACEMENT_3D('',#8351,#8352,#8353);
#8355=CIRCLE('',#8354,46.);
#8356=EDGE_CURVE('',#8344,#8325,#8355,.T.);
#8357=ORIENTED_EDGE('',*,*,#8356,.T.);
#8358=EDGE_LOOP('',(#8333,#8342,#8350,#8357));
#8359=FACE_BOUND('',#8358,.T.);
#8360=CARTESIAN_POINT('',(2.690456564,-45.921252634,13.3));
#8361=VERTEX_POINT('',#8360);
#8362=CARTESIAN_POINT('',(2.690456564,-45.921252634,0.7));
#8363=VERTEX_POINT('',#8362);
#8364=CARTESIAN_POINT('',(2.690456564,-45.921252634,13.3));
#8365=DIRECTION('',(0.,0.,-1.));
#8366=VECTOR('',#8365,12.6);
#8367=LINE('',#8364,#8366);
#8368=EDGE_CURVE('',#8361,#8363,#8367,.T.);
#8369=ORIENTED_EDGE('',*,*,#8368,.T.);
#8370=CARTESIAN_POINT('',(-2.690456564,-45.921252634,0.7));
#8371=VERTEX_POINT('',#8370);
#8372=CARTESIAN_POINT('',(0.,0.,0.7));
#8373=DIRECTION('',(-0.,-0.,-1.));
#8374=DIRECTION('',(1.,0.,-0.));
#8375=AXIS2_PLACEMENT_3D('',#8372,#8373,#8374);
#8376=CIRCLE('',#8375,46.);
#8377=EDGE_CURVE('',#8363,#8371,#8376,.T.);
#8378=ORIENTED_EDGE('',*,*,#8377,.T.);
#8379=CARTESIAN_POINT('',(-2.690456564,-45.921252634,13.3));
#8380=VERTEX_POINT('',#8379);
#8381=CARTESIAN_POINT('',(-2.690456564,-45.921252634,0.7));
#8382=DIRECTION('',(-0.,-0.,1.));
#8383=VECTOR('',#8382,12.6);
#8384=LINE('',#8381,#8383);
#8385=EDGE_CURVE('',#8371,#8380,#8384,.T.);
#8386=ORIENTED_EDGE('',*,*,#8385,.T.);
#8387=CARTESIAN_POINT('',(0.,0.,13.3));
#8388=DIRECTION('',(0.,0.,1.));
#8389=DIRECTION('',(1.,0.,-0.));
#8390=AXIS2_PLACEMENT_3D('',#8387,#8388,#8389);
#8391=CIRCLE('',#8390,46.);
#8392=EDGE_CURVE('',#8380,#8361,#8391,.T.);
#8393=ORIENTED_EDGE('',*,*,#8392,.T.);
#8394=EDGE_LOOP('',(#8369,#8378,#8386,#8393));
#8395=FACE_BOUND('',#8394,.T.);
#8396=CARTESIAN_POINT('',(-30.568789057,-34.373669219,0.7));
#8397=VERTEX_POINT('',#8396);
#8398=CARTESIAN_POINT('',(-34.373669219,-30.568789057,0.7));
#8399=VERTEX_POINT('',#8398);
#8400=CARTESIAN_POINT('',(0.,0.,0.7));
#8401=DIRECTION('',(-0.,-0.,-1.));
#8402=DIRECTION('',(1.,0.,-0.));
#8403=AXIS2_PLACEMENT_3D('',#8400,#8401,#8402);
#8404=CIRCLE('',#8403,46.);
#8405=EDGE_CURVE('',#8397,#8399,#8404,.T.);
#8406=ORIENTED_EDGE('',*,*,#8405,.T.);
#8407=CARTESIAN_POINT('',(-34.373669219,-30.568789057,13.3));
#8408=VERTEX_POINT('',#8407);
#8409=CARTESIAN_POINT('',(-34.373669219,-30.568789057,0.7));
#8410=DIRECTION('',(-0.,-0.,1.));
#8411=VECTOR('',#8410,12.6);
#8412=LINE('',#8409,#8411);
#8413=EDGE_CURVE('',#8399,#8408,#8412,.T.);
#8414=ORIENTED_EDGE('',*,*,#8413,.T.);
#8415=CARTESIAN_POINT('',(-30.568789057,-34.373669219,13.3));
#8416=VERTEX_POINT('',#8415);
#8417=CARTESIAN_POINT('',(0.,0.,13.3));
#8418=DIRECTION('',(0.,0.,1.));
#8419=DIRECTION('',(1.,0.,-0.));
#8420=AXIS2_PLACEMENT_3D('',#8417,#8418,#8419);
#8421=CIRCLE('',#8420,46.);
#8422=EDGE_CURVE('',#8408,#8416,#8421,.T.);
#8423=ORIENTED_EDGE('',*,*,#8422,.T.);
#8424=CARTESIAN_POINT('',(-30.568789057,-34.373669219,13.3));
#8425=DIRECTION('',(0.,0.,-1.));
#8426=VECTOR('',#8425,12.6);
#8427=LINE('',#8424,#8426);
#8428=EDGE_CURVE('',#8416,#8397,#8427,.T.);
#8429=ORIENTED_EDGE('',*,*,#8428,.T.);
#8430=EDGE_LOOP('',(#8406,#8414,#8423,#8429));
#8431=FACE_BOUND('',#8430,.T.);
#8432=CARTESIAN_POINT('',(25.290630049,-38.423743073,0.7));
#8433=VERTEX_POINT('',#8432);
#8434=CARTESIAN_POINT('',(20.630622585,-41.114199637,0.7));
#8435=VERTEX_POINT('',#8434);
#8436=CARTESIAN_POINT('',(0.,0.,0.7));
#8437=DIRECTION('',(-0.,-0.,-1.));
#8438=DIRECTION('',(1.,0.,-0.));
#8439=AXIS2_PLACEMENT_3D('',#8436,#8437,#8438);
#8440=CIRCLE('',#8439,46.);
#8441=EDGE_CURVE('',#8433,#8435,#8440,.T.);
#8442=ORIENTED_EDGE('',*,*,#8441,.T.);
#8443=CARTESIAN_POINT('',(20.630622585,-41.114199637,13.3));
#8444=VERTEX_POINT('',#8443);
#8445=CARTESIAN_POINT('',(20.630622585,-41.114199637,0.7));
#8446=DIRECTION('',(-0.,-0.,1.));
#8447=VECTOR('',#8446,12.6);
#8448=LINE('',#8445,#8447);
#8449=EDGE_CURVE('',#8435,#8444,#8448,.T.);
#8450=ORIENTED_EDGE('',*,*,#8449,.T.);
#8451=CARTESIAN_POINT('',(25.290630049,-38.423743073,13.3));
#8452=VERTEX_POINT('',#8451);
#8453=CARTESIAN_POINT('',(0.,0.,13.3));
#8454=DIRECTION('',(0.,0.,1.));
#8455=DIRECTION('',(1.,0.,-0.));
#8456=AXIS2_PLACEMENT_3D('',#8453,#8454,#8455);
#8457=CIRCLE('',#8456,46.);
#8458=EDGE_CURVE('',#8444,#8452,#8457,.T.);
#8459=ORIENTED_EDGE('',*,*,#8458,.T.);
#8460=CARTESIAN_POINT('',(25.290630049,-38.423743073,13.3));
#8461=DIRECTION('',(0.,0.,-1.));
#8462=VECTOR('',#8461,12.6);
#8463=LINE('',#8460,#8462);
#8464=EDGE_CURVE('',#8452,#8433,#8463,.T.);
#8465=ORIENTED_EDGE('',*,*,#8464,.T.);
#8466=EDGE_LOOP('',(#8442,#8450,#8459,#8465));
#8467=FACE_BOUND('',#8466,.T.);
#8468=CARTESIAN_POINT('',(-20.630622585,-41.114199637,13.3));
#8469=VERTEX_POINT('',#8468);
#8470=CARTESIAN_POINT('',(-20.630622585,-41.114199637,0.7));
#8471=VERTEX_POINT('',#8470);
#8472=CARTESIAN_POINT('',(-20.630622585,-41.114199637,13.3));
#8473=DIRECTION('',(0.,0.,-1.));
#8474=VECTOR('',#8473,12.6);
#8475=LINE('',#8472,#8474);
#8476=EDGE_CURVE('',#8469,#8471,#8475,.T.);
#8477=ORIENTED_EDGE('',*,*,#8476,.T.);
#8478=CARTESIAN_POINT('',(-25.290630049,-38.423743073,0.7));
#8479=VERTEX_POINT('',#8478);
#8480=CARTESIAN_POINT('',(0.,0.,0.7));
#8481=DIRECTION('',(-0.,-0.,-1.));
#8482=DIRECTION('',(1.,0.,-0.));
#8483=AXIS2_PLACEMENT_3D('',#8480,#8481,#8482);
#8484=CIRCLE('',#8483,46.);
#8485=EDGE_CURVE('',#8471,#8479,#8484,.T.);
#8486=ORIENTED_EDGE('',*,*,#8485,.T.);
#8487=CARTESIAN_POINT('',(-25.290630049,-38.423743073,13.3));
#8488=VERTEX_POINT('',#8487);
#8489=CARTESIAN_POINT('',(-25.290630049,-38.423743073,0.7));
#8490=DIRECTION('',(-0.,-0.,1.));
#8491=VECTOR('',#8490,12.6);
#8492=LINE('',#8489,#8491);
#8493=EDGE_CURVE('',#8479,#8488,#8492,.T.);
#8494=ORIENTED_EDGE('',*,*,#8493,.T.);
#8495=CARTESIAN_POINT('',(0.,0.,13.3));
#8496=DIRECTION('',(0.,0.,1.));
#8497=DIRECTION('',(1.,0.,-0.));
#8498=AXIS2_PLACEMENT_3D('',#8495,#8496,#8497);
#8499=CIRCLE('',#8498,46.);
#8500=EDGE_CURVE('',#8488,#8469,#8499,.T.);
#8501=ORIENTED_EDGE('',*,*,#8500,.T.);
#8502=EDGE_LOOP('',(#8477,#8486,#8494,#8501));
#8503=FACE_BOUND('',#8502,.T.);
#8504=CARTESIAN_POINT('',(-34.373669219,30.568789057,13.3));
#8505=VERTEX_POINT('',#8504);
#8506=CARTESIAN_POINT('',(-34.373669219,30.568789057,0.7));
#8507=VERTEX_POINT('',#8506);
#8508=CARTESIAN_POINT('',(-34.373669219,30.568789057,13.3));
#8509=DIRECTION('',(0.,0.,-1.));
#8510=VECTOR('',#8509,12.6);
#8511=LINE('',#8508,#8510);
#8512=EDGE_CURVE('',#8505,#8507,#8511,.T.);
#8513=ORIENTED_EDGE('',*,*,#8512,.T.);
#8514=CARTESIAN_POINT('',(-30.568789057,34.373669219,0.7));
#8515=VERTEX_POINT('',#8514);
#8516=CARTESIAN_POINT('',(0.,0.,0.7));
#8517=DIRECTION('',(-0.,-0.,-1.));
#8518=DIRECTION('',(1.,0.,-0.));
#8519=AXIS2_PLACEMENT_3D('',#8516,#8517,#8518);
#8520=CIRCLE('',#8519,46.);
#8521=EDGE_CURVE('',#8507,#8515,#8520,.T.);
#8522=ORIENTED_EDGE('',*,*,#8521,.T.);
#8523=CARTESIAN_POINT('',(-30.568789057,34.373669219,13.3));
#8524=VERTEX_POINT('',#8523);
#8525=CARTESIAN_POINT('',(-30.568789057,34.373669219,0.7));
#8526=DIRECTION('',(-0.,-0.,1.));
#8527=VECTOR('',#8526,12.6);
#8528=LINE('',#8525,#8527);
#8529=EDGE_CURVE('',#8515,#8524,#8528,.T.);
#8530=ORIENTED_EDGE('',*,*,#8529,.T.);
#8531=CARTESIAN_POINT('',(0.,0.,13.3));
#8532=DIRECTION('',(0.,0.,1.));
#8533=DIRECTION('',(1.,0.,-0.));
#8534=AXIS2_PLACEMENT_3D('',#8531,#8532,#8533);
#8535=CIRCLE('',#8534,46.);
#8536=EDGE_CURVE('',#8524,#8505,#8535,.T.);
#8537=ORIENTED_EDGE('',*,*,#8536,.T.);
#8538=EDGE_LOOP('',(#8513,#8522,#8530,#8537));
#8539=FACE_BOUND('',#8538,.T.);
#8540=ADVANCED_FACE('',(#7837,#7873,#7909,#7945,#7981,#8017,#8053,#8089,#8125,#8161,#8215,#8251,#8287,#8323,#8359,#8395,#8431,#8467,#8503,#8539),#7733,.T.);
#8541=CARTESIAN_POINT('',(0.,0.,22.));
#8542=DIRECTION('',(0.,0.,-1.));
#8543=DIRECTION('',(-1.,0.,0.));
#8544=AXIS2_PLACEMENT_3D('',#8541,#8542,#8543);
#8545=CYLINDRICAL_SURFACE('',#8544,44.);
#8546=CARTESIAN_POINT('',(-44.,0.,0.));
#8547=VERTEX_POINT('',#8546);
#8548=CARTESIAN_POINT('',(-44.,0.,19.));
#8549=VERTEX_POINT('',#8548);
#8550=CARTESIAN_POINT('',(-44.,0.,0.));
#8551=DIRECTION('',(-0.,-0.,1.));
#8552=VECTOR('',#8551,19.);
#8553=LINE('',#8550,#8552);
#8554=EDGE_CURVE('',#8547,#8549,#8553,.T.);
#8555=ORIENTED_EDGE('',*,*,#8554,.F.);
#8556=CARTESIAN_POINT('',(44.,-0.,0.));
#8557=VERTEX_POINT('',#8556);
#8558=CARTESIAN_POINT('',(0.,0.,0.));
#8559=DIRECTION('',(0.,0.,1.));
#8560=DIRECTION('',(1.,0.,-0.));
#8561=AXIS2_PLACEMENT_3D('',#8558,#8559,#8560);
#8562=CIRCLE('',#8561,44.);
#8563=EDGE_CURVE('',#8557,#8547,#8562,.T.);
#8564=ORIENTED_EDGE('',*,*,#8563,.F.);
#8565=CARTESIAN_POINT('',(0.,0.,0.));
#8566=DIRECTION('',(0.,0.,1.));
#8567=DIRECTION('',(1.,0.,-0.));
#8568=AXIS2_PLACEMENT_3D('',#8565,#8566,#8567);
#8569=CIRCLE('',#8568,44.);
#8570=EDGE_CURVE('',#8547,#8557,#8569,.T.);
#8571=ORIENTED_EDGE('',*,*,#8570,.F.);
#8572=ORIENTED_EDGE('',*,*,#8554,.T.);
#8573=CARTESIAN_POINT('',(-0.,-44.,16.130434783));
#8574=VERTEX_POINT('',#8573);
#8575=CARTESIAN_POINT('',(0.,0.,19.));
#8576=DIRECTION('',(0.,0.065079137,-0.997880106));
#8577=DIRECTION('',(-0.,-0.997880106,-0.065079137));
#8578=AXIS2_PLACEMENT_3D('',#8575,#8576,#8577);
#8579=ELLIPSE('',#8578,44.093473491,44.);
#8580=EDGE_CURVE('',#8574,#8549,#8579,.T.);
#8581=ORIENTED_EDGE('',*,*,#8580,.F.);
#8582=CARTESIAN_POINT('',(0.,0.,19.));
#8583=DIRECTION('',(0.,0.065079137,-0.997880106));
#8584=DIRECTION('',(-0.,-0.997880106,-0.065079137));
#8585=AXIS2_PLACEMENT_3D('',#8582,#8583,#8584);
#8586=ELLIPSE('',#8585,44.093473491,44.);
#8587=EDGE_CURVE('',#8549,#8574,#8586,.T.);
#8588=ORIENTED_EDGE('',*,*,#8587,.F.);
#8589=EDGE_LOOP('',(#8555,#8564,#8571,#8572,#8581,#8588));
#8590=FACE_BOUND('',#8589,.T.);
#8591=ADVANCED_FACE('',(#8590),#8545,.F.);
#8592=CARTESIAN_POINT('',(0.,0.,0.));
#8593=DIRECTION('',(0.,0.,1.));
#8594=DIRECTION('',(1.,0.,0.));
#8595=AXIS2_PLACEMENT_3D('',#8592,#8593,#8594);
#8596=PLANE('',#8595);
#8597=CARTESIAN_POINT('',(45.7,-0.,0.));
#8598=VERTEX_POINT('',#8597);
#8599=CARTESIAN_POINT('',(0.,0.,0.));
#8600=DIRECTION('',(-0.,-0.,-1.));
#8601=DIRECTION('',(1.,0.,-0.));
#8602=AXIS2_PLACEMENT_3D('',#8599,#8600,#8601);
#8603=CIRCLE('',#8602,45.7);
#8604=EDGE_CURVE('',#8598,#8598,#8603,.T.);
#8605=ORIENTED_EDGE('',*,*,#8604,.T.);
#8606=EDGE_LOOP('',(#8605));
#8607=FACE_BOUND('',#8606,.T.);
#8608=ORIENTED_EDGE('',*,*,#8563,.T.);
#8609=ORIENTED_EDGE('',*,*,#8570,.T.);
#8610=EDGE_LOOP('',(#8608,#8609));
#8611=FACE_BOUND('',#8610,.T.);
#8612=ADVANCED_FACE('',(#8607,#8611),#8596,.F.);
#8613=CARTESIAN_POINT('',(0.,0.,19.));
#8614=DIRECTION('',(0.,0.065079137,-0.997880106));
#8615=DIRECTION('',(0.,0.997880106,0.065079137));
#8616=AXIS2_PLACEMENT_3D('',#8613,#8614,#8615);
#8617=PLANE('',#8616);
#8618=CARTESIAN_POINT('',(-0.,-45.719523741,16.01829193));
#8619=VERTEX_POINT('',#8618);
#8620=CARTESIAN_POINT('',(-0.,-0.019523741,18.998726713));
#8621=DIRECTION('',(-0.,-0.065079137,0.997880106));
#8622=DIRECTION('',(-0.,-0.997880106,-0.065079137));
#8623=AXIS2_PLACEMENT_3D('',#8620,#8621,#8622);
#8624=ELLIPSE('',#8623,45.797084967,45.7);
#8625=EDGE_CURVE('',#8619,#8619,#8624,.T.);
#8626=ORIENTED_EDGE('',*,*,#8625,.T.);
#8627=EDGE_LOOP('',(#8626));
#8628=FACE_BOUND('',#8627,.T.);
#8629=ORIENTED_EDGE('',*,*,#8580,.T.);
#8630=ORIENTED_EDGE('',*,*,#8587,.T.);
#8631=EDGE_LOOP('',(#8629,#8630));
#8632=FACE_BOUND('',#8631,.T.);
#8633=ADVANCED_FACE('',(#8628,#8632),#8617,.F.);
#8634=CARTESIAN_POINT('',(-31.122408054,34.549176593,13.));
#8635=DIRECTION('',(0.757088395,0.653312454,0.));
#8636=DIRECTION('',(-0.653312454,0.757088395,0.));
#8637=AXIS2_PLACEMENT_3D('',#8634,#8635,#8636);
#8638=PLANE('',#8637);
#8639=CARTESIAN_POINT('',(-31.113687716,34.539071066,13.));
#8640=VERTEX_POINT('',#8639);
#8641=CARTESIAN_POINT('',(-30.995277243,34.401851587,13.));
#8642=VERTEX_POINT('',#8641);
#8643=CARTESIAN_POINT('',(-31.113687716,34.539071066,13.));
#8644=DIRECTION('',(0.653312454,-0.757088395,0.));
#8645=VECTOR('',#8644,0.181246312);
#8646=LINE('',#8643,#8645);
#8647=EDGE_CURVE('',#8640,#8642,#8646,.T.);
#8648=ORIENTED_EDGE('',*,*,#8647,.T.);
#8649=CARTESIAN_POINT('',(-30.995277243,34.401851587,1.));
#8650=VERTEX_POINT('',#8649);
#8651=CARTESIAN_POINT('',(-30.995277243,34.401851587,13.));
#8652=DIRECTION('',(0.,0.,-1.));
#8653=VECTOR('',#8652,12.);
#8654=LINE('',#8651,#8653);
#8655=EDGE_CURVE('',#8642,#8650,#8654,.T.);
#8656=ORIENTED_EDGE('',*,*,#8655,.T.);
#8657=CARTESIAN_POINT('',(-31.113687716,34.539071066,1.));
#8658=VERTEX_POINT('',#8657);
#8659=CARTESIAN_POINT('',(-31.113687716,34.539071066,1.));
#8660=DIRECTION('',(0.653312454,-0.757088395,0.));
#8661=VECTOR('',#8660,0.181246312);
#8662=LINE('',#8659,#8661);
#8663=EDGE_CURVE('',#8658,#8650,#8662,.T.);
#8664=ORIENTED_EDGE('',*,*,#8663,.F.);
#8665=CARTESIAN_POINT('',(-31.113687716,34.539071066,1.));
#8666=DIRECTION('',(0.,0.,1.));
#8667=VECTOR('',#8666,12.);
#8668=LINE('',#8665,#8667);
#8669=EDGE_CURVE('',#8658,#8640,#8668,.T.);
#8670=ORIENTED_EDGE('',*,*,#8669,.T.);
#8671=EDGE_LOOP('',(#8648,#8656,#8664,#8670));
#8672=FACE_BOUND('',#8671,.T.);
#8673=ADVANCED_FACE('',(#8672),#8638,.T.);
#8674=CARTESIAN_POINT('',(0.,-0.,13.));
#8675=DIRECTION('',(-0.,0.,-1.));
#8676=DIRECTION('',(-0.707106781,-0.707106781,0.));
#8677=AXIS2_PLACEMENT_3D('',#8674,#8675,#8676);
#8678=CYLINDRICAL_SURFACE('',#8677,47.);
#8679=CARTESIAN_POINT('',(-34.580290267,31.830858063,12.5));
#8680=VERTEX_POINT('',#8679);
#8681=CARTESIAN_POINT('',(-31.830858063,34.580290267,12.5));
#8682=VERTEX_POINT('',#8681);
#8683=CARTESIAN_POINT('',(0.,-0.,12.5));
#8684=DIRECTION('',(-0.,0.,-1.));
#8685=DIRECTION('',(0.707106781,0.707106781,0.));
#8686=AXIS2_PLACEMENT_3D('',#8683,#8684,#8685);
#8687=CIRCLE('',#8686,47.);
#8688=EDGE_CURVE('',#8680,#8682,#8687,.T.);
#8689=ORIENTED_EDGE('',*,*,#8688,.T.);
#8690=CARTESIAN_POINT('',(-31.830858063,34.580290267,1.5));
#8691=VERTEX_POINT('',#8690);
#8692=CARTESIAN_POINT('',(-31.830858063,34.580290267,12.5));
#8693=DIRECTION('',(0.,0.,-1.));
#8694=VECTOR('',#8693,11.);
#8695=LINE('',#8692,#8694);
#8696=EDGE_CURVE('',#8682,#8691,#8695,.T.);
#8697=ORIENTED_EDGE('',*,*,#8696,.T.);
#8698=CARTESIAN_POINT('',(-34.580290267,31.830858063,1.5));
#8699=VERTEX_POINT('',#8698);
#8700=CARTESIAN_POINT('',(0.,-0.,1.5));
#8701=DIRECTION('',(0.,-0.,1.));
#8702=DIRECTION('',(0.707106781,0.707106781,0.));
#8703=AXIS2_PLACEMENT_3D('',#8700,#8701,#8702);
#8704=CIRCLE('',#8703,47.);
#8705=EDGE_CURVE('',#8691,#8699,#8704,.T.);
#8706=ORIENTED_EDGE('',*,*,#8705,.T.);
#8707=CARTESIAN_POINT('',(-34.580290267,31.830858063,1.5));
#8708=DIRECTION('',(-0.,-0.,1.));
#8709=VECTOR('',#8708,11.);
#8710=LINE('',#8707,#8709);
#8711=EDGE_CURVE('',#8699,#8680,#8710,.T.);
#8712=ORIENTED_EDGE('',*,*,#8711,.T.);
#8713=EDGE_LOOP('',(#8689,#8697,#8706,#8712));
#8714=FACE_BOUND('',#8713,.T.);
#8715=ADVANCED_FACE('',(#8714),#8678,.T.);
#8716=CARTESIAN_POINT('',(-34.549176593,31.122408054,13.));
#8717=DIRECTION('',(0.653312454,0.757088395,0.));
#8718=DIRECTION('',(-0.757088395,0.653312454,0.));
#8719=AXIS2_PLACEMENT_3D('',#8716,#8717,#8718);
#8720=PLANE('',#8719);
#8721=CARTESIAN_POINT('',(-34.539071066,31.113687716,1.));
#8722=VERTEX_POINT('',#8721);
#8723=CARTESIAN_POINT('',(-34.401851587,30.995277243,1.));
#8724=VERTEX_POINT('',#8723);
#8725=CARTESIAN_POINT('',(-34.539071066,31.113687716,1.));
#8726=DIRECTION('',(0.757088395,-0.653312454,0.));
#8727=VECTOR('',#8726,0.181246312);
#8728=LINE('',#8725,#8727);
#8729=EDGE_CURVE('',#8722,#8724,#8728,.T.);
#8730=ORIENTED_EDGE('',*,*,#8729,.T.);
#8731=CARTESIAN_POINT('',(-34.401851587,30.995277243,13.));
#8732=VERTEX_POINT('',#8731);
#8733=CARTESIAN_POINT('',(-34.401851587,30.995277243,1.));
#8734=DIRECTION('',(0.,0.,1.));
#8735=VECTOR('',#8734,12.);
#8736=LINE('',#8733,#8735);
#8737=EDGE_CURVE('',#8724,#8732,#8736,.T.);
#8738=ORIENTED_EDGE('',*,*,#8737,.T.);
#8739=CARTESIAN_POINT('',(-34.539071066,31.113687716,13.));
#8740=VERTEX_POINT('',#8739);
#8741=CARTESIAN_POINT('',(-34.539071066,31.113687716,13.));
#8742=DIRECTION('',(0.757088395,-0.653312454,0.));
#8743=VECTOR('',#8742,0.181246312);
#8744=LINE('',#8741,#8743);
#8745=EDGE_CURVE('',#8740,#8732,#8744,.T.);
#8746=ORIENTED_EDGE('',*,*,#8745,.F.);
#8747=CARTESIAN_POINT('',(-34.539071066,31.113687716,13.));
#8748=DIRECTION('',(0.,0.,-1.));
#8749=VECTOR('',#8748,12.);
#8750=LINE('',#8747,#8749);
#8751=EDGE_CURVE('',#8740,#8722,#8750,.T.);
#8752=ORIENTED_EDGE('',*,*,#8751,.T.);
#8753=EDGE_LOOP('',(#8730,#8738,#8746,#8752));
#8754=FACE_BOUND('',#8753,.T.);
#8755=ADVANCED_FACE('',(#8754),#8720,.F.);
#8756=CARTESIAN_POINT('',(0.,0.,13.));
#8757=DIRECTION('',(0.,0.,1.));
#8758=DIRECTION('',(0.707106781,0.707106781,0.));
#8759=AXIS2_PLACEMENT_3D('',#8756,#8757,#8758);
#8760=PLANE('',#8759);
#8761=ORIENTED_EDGE('',*,*,#8745,.T.);
#8762=CARTESIAN_POINT('',(-34.397758429,30.991679772,13.));
#8763=VERTEX_POINT('',#8762);
#8764=CARTESIAN_POINT('',(-34.597845323,30.768150725,13.));
#8765=DIRECTION('',(-0.,-0.,-1.));
#8766=DIRECTION('',(1.,0.,-0.));
#8767=AXIS2_PLACEMENT_3D('',#8764,#8765,#8766);
#8768=CIRCLE('',#8767,0.3);
#8769=EDGE_CURVE('',#8732,#8763,#8768,.T.);
#8770=ORIENTED_EDGE('',*,*,#8769,.T.);
#8771=CARTESIAN_POINT('',(-30.991679772,34.397758429,13.));
#8772=VERTEX_POINT('',#8771);
#8773=CARTESIAN_POINT('',(0.,0.,13.));
#8774=DIRECTION('',(-0.,-0.,-1.));
#8775=DIRECTION('',(1.,0.,-0.));
#8776=AXIS2_PLACEMENT_3D('',#8773,#8774,#8775);
#8777=CIRCLE('',#8776,46.3);
#8778=EDGE_CURVE('',#8763,#8772,#8777,.T.);
#8779=ORIENTED_EDGE('',*,*,#8778,.T.);
#8780=CARTESIAN_POINT('',(-30.768150725,34.597845323,13.));
#8781=DIRECTION('',(-0.,-0.,-1.));
#8782=DIRECTION('',(1.,0.,-0.));
#8783=AXIS2_PLACEMENT_3D('',#8780,#8781,#8782);
#8784=CIRCLE('',#8783,0.3);
#8785=EDGE_CURVE('',#8772,#8642,#8784,.T.);
#8786=ORIENTED_EDGE('',*,*,#8785,.T.);
#8787=ORIENTED_EDGE('',*,*,#8647,.F.);
#8788=CARTESIAN_POINT('',(-31.122541231,34.54905827,13.));
#8789=VERTEX_POINT('',#8788);
#8790=CARTESIAN_POINT('',(-31.492231913,34.212414839,13.));
#8791=DIRECTION('',(0.,-0.,1.));
#8792=DIRECTION('',(0.707106781,0.707106781,0.));
#8793=AXIS2_PLACEMENT_3D('',#8790,#8791,#8792);
#8794=CIRCLE('',#8793,0.5);
#8795=EDGE_CURVE('',#8640,#8789,#8794,.T.);
#8796=ORIENTED_EDGE('',*,*,#8795,.T.);
#8797=CARTESIAN_POINT('',(-34.54905827,31.122541231,13.));
#8798=VERTEX_POINT('',#8797);
#8799=CARTESIAN_POINT('',(0.,-0.,13.));
#8800=DIRECTION('',(0.,-0.,1.));
#8801=DIRECTION('',(0.707106781,0.707106781,0.));
#8802=AXIS2_PLACEMENT_3D('',#8799,#8800,#8801);
#8803=CIRCLE('',#8802,46.5);
#8804=EDGE_CURVE('',#8789,#8798,#8803,.T.);
#8805=ORIENTED_EDGE('',*,*,#8804,.T.);
#8806=CARTESIAN_POINT('',(-34.212414839,31.492231913,13.));
#8807=DIRECTION('',(0.,-0.,1.));
#8808=DIRECTION('',(0.707106781,0.707106781,0.));
#8809=AXIS2_PLACEMENT_3D('',#8806,#8807,#8808);
#8810=CIRCLE('',#8809,0.5);
#8811=EDGE_CURVE('',#8798,#8740,#8810,.T.);
#8812=ORIENTED_EDGE('',*,*,#8811,.T.);
#8813=EDGE_LOOP('',(#8761,#8770,#8779,#8786,#8787,#8796,#8805,#8812));
#8814=FACE_BOUND('',#8813,.T.);
#8815=ADVANCED_FACE('',(#8814),#8760,.T.);
#8816=CARTESIAN_POINT('',(0.,0.,1.));
#8817=DIRECTION('',(0.,0.,1.));
#8818=DIRECTION('',(0.707106781,0.707106781,0.));
#8819=AXIS2_PLACEMENT_3D('',#8816,#8817,#8818);
#8820=PLANE('',#8819);
#8821=CARTESIAN_POINT('',(-30.991679772,34.397758429,1.));
#8822=VERTEX_POINT('',#8821);
#8823=CARTESIAN_POINT('',(-30.768150725,34.597845323,1.));
#8824=DIRECTION('',(0.,0.,1.));
#8825=DIRECTION('',(1.,0.,-0.));
#8826=AXIS2_PLACEMENT_3D('',#8823,#8824,#8825);
#8827=CIRCLE('',#8826,0.3);
#8828=EDGE_CURVE('',#8650,#8822,#8827,.T.);
#8829=ORIENTED_EDGE('',*,*,#8828,.T.);
#8830=CARTESIAN_POINT('',(-34.397758429,30.991679772,1.));
#8831=VERTEX_POINT('',#8830);
#8832=CARTESIAN_POINT('',(0.,0.,1.));
#8833=DIRECTION('',(0.,0.,1.));
#8834=DIRECTION('',(1.,0.,-0.));
#8835=AXIS2_PLACEMENT_3D('',#8832,#8833,#8834);
#8836=CIRCLE('',#8835,46.3);
#8837=EDGE_CURVE('',#8822,#8831,#8836,.T.);
#8838=ORIENTED_EDGE('',*,*,#8837,.T.);
#8839=CARTESIAN_POINT('',(-34.597845323,30.768150725,1.));
#8840=DIRECTION('',(0.,0.,1.));
#8841=DIRECTION('',(1.,0.,-0.));
#8842=AXIS2_PLACEMENT_3D('',#8839,#8840,#8841);
#8843=CIRCLE('',#8842,0.3);
#8844=EDGE_CURVE('',#8831,#8724,#8843,.T.);
#8845=ORIENTED_EDGE('',*,*,#8844,.T.);
#8846=ORIENTED_EDGE('',*,*,#8729,.F.);
#8847=CARTESIAN_POINT('',(-34.54905827,31.122541231,1.));
#8848=VERTEX_POINT('',#8847);
#8849=CARTESIAN_POINT('',(-34.212414839,31.492231913,1.));
#8850=DIRECTION('',(-0.,0.,-1.));
#8851=DIRECTION('',(0.707106781,0.707106781,0.));
#8852=AXIS2_PLACEMENT_3D('',#8849,#8850,#8851);
#8853=CIRCLE('',#8852,0.5);
#8854=EDGE_CURVE('',#8722,#8848,#8853,.T.);
#8855=ORIENTED_EDGE('',*,*,#8854,.T.);
#8856=CARTESIAN_POINT('',(-31.122541231,34.54905827,1.));
#8857=VERTEX_POINT('',#8856);
#8858=CARTESIAN_POINT('',(0.,-0.,1.));
#8859=DIRECTION('',(-0.,0.,-1.));
#8860=DIRECTION('',(0.707106781,0.707106781,0.));
#8861=AXIS2_PLACEMENT_3D('',#8858,#8859,#8860);
#8862=CIRCLE('',#8861,46.5);
#8863=EDGE_CURVE('',#8848,#8857,#8862,.T.);
#8864=ORIENTED_EDGE('',*,*,#8863,.T.);
#8865=CARTESIAN_POINT('',(-31.492231913,34.212414839,1.));
#8866=DIRECTION('',(-0.,0.,-1.));
#8867=DIRECTION('',(0.707106781,0.707106781,0.));
#8868=AXIS2_PLACEMENT_3D('',#8865,#8866,#8867);
#8869=CIRCLE('',#8868,0.5);
#8870=EDGE_CURVE('',#8857,#8658,#8869,.T.);
#8871=ORIENTED_EDGE('',*,*,#8870,.T.);
#8872=ORIENTED_EDGE('',*,*,#8663,.T.);
#8873=EDGE_LOOP('',(#8829,#8838,#8845,#8846,#8855,#8864,#8871,#8872));
#8874=FACE_BOUND('',#8873,.T.);
#8875=ADVANCED_FACE('',(#8874),#8820,.F.);
#8876=CARTESIAN_POINT('',(-34.212414839,31.492231913,13.));
#8877=DIRECTION('',(-0.,0.,-1.));
#8878=DIRECTION('',(-0.707106781,-0.707106781,0.));
#8879=AXIS2_PLACEMENT_3D('',#8876,#8877,#8878);
#8880=CYLINDRICAL_SURFACE('',#8879,0.5);
#8881=CARTESIAN_POINT('',(-34.565958855,31.138687878,1.000559165));
#8882=VERTEX_POINT('',#8881);
#8883=CARTESIAN_POINT('',(-34.565958855,31.138687878,12.999440835));
#8884=VERTEX_POINT('',#8883);
#8885=CARTESIAN_POINT('',(-34.565968229,31.138678523,1.000559165));
#8886=DIRECTION('',(-0.,-0.,1.));
#8887=VECTOR('',#8886,11.99888167);
#8888=LINE('',#8885,#8887);
#8889=EDGE_CURVE('',#8882,#8884,#8888,.T.);
#8890=ORIENTED_EDGE('',*,*,#8889,.T.);
#8891=CARTESIAN_POINT('',(-34.580290267,31.830858063,12.5));
#8892=CARTESIAN_POINT('',(-34.618765538,31.78905944,12.556506703));
#8893=CARTESIAN_POINT('',(-34.649796875,31.741469396,12.612239113));
#8894=CARTESIAN_POINT('',(-34.672638868,31.68766437,12.667054059));
#8895=CARTESIAN_POINT('',(-34.695480862,31.633859343,12.721869005));
#8896=CARTESIAN_POINT('',(-34.709482377,31.575716495,12.773952802));
#8897=CARTESIAN_POINT('',(-34.712017559,31.512159832,12.822374902));
#8898=CARTESIAN_POINT('',(-34.714552741,31.448603168,12.870797003));
#8899=CARTESIAN_POINT('',(-34.705246857,31.380596199,12.914603145));
#8900=CARTESIAN_POINT('',(-34.678945954,31.312374417,12.947220808));
#8901=CARTESIAN_POINT('',(-34.65264505,31.244152636,12.979838471));
#8902=CARTESIAN_POINT('',(-34.608837322,31.176976537,13.));
#8903=CARTESIAN_POINT('',(-34.54905827,31.122541231,13.));
#8904=B_SPLINE_CURVE_WITH_KNOTS('',3,(#8891,#8892,#8893,#8894,#8895,#8896,#8897,#8898,#8899,#8900,#8901,#8902,#8903),.UNSPECIFIED.,.F.,.F.,(4,3,3,3,4),(0.,0.000238356,0.000476713,0.000715069,0.000953425),.UNSPECIFIED.);
#8905=EDGE_CURVE('',#8680,#8884,#8904,.T.);
#8906=ORIENTED_EDGE('',*,*,#8905,.F.);
#8907=ORIENTED_EDGE('',*,*,#8711,.F.);
#8908=CARTESIAN_POINT('',(-34.54905827,31.122541231,1.));
#8909=CARTESIAN_POINT('',(-34.608837322,31.176976537,1.));
#8910=CARTESIAN_POINT('',(-34.65264505,31.244152636,1.020161529));
#8911=CARTESIAN_POINT('',(-34.678945954,31.312374417,1.052779192));
#8912=CARTESIAN_POINT('',(-34.705246857,31.380596199,1.085396855));
#8913=CARTESIAN_POINT('',(-34.714552741,31.448603168,1.129202997));
#8914=CARTESIAN_POINT('',(-34.712017559,31.512159832,1.177625098));
#8915=CARTESIAN_POINT('',(-34.709482377,31.575716495,1.226047198));
#8916=CARTESIAN_POINT('',(-34.695480862,31.633859343,1.278130995));
#8917=CARTESIAN_POINT('',(-34.672638868,31.68766437,1.332945941));
#8918=CARTESIAN_POINT('',(-34.649796875,31.741469396,1.387760887));
#8919=CARTESIAN_POINT('',(-34.618764765,31.78906028,1.443492149));
#8920=CARTESIAN_POINT('',(-34.580290267,31.830858063,1.5));
#8921=B_SPLINE_CURVE_WITH_KNOTS('',3,(#8908,#8909,#8910,#8911,#8912,#8913,#8914,#8915,#8916,#8917,#8918,#8919,#8920),.UNSPECIFIED.,.F.,.F.,(4,3,3,3,4),(0.,0.000238356,0.000476713,0.000715069,0.000953425),.UNSPECIFIED.);
#8922=EDGE_CURVE('',#8882,#8699,#8921,.T.);
#8923=ORIENTED_EDGE('',*,*,#8922,.F.);
#8924=EDGE_LOOP('',(#8890,#8906,#8907,#8923));
#8925=FACE_BOUND('',#8924,.T.);
#8926=ADVANCED_FACE('',(#8925),#8880,.T.);
#8927=CARTESIAN_POINT('',(0.,-0.,12.5));
#8928=DIRECTION('',(0.,-0.,1.));
#8929=DIRECTION('',(0.707106781,0.707106781,0.));
#8930=AXIS2_PLACEMENT_3D('',#8927,#8928,#8929);
#8931=TOROIDAL_SURFACE('',#8930,46.5,0.5);
#8932=ORIENTED_EDGE('',*,*,#8905,.T.);
#8933=CARTESIAN_POINT('',(-34.580290267,31.830858063,12.5));
#8934=CARTESIAN_POINT('',(-34.618765538,31.78905944,12.556506703));
#8935=CARTESIAN_POINT('',(-34.649796875,31.741469396,12.612239113));
#8936=CARTESIAN_POINT('',(-34.672638868,31.68766437,12.667054059));
#8937=CARTESIAN_POINT('',(-34.695480862,31.633859343,12.721869005));
#8938=CARTESIAN_POINT('',(-34.709482377,31.575716495,12.773952802));
#8939=CARTESIAN_POINT('',(-34.712017559,31.512159832,12.822374902));
#8940=CARTESIAN_POINT('',(-34.714552741,31.448603168,12.870797003));
#8941=CARTESIAN_POINT('',(-34.705246857,31.380596199,12.914603145));
#8942=CARTESIAN_POINT('',(-34.678945954,31.312374417,12.947220808));
#8943=CARTESIAN_POINT('',(-34.65264505,31.244152636,12.979838471));
#8944=CARTESIAN_POINT('',(-34.608837322,31.176976537,13.));
#8945=CARTESIAN_POINT('',(-34.54905827,31.122541231,13.));
#8946=B_SPLINE_CURVE_WITH_KNOTS('',3,(#8933,#8934,#8935,#8936,#8937,#8938,#8939,#8940,#8941,#8942,#8943,#8944,#8945),.UNSPECIFIED.,.F.,.F.,(4,3,3,3,4),(0.,0.000238356,0.000476713,0.000715069,0.000953425),.UNSPECIFIED.);
#8947=EDGE_CURVE('',#8884,#8798,#8946,.T.);
#8948=ORIENTED_EDGE('',*,*,#8947,.T.);
#8949=ORIENTED_EDGE('',*,*,#8804,.F.);
#8950=CARTESIAN_POINT('',(-31.830858063,34.580290267,12.5));
#8951=CARTESIAN_POINT('',(-31.78906028,34.618764765,12.556507851));
#8952=CARTESIAN_POINT('',(-31.741469396,34.649796875,12.612239113));
#8953=CARTESIAN_POINT('',(-31.68766437,34.672638868,12.667054059));
#8954=CARTESIAN_POINT('',(-31.633859343,34.695480862,12.721869005));
#8955=CARTESIAN_POINT('',(-31.575716495,34.709482377,12.773952802));
#8956=CARTESIAN_POINT('',(-31.512159832,34.712017559,12.822374902));
#8957=CARTESIAN_POINT('',(-31.448603168,34.714552741,12.870797003));
#8958=CARTESIAN_POINT('',(-31.380596199,34.705246857,12.914603145));
#8959=CARTESIAN_POINT('',(-31.312374417,34.678945954,12.947220808));
#8960=CARTESIAN_POINT('',(-31.244152636,34.65264505,12.979838471));
#8961=CARTESIAN_POINT('',(-31.176976537,34.608837322,13.));
#8962=CARTESIAN_POINT('',(-31.122541231,34.54905827,13.));
#8963=B_SPLINE_CURVE_WITH_KNOTS('',3,(#8950,#8951,#8952,#8953,#8954,#8955,#8956,#8957,#8958,#8959,#8960,#8961,#8962),.UNSPECIFIED.,.F.,.F.,(4,3,3,3,4),(0.,0.000238356,0.000476713,0.000715069,0.000953425),.UNSPECIFIED.);
#8964=EDGE_CURVE('',#8682,#8789,#8963,.T.);
#8965=ORIENTED_EDGE('',*,*,#8964,.F.);
#8966=ORIENTED_EDGE('',*,*,#8688,.F.);
#8967=EDGE_LOOP('',(#8932,#8948,#8949,#8965,#8966));
#8968=FACE_BOUND('',#8967,.T.);
#8969=ADVANCED_FACE('',(#8968),#8931,.T.);
#8970=CARTESIAN_POINT('',(0.,-0.,1.5));
#8971=DIRECTION('',(0.,-0.,1.));
#8972=DIRECTION('',(0.707106781,0.707106781,0.));
#8973=AXIS2_PLACEMENT_3D('',#8970,#8971,#8972);
#8974=TOROIDAL_SURFACE('',#8973,46.5,0.5);
#8975=CARTESIAN_POINT('',(-34.54905827,31.122541231,1.));
#8976=CARTESIAN_POINT('',(-34.608837322,31.176976537,1.));
#8977=CARTESIAN_POINT('',(-34.65264505,31.244152636,1.020161529));
#8978=CARTESIAN_POINT('',(-34.678945954,31.312374417,1.052779192));
#8979=CARTESIAN_POINT('',(-34.705246857,31.380596199,1.085396855));
#8980=CARTESIAN_POINT('',(-34.714552741,31.448603168,1.129202997));
#8981=CARTESIAN_POINT('',(-34.712017559,31.512159832,1.177625098));
#8982=CARTESIAN_POINT('',(-34.709482377,31.575716495,1.226047198));
#8983=CARTESIAN_POINT('',(-34.695480862,31.633859343,1.278130995));
#8984=CARTESIAN_POINT('',(-34.672638868,31.68766437,1.332945941));
#8985=CARTESIAN_POINT('',(-34.649796875,31.741469396,1.387760887));
#8986=CARTESIAN_POINT('',(-34.618764765,31.78906028,1.443492149));
#8987=CARTESIAN_POINT('',(-34.580290267,31.830858063,1.5));
#8988=B_SPLINE_CURVE_WITH_KNOTS('',3,(#8975,#8976,#8977,#8978,#8979,#8980,#8981,#8982,#8983,#8984,#8985,#8986,#8987),.UNSPECIFIED.,.F.,.F.,(4,3,3,3,4),(0.,0.000238356,0.000476713,0.000715069,0.000953425),.UNSPECIFIED.);
#8989=EDGE_CURVE('',#8848,#8882,#8988,.T.);
#8990=ORIENTED_EDGE('',*,*,#8989,.T.);
#8991=ORIENTED_EDGE('',*,*,#8922,.T.);
#8992=ORIENTED_EDGE('',*,*,#8705,.F.);
#8993=CARTESIAN_POINT('',(-31.122541231,34.54905827,1.));
#8994=CARTESIAN_POINT('',(-31.176976537,34.608837322,1.));
#8995=CARTESIAN_POINT('',(-31.244152636,34.65264505,1.020161529));
#8996=CARTESIAN_POINT('',(-31.312374417,34.678945954,1.052779192));
#8997=CARTESIAN_POINT('',(-31.380596199,34.705246857,1.085396855));
#8998=CARTESIAN_POINT('',(-31.448603168,34.714552741,1.129202997));
#8999=CARTESIAN_POINT('',(-31.512159832,34.712017559,1.177625098));
#9000=CARTESIAN_POINT('',(-31.575716495,34.709482377,1.226047198));
#9001=CARTESIAN_POINT('',(-31.633859343,34.695480862,1.278130995));
#9002=CARTESIAN_POINT('',(-31.68766437,34.672638868,1.332945941));
#9003=CARTESIAN_POINT('',(-31.741469396,34.649796875,1.387760887));
#9004=CARTESIAN_POINT('',(-31.78905944,34.618765538,1.443493297));
#9005=CARTESIAN_POINT('',(-31.830858063,34.580290267,1.5));
#9006=B_SPLINE_CURVE_WITH_KNOTS('',3,(#8993,#8994,#8995,#8996,#8997,#8998,#8999,#9000,#9001,#9002,#9003,#9004,#9005),.UNSPECIFIED.,.F.,.F.,(4,3,3,3,4),(0.,0.000238356,0.000476713,0.000715069,0.000953425),.UNSPECIFIED.);
#9007=EDGE_CURVE('',#8857,#8691,#9006,.T.);
#9008=ORIENTED_EDGE('',*,*,#9007,.F.);
#9009=ORIENTED_EDGE('',*,*,#8863,.F.);
#9010=EDGE_LOOP('',(#8990,#8991,#8992,#9008,#9009));
#9011=FACE_BOUND('',#9010,.T.);
#9012=ADVANCED_FACE('',(#9011),#8974,.T.);
#9013=CARTESIAN_POINT('',(-31.492231913,34.212414839,13.));
#9014=DIRECTION('',(-0.,0.,-1.));
#9015=DIRECTION('',(-0.707106781,-0.707106781,0.));
#9016=AXIS2_PLACEMENT_3D('',#9013,#9014,#9015);
#9017=CYLINDRICAL_SURFACE('',#9016,0.5);
#9018=ORIENTED_EDGE('',*,*,#8795,.F.);
#9019=ORIENTED_EDGE('',*,*,#8669,.F.);
#9020=ORIENTED_EDGE('',*,*,#8870,.F.);
#9021=ORIENTED_EDGE('',*,*,#9007,.T.);
#9022=ORIENTED_EDGE('',*,*,#8696,.F.);
#9023=ORIENTED_EDGE('',*,*,#8964,.T.);
#9024=EDGE_LOOP('',(#9018,#9019,#9020,#9021,#9022,#9023));
#9025=FACE_BOUND('',#9024,.T.);
#9026=ADVANCED_FACE('',(#9025),#9017,.T.);
#9027=CARTESIAN_POINT('',(-39.003922611,25.316870015,13.));
#9028=DIRECTION('',(0.562201528,0.827000267,0.));
#9029=DIRECTION('',(-0.827000267,0.562201528,0.));
#9030=AXIS2_PLACEMENT_3D('',#9027,#9028,#9029);
#9031=PLANE('',#9030);
#9032=CARTESIAN_POINT('',(-38.992883908,25.309365814,13.));
#9033=VERTEX_POINT('',#9032);
#9034=CARTESIAN_POINT('',(-38.84299316,25.207468861,13.));
#9035=VERTEX_POINT('',#9034);
#9036=CARTESIAN_POINT('',(-38.992883908,25.309365814,13.));
#9037=DIRECTION('',(0.827000267,-0.562201528,0.));
#9038=VECTOR('',#9037,0.181246312);
#9039=LINE('',#9036,#9038);
#9040=EDGE_CURVE('',#9033,#9035,#9039,.T.);
#9041=ORIENTED_EDGE('',*,*,#9040,.T.);
#9042=CARTESIAN_POINT('',(-38.84299316,25.207468861,1.));
#9043=VERTEX_POINT('',#9042);
#9044=CARTESIAN_POINT('',(-38.84299316,25.207468861,13.));
#9045=DIRECTION('',(0.,0.,-1.));
#9046=VECTOR('',#9045,12.);
#9047=LINE('',#9044,#9046);
#9048=EDGE_CURVE('',#9035,#9043,#9047,.T.);
#9049=ORIENTED_EDGE('',*,*,#9048,.T.);
#9050=CARTESIAN_POINT('',(-38.992883908,25.309365814,1.));
#9051=VERTEX_POINT('',#9050);
#9052=CARTESIAN_POINT('',(-38.992883908,25.309365814,1.));
#9053=DIRECTION('',(0.827000267,-0.562201528,0.));
#9054=VECTOR('',#9053,0.181246312);
#9055=LINE('',#9052,#9054);
#9056=EDGE_CURVE('',#9051,#9043,#9055,.T.);
#9057=ORIENTED_EDGE('',*,*,#9056,.F.);
#9058=CARTESIAN_POINT('',(-38.992883908,25.309365814,1.));
#9059=DIRECTION('',(0.,0.,1.));
#9060=VECTOR('',#9059,12.);
#9061=LINE('',#9058,#9060);
#9062=EDGE_CURVE('',#9051,#9033,#9061,.T.);
#9063=ORIENTED_EDGE('',*,*,#9062,.T.);
#9064=EDGE_LOOP('',(#9041,#9049,#9057,#9063));
#9065=FACE_BOUND('',#9064,.T.);
#9066=ADVANCED_FACE('',(#9065),#9031,.T.);
#9067=CARTESIAN_POINT('',(0.,-0.,13.));
#9068=DIRECTION('',(-0.,0.,-1.));
#9069=DIRECTION('',(-0.5,-0.866025404,0.));
#9070=AXIS2_PLACEMENT_3D('',#9067,#9068,#9069);
#9071=CYLINDRICAL_SURFACE('',#9070,47.);
#9072=CARTESIAN_POINT('',(-41.640427738,21.79621017,12.5));
#9073=VERTEX_POINT('',#9072);
#9074=CARTESIAN_POINT('',(-39.696285582,25.163563161,12.5));
#9075=VERTEX_POINT('',#9074);
#9076=CARTESIAN_POINT('',(0.,-0.,12.5));
#9077=DIRECTION('',(-0.,0.,-1.));
#9078=DIRECTION('',(0.5,0.866025404,0.));
#9079=AXIS2_PLACEMENT_3D('',#9076,#9077,#9078);
#9080=CIRCLE('',#9079,47.);
#9081=EDGE_CURVE('',#9073,#9075,#9080,.T.);
#9082=ORIENTED_EDGE('',*,*,#9081,.T.);
#9083=CARTESIAN_POINT('',(-39.696285582,25.163563161,1.5));
#9084=VERTEX_POINT('',#9083);
#9085=CARTESIAN_POINT('',(-39.696285582,25.163563161,12.5));
#9086=DIRECTION('',(0.,0.,-1.));
#9087=VECTOR('',#9086,11.);
#9088=LINE('',#9085,#9087);
#9089=EDGE_CURVE('',#9075,#9084,#9088,.T.);
#9090=ORIENTED_EDGE('',*,*,#9089,.T.);
#9091=CARTESIAN_POINT('',(-41.640427738,21.79621017,1.5));
#9092=VERTEX_POINT('',#9091);
#9093=CARTESIAN_POINT('',(0.,-0.,1.5));
#9094=DIRECTION('',(0.,-0.,1.));
#9095=DIRECTION('',(0.5,0.866025404,0.));
#9096=AXIS2_PLACEMENT_3D('',#9093,#9094,#9095);
#9097=CIRCLE('',#9096,47.);
#9098=EDGE_CURVE('',#9084,#9092,#9097,.T.);
#9099=ORIENTED_EDGE('',*,*,#9098,.T.);
#9100=CARTESIAN_POINT('',(-41.640427738,21.79621017,1.5));
#9101=DIRECTION('',(-0.,-0.,1.));
#9102=VECTOR('',#9101,11.);
#9103=LINE('',#9100,#9102);
#9104=EDGE_CURVE('',#9092,#9073,#9103,.T.);
#9105=ORIENTED_EDGE('',*,*,#9104,.T.);
#9106=EDGE_LOOP('',(#9082,#9090,#9099,#9105));
#9107=FACE_BOUND('',#9106,.T.);
#9108=ADVANCED_FACE('',(#9107),#9071,.T.);
#9109=CARTESIAN_POINT('',(-41.427013882,21.119952821,13.));
#9110=DIRECTION('',(0.435102476,0.900380939,0.));
#9111=DIRECTION('',(-0.900380939,0.435102476,0.));
#9112=AXIS2_PLACEMENT_3D('',#9109,#9110,#9111);
#9113=PLANE('',#9112);
#9114=CARTESIAN_POINT('',(-41.414995703,21.114145124,1.));
#9115=VERTEX_POINT('',#9114);
#9116=CARTESIAN_POINT('',(-41.251804978,21.035284405,1.));
#9117=VERTEX_POINT('',#9116);
#9118=CARTESIAN_POINT('',(-41.414995703,21.114145124,1.));
#9119=DIRECTION('',(0.900380939,-0.435102476,0.));
#9120=VECTOR('',#9119,0.181246312);
#9121=LINE('',#9118,#9120);
#9122=EDGE_CURVE('',#9115,#9117,#9121,.T.);
#9123=ORIENTED_EDGE('',*,*,#9122,.T.);
#9124=CARTESIAN_POINT('',(-41.251804978,21.035284405,13.));
#9125=VERTEX_POINT('',#9124);
#9126=CARTESIAN_POINT('',(-41.251804978,21.035284405,1.));
#9127=DIRECTION('',(0.,0.,1.));
#9128=VECTOR('',#9127,12.);
#9129=LINE('',#9126,#9128);
#9130=EDGE_CURVE('',#9117,#9125,#9129,.T.);
#9131=ORIENTED_EDGE('',*,*,#9130,.T.);
#9132=CARTESIAN_POINT('',(-41.414995703,21.114145124,13.));
#9133=VERTEX_POINT('',#9132);
#9134=CARTESIAN_POINT('',(-41.414995703,21.114145124,13.));
#9135=DIRECTION('',(0.900380939,-0.435102476,0.));
#9136=VECTOR('',#9135,0.181246312);
#9137=LINE('',#9134,#9136);
#9138=EDGE_CURVE('',#9133,#9125,#9137,.T.);
#9139=ORIENTED_EDGE('',*,*,#9138,.F.);
#9140=CARTESIAN_POINT('',(-41.414995703,21.114145124,13.));
#9141=DIRECTION('',(0.,0.,-1.));
#9142=VECTOR('',#9141,12.);
#9143=LINE('',#9140,#9142);
#9144=EDGE_CURVE('',#9133,#9115,#9143,.T.);
#9145=ORIENTED_EDGE('',*,*,#9144,.T.);
#9146=EDGE_LOOP('',(#9123,#9131,#9139,#9145));
#9147=FACE_BOUND('',#9146,.T.);
#9148=ADVANCED_FACE('',(#9147),#9113,.F.);
#9149=CARTESIAN_POINT('',(0.,0.,13.));
#9150=DIRECTION('',(0.,0.,1.));
#9151=DIRECTION('',(0.5,0.866025404,0.));
#9152=AXIS2_PLACEMENT_3D('',#9149,#9150,#9151);
#9153=PLANE('',#9152);
#9154=ORIENTED_EDGE('',*,*,#9138,.T.);
#9155=CARTESIAN_POINT('',(-41.246920197,21.032868902,13.));
#9156=VERTEX_POINT('',#9155);
#9157=CARTESIAN_POINT('',(-41.382335721,20.765170123,13.));
#9158=DIRECTION('',(-0.,-0.,-1.));
#9159=DIRECTION('',(1.,0.,-0.));
#9160=AXIS2_PLACEMENT_3D('',#9157,#9158,#9159);
#9161=CIRCLE('',#9160,0.3);
#9162=EDGE_CURVE('',#9125,#9156,#9161,.T.);
#9163=ORIENTED_EDGE('',*,*,#9162,.T.);
#9164=CARTESIAN_POINT('',(-38.838458882,25.204446268,13.));
#9165=VERTEX_POINT('',#9164);
#9166=CARTESIAN_POINT('',(0.,0.,13.));
#9167=DIRECTION('',(-0.,-0.,-1.));
#9168=DIRECTION('',(1.,0.,-0.));
#9169=AXIS2_PLACEMENT_3D('',#9166,#9167,#9168);
#9170=CIRCLE('',#9169,46.3);
#9171=EDGE_CURVE('',#9156,#9165,#9170,.T.);
#9172=ORIENTED_EDGE('',*,*,#9171,.T.);
#9173=CARTESIAN_POINT('',(-38.674332701,25.455568941,13.));
#9174=DIRECTION('',(-0.,-0.,-1.));
#9175=DIRECTION('',(1.,0.,-0.));
#9176=AXIS2_PLACEMENT_3D('',#9173,#9174,#9175);
#9177=CIRCLE('',#9176,0.3);
#9178=EDGE_CURVE('',#9165,#9035,#9177,.T.);
#9179=ORIENTED_EDGE('',*,*,#9178,.T.);
#9180=ORIENTED_EDGE('',*,*,#9040,.F.);
#9181=CARTESIAN_POINT('',(-39.004020625,25.316721254,13.));
#9182=VERTEX_POINT('',#9181);
#9183=CARTESIAN_POINT('',(-39.273984672,24.895865681,13.));
#9184=DIRECTION('',(0.,-0.,1.));
#9185=DIRECTION('',(0.5,0.866025404,0.));
#9186=AXIS2_PLACEMENT_3D('',#9183,#9184,#9185);
#9187=CIRCLE('',#9186,0.5);
#9188=EDGE_CURVE('',#9033,#9182,#9187,.T.);
#9189=ORIENTED_EDGE('',*,*,#9188,.T.);
#9190=CARTESIAN_POINT('',(-41.426934059,21.120112084,13.));
#9191=VERTEX_POINT('',#9190);
#9192=CARTESIAN_POINT('',(0.,-0.,13.));
#9193=DIRECTION('',(0.,-0.,1.));
#9194=DIRECTION('',(0.5,0.866025404,0.));
#9195=AXIS2_PLACEMENT_3D('',#9192,#9193,#9194);
#9196=CIRCLE('',#9195,46.5);
#9197=EDGE_CURVE('',#9182,#9191,#9196,.T.);
#9198=ORIENTED_EDGE('',*,*,#9197,.T.);
#9199=CARTESIAN_POINT('',(-41.197444465,21.564335593,13.));
#9200=DIRECTION('',(0.,-0.,1.));
#9201=DIRECTION('',(0.5,0.866025404,0.));
#9202=AXIS2_PLACEMENT_3D('',#9199,#9200,#9201);
#9203=CIRCLE('',#9202,0.5);
#9204=EDGE_CURVE('',#9191,#9133,#9203,.T.);
#9205=ORIENTED_EDGE('',*,*,#9204,.T.);
#9206=EDGE_LOOP('',(#9154,#9163,#9172,#9179,#9180,#9189,#9198,#9205));
#9207=FACE_BOUND('',#9206,.T.);
#9208=ADVANCED_FACE('',(#9207),#9153,.T.);
#9209=CARTESIAN_POINT('',(0.,0.,1.));
#9210=DIRECTION('',(0.,0.,1.));
#9211=DIRECTION('',(0.5,0.866025404,0.));
#9212=AXIS2_PLACEMENT_3D('',#9209,#9210,#9211);
#9213=PLANE('',#9212);
#9214=CARTESIAN_POINT('',(-38.838458882,25.204446268,1.));
#9215=VERTEX_POINT('',#9214);
#9216=CARTESIAN_POINT('',(-38.674332701,25.455568941,1.));
#9217=DIRECTION('',(0.,0.,1.));
#9218=DIRECTION('',(1.,0.,-0.));
#9219=AXIS2_PLACEMENT_3D('',#9216,#9217,#9218);
#9220=CIRCLE('',#9219,0.3);
#9221=EDGE_CURVE('',#9043,#9215,#9220,.T.);
#9222=ORIENTED_EDGE('',*,*,#9221,.T.);
#9223=CARTESIAN_POINT('',(-41.246920197,21.032868902,1.));
#9224=VERTEX_POINT('',#9223);
#9225=CARTESIAN_POINT('',(0.,0.,1.));
#9226=DIRECTION('',(0.,0.,1.));
#9227=DIRECTION('',(1.,0.,-0.));
#9228=AXIS2_PLACEMENT_3D('',#9225,#9226,#9227);
#9229=CIRCLE('',#9228,46.3);
#9230=EDGE_CURVE('',#9215,#9224,#9229,.T.);
#9231=ORIENTED_EDGE('',*,*,#9230,.T.);
#9232=CARTESIAN_POINT('',(-41.382335721,20.765170123,1.));
#9233=DIRECTION('',(0.,0.,1.));
#9234=DIRECTION('',(1.,0.,-0.));
#9235=AXIS2_PLACEMENT_3D('',#9232,#9233,#9234);
#9236=CIRCLE('',#9235,0.3);
#9237=EDGE_CURVE('',#9224,#9117,#9236,.T.);
#9238=ORIENTED_EDGE('',*,*,#9237,.T.);
#9239=ORIENTED_EDGE('',*,*,#9122,.F.);
#9240=CARTESIAN_POINT('',(-41.426934059,21.120112084,1.));
#9241=VERTEX_POINT('',#9240);
#9242=CARTESIAN_POINT('',(-41.197444465,21.564335593,1.));
#9243=DIRECTION('',(-0.,0.,-1.));
#9244=DIRECTION('',(0.5,0.866025404,0.));
#9245=AXIS2_PLACEMENT_3D('',#9242,#9243,#9244);
#9246=CIRCLE('',#9245,0.5);
#9247=EDGE_CURVE('',#9115,#9241,#9246,.T.);
#9248=ORIENTED_EDGE('',*,*,#9247,.T.);
#9249=CARTESIAN_POINT('',(-39.004020625,25.316721254,1.));
#9250=VERTEX_POINT('',#9249);
#9251=CARTESIAN_POINT('',(0.,-0.,1.));
#9252=DIRECTION('',(-0.,0.,-1.));
#9253=DIRECTION('',(0.5,0.866025404,0.));
#9254=AXIS2_PLACEMENT_3D('',#9251,#9252,#9253);
#9255=CIRCLE('',#9254,46.5);
#9256=EDGE_CURVE('',#9241,#9250,#9255,.T.);
#9257=ORIENTED_EDGE('',*,*,#9256,.T.);
#9258=CARTESIAN_POINT('',(-39.273984672,24.895865681,1.));
#9259=DIRECTION('',(-0.,0.,-1.));
#9260=DIRECTION('',(0.5,0.866025404,0.));
#9261=AXIS2_PLACEMENT_3D('',#9258,#9259,#9260);
#9262=CIRCLE('',#9261,0.5);
#9263=EDGE_CURVE('',#9250,#9051,#9262,.T.);
#9264=ORIENTED_EDGE('',*,*,#9263,.T.);
#9265=ORIENTED_EDGE('',*,*,#9056,.T.);
#9266=EDGE_LOOP('',(#9222,#9231,#9238,#9239,#9248,#9257,#9264,#9265));
#9267=FACE_BOUND('',#9266,.T.);
#9268=ADVANCED_FACE('',(#9267),#9213,.F.);
#9269=CARTESIAN_POINT('',(-41.197444465,21.564335593,13.));
#9270=DIRECTION('',(-0.,0.,-1.));
#9271=DIRECTION('',(-0.5,-0.866025404,0.));
#9272=AXIS2_PLACEMENT_3D('',#9269,#9270,#9271);
#9273=CYLINDRICAL_SURFACE('',#9272,0.5);
#9274=CARTESIAN_POINT('',(-41.447437831,21.131334354,1.000559165));
#9275=VERTEX_POINT('',#9274);
#9276=CARTESIAN_POINT('',(-41.447437831,21.131334354,12.999440835));
#9277=VERTEX_POINT('',#9276);
#9278=CARTESIAN_POINT('',(-41.447444465,21.131322892,1.000559165));
#9279=DIRECTION('',(-0.,-0.,1.));
#9280=VECTOR('',#9279,11.99888167);
#9281=LINE('',#9278,#9280);
#9282=EDGE_CURVE('',#9275,#9277,#9281,.T.);
#9283=ORIENTED_EDGE('',*,*,#9282,.T.);
#9284=CARTESIAN_POINT('',(-41.640427738,21.79621017,12.5));
#9285=CARTESIAN_POINT('',(-41.666773717,21.745877667,12.556506703));
#9286=CARTESIAN_POINT('',(-41.684430476,21.691877714,12.612239113));
#9287=CARTESIAN_POINT('',(-41.692568382,21.633994106,12.667054059));
#9288=CARTESIAN_POINT('',(-41.700706288,21.576110499,12.721869005));
#9289=CARTESIAN_POINT('',(-41.699182237,21.516324962,12.773952802));
#9290=CARTESIAN_POINT('',(-41.68518136,21.454277785,12.822374902));
#9291=CARTESIAN_POINT('',(-41.671180483,21.392230609,12.870797003));
#9292=CARTESIAN_POINT('',(-41.64459019,21.328949461,12.914603145));
#9293=CARTESIAN_POINT('',(-41.601528372,21.269859455,12.947220808));
#9294=CARTESIAN_POINT('',(-41.558466553,21.21076945,12.979838471));
#9295=CARTESIAN_POINT('',(-41.498765084,21.157220595,13.));
#9296=CARTESIAN_POINT('',(-41.426934059,21.120112084,13.));
#9297=B_SPLINE_CURVE_WITH_KNOTS('',3,(#9284,#9285,#9286,#9287,#9288,#9289,#9290,#9291,#9292,#9293,#9294,#9295,#9296),.UNSPECIFIED.,.F.,.F.,(4,3,3,3,4),(0.,0.000238356,0.000476713,0.000715069,0.000953425),.UNSPECIFIED.);
#9298=EDGE_CURVE('',#9073,#9277,#9297,.T.);
#9299=ORIENTED_EDGE('',*,*,#9298,.F.);
#9300=ORIENTED_EDGE('',*,*,#9104,.F.);
#9301=CARTESIAN_POINT('',(-41.426934059,21.120112084,1.));
#9302=CARTESIAN_POINT('',(-41.498765084,21.157220595,1.));
#9303=CARTESIAN_POINT('',(-41.558466553,21.21076945,1.020161529));
#9304=CARTESIAN_POINT('',(-41.601528372,21.269859455,1.052779192));
#9305=CARTESIAN_POINT('',(-41.64459019,21.328949461,1.085396855));
#9306=CARTESIAN_POINT('',(-41.671180483,21.392230609,1.129202997));
#9307=CARTESIAN_POINT('',(-41.68518136,21.454277785,1.177625098));
#9308=CARTESIAN_POINT('',(-41.699182237,21.516324962,1.226047198));
#9309=CARTESIAN_POINT('',(-41.700706288,21.576110499,1.278130995));
#9310=CARTESIAN_POINT('',(-41.692568382,21.633994106,1.332945941));
#9311=CARTESIAN_POINT('',(-41.684430476,21.691877714,1.387760887));
#9312=CARTESIAN_POINT('',(-41.666773187,21.745878679,1.443492149));
#9313=CARTESIAN_POINT('',(-41.640427738,21.79621017,1.5));
#9314=B_SPLINE_CURVE_WITH_KNOTS('',3,(#9301,#9302,#9303,#9304,#9305,#9306,#9307,#9308,#9309,#9310,#9311,#9312,#9313),.UNSPECIFIED.,.F.,.F.,(4,3,3,3,4),(0.,0.000238356,0.000476713,0.000715069,0.000953425),.UNSPECIFIED.);
#9315=EDGE_CURVE('',#9275,#9092,#9314,.T.);
#9316=ORIENTED_EDGE('',*,*,#9315,.F.);
#9317=EDGE_LOOP('',(#9283,#9299,#9300,#9316));
#9318=FACE_BOUND('',#9317,.T.);
#9319=ADVANCED_FACE('',(#9318),#9273,.T.);
#9320=CARTESIAN_POINT('',(0.,-0.,12.5));
#9321=DIRECTION('',(0.,-0.,1.));
#9322=DIRECTION('',(0.5,0.866025404,0.));
#9323=AXIS2_PLACEMENT_3D('',#9320,#9321,#9322);
#9324=TOROIDAL_SURFACE('',#9323,46.5,0.5);
#9325=ORIENTED_EDGE('',*,*,#9298,.T.);
#9326=CARTESIAN_POINT('',(-41.640427738,21.79621017,12.5));
#9327=CARTESIAN_POINT('',(-41.666773717,21.745877667,12.556506703));
#9328=CARTESIAN_POINT('',(-41.684430476,21.691877714,12.612239113));
#9329=CARTESIAN_POINT('',(-41.692568382,21.633994106,12.667054059));
#9330=CARTESIAN_POINT('',(-41.700706288,21.576110499,12.721869005));
#9331=CARTESIAN_POINT('',(-41.699182237,21.516324962,12.773952802));
#9332=CARTESIAN_POINT('',(-41.68518136,21.454277785,12.822374902));
#9333=CARTESIAN_POINT('',(-41.671180483,21.392230609,12.870797003));
#9334=CARTESIAN_POINT('',(-41.64459019,21.328949461,12.914603145));
#9335=CARTESIAN_POINT('',(-41.601528372,21.269859455,12.947220808));
#9336=CARTESIAN_POINT('',(-41.558466553,21.21076945,12.979838471));
#9337=CARTESIAN_POINT('',(-41.498765084,21.157220595,13.));
#9338=CARTESIAN_POINT('',(-41.426934059,21.120112084,13.));
#9339=B_SPLINE_CURVE_WITH_KNOTS('',3,(#9326,#9327,#9328,#9329,#9330,#9331,#9332,#9333,#9334,#9335,#9336,#9337,#9338),.UNSPECIFIED.,.F.,.F.,(4,3,3,3,4),(0.,0.000238356,0.000476713,0.000715069,0.000953425),.UNSPECIFIED.);
#9340=EDGE_CURVE('',#9277,#9191,#9339,.T.);
#9341=ORIENTED_EDGE('',*,*,#9340,.T.);
#9342=ORIENTED_EDGE('',*,*,#9197,.F.);
#9343=CARTESIAN_POINT('',(-39.696285582,25.163563161,12.5));
#9344=CARTESIAN_POINT('',(-39.665869957,25.211544734,12.556507851));
#9345=CARTESIAN_POINT('',(-39.627932394,25.253836878,12.612239113));
#9346=CARTESIAN_POINT('',(-39.581872673,25.289826315,12.667054059));
#9347=CARTESIAN_POINT('',(-39.535812951,25.325815752,12.721869005));
#9348=CARTESIAN_POINT('',(-39.483275131,25.354388653,12.773952802));
#9349=CARTESIAN_POINT('',(-39.422540262,25.373287126,12.822374902));
#9350=CARTESIAN_POINT('',(-39.361805392,25.392185599,12.870797003));
#9351=CARTESIAN_POINT('',(-39.293707164,25.400798304,12.914603145));
#9352=CARTESIAN_POINT('',(-39.221002809,25.393050679,12.947220808));
#9353=CARTESIAN_POINT('',(-39.148298454,25.385303053,12.979838471));
#9354=CARTESIAN_POINT('',(-39.072073051,25.360374491,13.));
#9355=CARTESIAN_POINT('',(-39.004020625,25.316721254,13.));
#9356=B_SPLINE_CURVE_WITH_KNOTS('',3,(#9343,#9344,#9345,#9346,#9347,#9348,#9349,#9350,#9351,#9352,#9353,#9354,#9355),.UNSPECIFIED.,.F.,.F.,(4,3,3,3,4),(0.,0.000238356,0.000476713,0.000715069,0.000953425),.UNSPECIFIED.);
#9357=EDGE_CURVE('',#9075,#9182,#9356,.T.);
#9358=ORIENTED_EDGE('',*,*,#9357,.F.);
#9359=ORIENTED_EDGE('',*,*,#9081,.F.);
#9360=EDGE_LOOP('',(#9325,#9341,#9342,#9358,#9359));
#9361=FACE_BOUND('',#9360,.T.);
#9362=ADVANCED_FACE('',(#9361),#9324,.T.);
#9363=CARTESIAN_POINT('',(0.,-0.,1.5));
#9364=DIRECTION('',(0.,-0.,1.));
#9365=DIRECTION('',(0.5,0.866025404,0.));
#9366=AXIS2_PLACEMENT_3D('',#9363,#9364,#9365);
#9367=TOROIDAL_SURFACE('',#9366,46.5,0.5);
#9368=CARTESIAN_POINT('',(-41.426934059,21.120112084,1.));
#9369=CARTESIAN_POINT('',(-41.498765084,21.157220595,1.));
#9370=CARTESIAN_POINT('',(-41.558466553,21.21076945,1.020161529));
#9371=CARTESIAN_POINT('',(-41.601528372,21.269859455,1.052779192));
#9372=CARTESIAN_POINT('',(-41.64459019,21.328949461,1.085396855));
#9373=CARTESIAN_POINT('',(-41.671180483,21.392230609,1.129202997));
#9374=CARTESIAN_POINT('',(-41.68518136,21.454277785,1.177625098));
#9375=CARTESIAN_POINT('',(-41.699182237,21.516324962,1.226047198));
#9376=CARTESIAN_POINT('',(-41.700706288,21.576110499,1.278130995));
#9377=CARTESIAN_POINT('',(-41.692568382,21.633994106,1.332945941));
#9378=CARTESIAN_POINT('',(-41.684430476,21.691877714,1.387760887));
#9379=CARTESIAN_POINT('',(-41.666773187,21.745878679,1.443492149));
#9380=CARTESIAN_POINT('',(-41.640427738,21.79621017,1.5));
#9381=B_SPLINE_CURVE_WITH_KNOTS('',3,(#9368,#9369,#9370,#9371,#9372,#9373,#9374,#9375,#9376,#9377,#9378,#9379,#9380),.UNSPECIFIED.,.F.,.F.,(4,3,3,3,4),(0.,0.000238356,0.000476713,0.000715069,0.000953425),.UNSPECIFIED.);
#9382=EDGE_CURVE('',#9241,#9275,#9381,.T.);
#9383=ORIENTED_EDGE('',*,*,#9382,.T.);
#9384=ORIENTED_EDGE('',*,*,#9315,.T.);
#9385=ORIENTED_EDGE('',*,*,#9098,.F.);
#9386=CARTESIAN_POINT('',(-39.004020625,25.316721254,1.));
#9387=CARTESIAN_POINT('',(-39.072073051,25.360374491,1.));
#9388=CARTESIAN_POINT('',(-39.148298454,25.385303053,1.020161529));
#9389=CARTESIAN_POINT('',(-39.221002809,25.393050679,1.052779192));
#9390=CARTESIAN_POINT('',(-39.293707164,25.400798304,1.085396855));
#9391=CARTESIAN_POINT('',(-39.361805392,25.392185599,1.129202997));
#9392=CARTESIAN_POINT('',(-39.422540262,25.373287126,1.177625098));
#9393=CARTESIAN_POINT('',(-39.483275131,25.354388653,1.226047198));
#9394=CARTESIAN_POINT('',(-39.535812951,25.325815752,1.278130995));
#9395=CARTESIAN_POINT('',(-39.581872673,25.289826315,1.332945941));
#9396=CARTESIAN_POINT('',(-39.627932394,25.253836878,1.387760887));
#9397=CARTESIAN_POINT('',(-39.665869346,25.211545699,1.443493297));
#9398=CARTESIAN_POINT('',(-39.696285582,25.163563161,1.5));
#9399=B_SPLINE_CURVE_WITH_KNOTS('',3,(#9386,#9387,#9388,#9389,#9390,#9391,#9392,#9393,#9394,#9395,#9396,#9397,#9398),.UNSPECIFIED.,.F.,.F.,(4,3,3,3,4),(0.,0.000238356,0.000476713,0.000715069,0.000953425),.UNSPECIFIED.);
#9400=EDGE_CURVE('',#9250,#9084,#9399,.T.);
#9401=ORIENTED_EDGE('',*,*,#9400,.F.);
#9402=ORIENTED_EDGE('',*,*,#9256,.F.);
#9403=EDGE_LOOP('',(#9383,#9384,#9385,#9401,#9402));
#9404=FACE_BOUND('',#9403,.T.);
#9405=ADVANCED_FACE('',(#9404),#9367,.T.);
#9406=CARTESIAN_POINT('',(-39.273984672,24.895865681,13.));
#9407=DIRECTION('',(-0.,0.,-1.));
#9408=DIRECTION('',(-0.5,-0.866025404,0.));
#9409=AXIS2_PLACEMENT_3D('',#9406,#9407,#9408);
#9410=CYLINDRICAL_SURFACE('',#9409,0.5);
#9411=ORIENTED_EDGE('',*,*,#9188,.F.);
#9412=ORIENTED_EDGE('',*,*,#9062,.F.);
#9413=ORIENTED_EDGE('',*,*,#9263,.F.);
#9414=ORIENTED_EDGE('',*,*,#9400,.T.);
#9415=ORIENTED_EDGE('',*,*,#9089,.F.);
#9416=ORIENTED_EDGE('',*,*,#9357,.T.);
#9417=EDGE_LOOP('',(#9411,#9412,#9413,#9414,#9415,#9416));
#9418=FACE_BOUND('',#9417,.T.);
#9419=ADVANCED_FACE('',(#9418),#9410,.T.);
#9420=CARTESIAN_POINT('',(-46.436822836,2.423091271,13.));
#9421=DIRECTION('',(0.073380672,0.997304004,0.));
#9422=DIRECTION('',(-0.997304004,0.073380672,0.));
#9423=AXIS2_PLACEMENT_3D('',#9420,#9421,#9422);
#9424=PLANE('',#9423);
#9425=CARTESIAN_POINT('',(-46.423510938,2.422111795,13.));
#9426=VERTEX_POINT('',#9425);
#9427=CARTESIAN_POINT('',(-46.242753266,2.408811819,13.));
#9428=VERTEX_POINT('',#9427);
#9429=CARTESIAN_POINT('',(-46.423510938,2.422111795,13.));
#9430=DIRECTION('',(0.997304004,-0.073380672,0.));
#9431=VECTOR('',#9430,0.181246312);
#9432=LINE('',#9429,#9431);
#9433=EDGE_CURVE('',#9426,#9428,#9432,.T.);
#9434=ORIENTED_EDGE('',*,*,#9433,.T.);
#9435=CARTESIAN_POINT('',(-46.242753266,2.408811819,1.));
#9436=VERTEX_POINT('',#9435);
#9437=CARTESIAN_POINT('',(-46.242753266,2.408811819,13.));
#9438=DIRECTION('',(0.,0.,-1.));
#9439=VECTOR('',#9438,12.);
#9440=LINE('',#9437,#9439);
#9441=EDGE_CURVE('',#9428,#9436,#9440,.T.);
#9442=ORIENTED_EDGE('',*,*,#9441,.T.);
#9443=CARTESIAN_POINT('',(-46.423510938,2.422111795,1.));
#9444=VERTEX_POINT('',#9443);
#9445=CARTESIAN_POINT('',(-46.423510938,2.422111795,1.));
#9446=DIRECTION('',(0.997304004,-0.073380672,0.));
#9447=VECTOR('',#9446,0.181246312);
#9448=LINE('',#9445,#9447);
#9449=EDGE_CURVE('',#9444,#9436,#9448,.T.);
#9450=ORIENTED_EDGE('',*,*,#9449,.F.);
#9451=CARTESIAN_POINT('',(-46.423510938,2.422111795,1.));
#9452=DIRECTION('',(0.,0.,1.));
#9453=VECTOR('',#9452,12.);
#9454=LINE('',#9451,#9453);
#9455=EDGE_CURVE('',#9444,#9426,#9454,.T.);
#9456=ORIENTED_EDGE('',*,*,#9455,.T.);
#9457=EDGE_LOOP('',(#9434,#9442,#9450,#9456));
#9458=FACE_BOUND('',#9457,.T.);
#9459=ADVANCED_FACE('',(#9458),#9424,.T.);
#9460=CARTESIAN_POINT('',(0.,-0.,13.));
#9461=DIRECTION('',(-0.,0.,-1.));
#9462=DIRECTION('',(-0.,-1.,0.));
#9463=AXIS2_PLACEMENT_3D('',#9460,#9461,#9462);
#9464=CYLINDRICAL_SURFACE('',#9463,47.);
#9465=CARTESIAN_POINT('',(-46.959773331,-1.944142156,12.5));
#9466=VERTEX_POINT('',#9465);
#9467=CARTESIAN_POINT('',(-46.959773331,1.944142156,12.5));
#9468=VERTEX_POINT('',#9467);
#9469=CARTESIAN_POINT('',(0.,-0.,12.5));
#9470=DIRECTION('',(-0.,0.,-1.));
#9471=DIRECTION('',(0.,1.,0.));
#9472=AXIS2_PLACEMENT_3D('',#9469,#9470,#9471);
#9473=CIRCLE('',#9472,47.);
#9474=EDGE_CURVE('',#9466,#9468,#9473,.T.);
#9475=ORIENTED_EDGE('',*,*,#9474,.T.);
#9476=CARTESIAN_POINT('',(-46.959773331,1.944142156,1.5));
#9477=VERTEX_POINT('',#9476);
#9478=CARTESIAN_POINT('',(-46.959773331,1.944142156,12.5));
#9479=DIRECTION('',(0.,0.,-1.));
#9480=VECTOR('',#9479,11.);
#9481=LINE('',#9478,#9480);
#9482=EDGE_CURVE('',#9468,#9477,#9481,.T.);
#9483=ORIENTED_EDGE('',*,*,#9482,.T.);
#9484=CARTESIAN_POINT('',(-46.959773331,-1.944142156,1.5));
#9485=VERTEX_POINT('',#9484);
#9486=CARTESIAN_POINT('',(0.,-0.,1.5));
#9487=DIRECTION('',(0.,-0.,1.));
#9488=DIRECTION('',(0.,1.,0.));
#9489=AXIS2_PLACEMENT_3D('',#9486,#9487,#9488);
#9490=CIRCLE('',#9489,47.);
#9491=EDGE_CURVE('',#9477,#9485,#9490,.T.);
#9492=ORIENTED_EDGE('',*,*,#9491,.T.);
#9493=CARTESIAN_POINT('',(-46.959773331,-1.944142156,1.5));
#9494=DIRECTION('',(-0.,-0.,1.));
#9495=VECTOR('',#9494,11.);
#9496=LINE('',#9493,#9495);
#9497=EDGE_CURVE('',#9485,#9466,#9496,.T.);
#9498=ORIENTED_EDGE('',*,*,#9497,.T.);
#9499=EDGE_LOOP('',(#9475,#9483,#9492,#9498));
#9500=FACE_BOUND('',#9499,.T.);
#9501=ADVANCED_FACE('',(#9500),#9464,.T.);
#9502=CARTESIAN_POINT('',(-46.436822836,-2.423091271,13.));
#9503=DIRECTION('',(-0.073380672,0.997304004,0.));
#9504=DIRECTION('',(-0.997304004,-0.073380672,0.));
#9505=AXIS2_PLACEMENT_3D('',#9502,#9503,#9504);
#9506=PLANE('',#9505);
#9507=CARTESIAN_POINT('',(-46.423510938,-2.422111795,1.));
#9508=VERTEX_POINT('',#9507);
#9509=CARTESIAN_POINT('',(-46.242753266,-2.408811819,1.));
#9510=VERTEX_POINT('',#9509);
#9511=CARTESIAN_POINT('',(-46.423510938,-2.422111795,1.));
#9512=DIRECTION('',(0.997304004,0.073380672,0.));
#9513=VECTOR('',#9512,0.181246312);
#9514=LINE('',#9511,#9513);
#9515=EDGE_CURVE('',#9508,#9510,#9514,.T.);
#9516=ORIENTED_EDGE('',*,*,#9515,.T.);
#9517=CARTESIAN_POINT('',(-46.242753266,-2.408811819,13.));
#9518=VERTEX_POINT('',#9517);
#9519=CARTESIAN_POINT('',(-46.242753266,-2.408811819,1.));
#9520=DIRECTION('',(0.,0.,1.));
#9521=VECTOR('',#9520,12.);
#9522=LINE('',#9519,#9521);
#9523=EDGE_CURVE('',#9510,#9518,#9522,.T.);
#9524=ORIENTED_EDGE('',*,*,#9523,.T.);
#9525=CARTESIAN_POINT('',(-46.423510938,-2.422111795,13.));
#9526=VERTEX_POINT('',#9525);
#9527=CARTESIAN_POINT('',(-46.423510938,-2.422111795,13.));
#9528=DIRECTION('',(0.997304004,0.073380672,0.));
#9529=VECTOR('',#9528,0.181246312);
#9530=LINE('',#9527,#9529);
#9531=EDGE_CURVE('',#9526,#9518,#9530,.T.);
#9532=ORIENTED_EDGE('',*,*,#9531,.F.);
#9533=CARTESIAN_POINT('',(-46.423510938,-2.422111795,13.));
#9534=DIRECTION('',(0.,0.,-1.));
#9535=VECTOR('',#9534,12.);
#9536=LINE('',#9533,#9535);
#9537=EDGE_CURVE('',#9526,#9508,#9536,.T.);
#9538=ORIENTED_EDGE('',*,*,#9537,.T.);
#9539=EDGE_LOOP('',(#9516,#9524,#9532,#9538));
#9540=FACE_BOUND('',#9539,.T.);
#9541=ADVANCED_FACE('',(#9540),#9506,.F.);
#9542=CARTESIAN_POINT('',(0.,0.,13.));
#9543=DIRECTION('',(0.,0.,1.));
#9544=DIRECTION('',(0.,1.,0.));
#9545=AXIS2_PLACEMENT_3D('',#9542,#9543,#9544);
#9546=PLANE('',#9545);
#9547=ORIENTED_EDGE('',*,*,#9531,.T.);
#9548=CARTESIAN_POINT('',(-46.23731517,-2.408461315,13.));
#9549=VERTEX_POINT('',#9548);
#9550=CARTESIAN_POINT('',(-46.220739064,-2.70800302,13.));
#9551=DIRECTION('',(-0.,-0.,-1.));
#9552=DIRECTION('',(1.,0.,-0.));
#9553=AXIS2_PLACEMENT_3D('',#9550,#9551,#9552);
#9554=CIRCLE('',#9553,0.3);
#9555=EDGE_CURVE('',#9518,#9549,#9554,.T.);
#9556=ORIENTED_EDGE('',*,*,#9555,.T.);
#9557=CARTESIAN_POINT('',(-46.23731517,2.408461315,13.));
#9558=VERTEX_POINT('',#9557);
#9559=CARTESIAN_POINT('',(0.,0.,13.));
#9560=DIRECTION('',(-0.,-0.,-1.));
#9561=DIRECTION('',(1.,0.,-0.));
#9562=AXIS2_PLACEMENT_3D('',#9559,#9560,#9561);
#9563=CIRCLE('',#9562,46.3);
#9564=EDGE_CURVE('',#9549,#9558,#9563,.T.);
#9565=ORIENTED_EDGE('',*,*,#9564,.T.);
#9566=CARTESIAN_POINT('',(-46.220739064,2.70800302,13.));
#9567=DIRECTION('',(-0.,-0.,-1.));
#9568=DIRECTION('',(1.,0.,-0.));
#9569=AXIS2_PLACEMENT_3D('',#9566,#9567,#9568);
#9570=CIRCLE('',#9569,0.3);
#9571=EDGE_CURVE('',#9558,#9428,#9570,.T.);
#9572=ORIENTED_EDGE('',*,*,#9571,.T.);
#9573=ORIENTED_EDGE('',*,*,#9433,.F.);
#9574=CARTESIAN_POINT('',(-46.436833338,2.422913434,13.));
#9575=VERTEX_POINT('',#9574);
#9576=CARTESIAN_POINT('',(-46.460201274,1.923459793,13.));
#9577=DIRECTION('',(0.,-0.,1.));
#9578=DIRECTION('',(0.,1.,0.));
#9579=AXIS2_PLACEMENT_3D('',#9576,#9577,#9578);
#9580=CIRCLE('',#9579,0.5);
#9581=EDGE_CURVE('',#9426,#9575,#9580,.T.);
#9582=ORIENTED_EDGE('',*,*,#9581,.T.);
#9583=CARTESIAN_POINT('',(-46.436833338,-2.422913434,13.));
#9584=VERTEX_POINT('',#9583);
#9585=CARTESIAN_POINT('',(0.,-0.,13.));
#9586=DIRECTION('',(0.,-0.,1.));
#9587=DIRECTION('',(0.,1.,0.));
#9588=AXIS2_PLACEMENT_3D('',#9585,#9586,#9587);
#9589=CIRCLE('',#9588,46.5);
#9590=EDGE_CURVE('',#9575,#9584,#9589,.T.);
#9591=ORIENTED_EDGE('',*,*,#9590,.T.);
#9592=CARTESIAN_POINT('',(-46.460201274,-1.923459793,13.));
#9593=DIRECTION('',(0.,-0.,1.));
#9594=DIRECTION('',(0.,1.,0.));
#9595=AXIS2_PLACEMENT_3D('',#9592,#9593,#9594);
#9596=CIRCLE('',#9595,0.5);
#9597=EDGE_CURVE('',#9584,#9526,#9596,.T.);
#9598=ORIENTED_EDGE('',*,*,#9597,.T.);
#9599=EDGE_LOOP('',(#9547,#9556,#9565,#9572,#9573,#9582,#9591,#9598));
#9600=FACE_BOUND('',#9599,.T.);
#9601=ADVANCED_FACE('',(#9600),#9546,.T.);
#9602=CARTESIAN_POINT('',(0.,0.,1.));
#9603=DIRECTION('',(0.,0.,1.));
#9604=DIRECTION('',(0.,1.,0.));
#9605=AXIS2_PLACEMENT_3D('',#9602,#9603,#9604);
#9606=PLANE('',#9605);
#9607=ORIENTED_EDGE('',*,*,#9449,.T.);
#9608=CARTESIAN_POINT('',(-46.23731517,2.408461315,1.));
#9609=VERTEX_POINT('',#9608);
#9610=CARTESIAN_POINT('',(-46.220739064,2.70800302,1.));
#9611=DIRECTION('',(0.,0.,1.));
#9612=DIRECTION('',(1.,0.,-0.));
#9613=AXIS2_PLACEMENT_3D('',#9610,#9611,#9612);
#9614=CIRCLE('',#9613,0.3);
#9615=EDGE_CURVE('',#9436,#9609,#9614,.T.);
#9616=ORIENTED_EDGE('',*,*,#9615,.T.);
#9617=CARTESIAN_POINT('',(-46.23731517,-2.408461315,1.));
#9618=VERTEX_POINT('',#9617);
#9619=CARTESIAN_POINT('',(0.,0.,1.));
#9620=DIRECTION('',(0.,0.,1.));
#9621=DIRECTION('',(1.,0.,-0.));
#9622=AXIS2_PLACEMENT_3D('',#9619,#9620,#9621);
#9623=CIRCLE('',#9622,46.3);
#9624=EDGE_CURVE('',#9609,#9618,#9623,.T.);
#9625=ORIENTED_EDGE('',*,*,#9624,.T.);
#9626=CARTESIAN_POINT('',(-46.220739064,-2.70800302,1.));
#9627=DIRECTION('',(0.,0.,1.));
#9628=DIRECTION('',(1.,0.,-0.));
#9629=AXIS2_PLACEMENT_3D('',#9626,#9627,#9628);
#9630=CIRCLE('',#9629,0.3);
#9631=EDGE_CURVE('',#9618,#9510,#9630,.T.);
#9632=ORIENTED_EDGE('',*,*,#9631,.T.);
#9633=ORIENTED_EDGE('',*,*,#9515,.F.);
#9634=CARTESIAN_POINT('',(-46.436833338,-2.422913434,1.));
#9635=VERTEX_POINT('',#9634);
#9636=CARTESIAN_POINT('',(-46.460201274,-1.923459793,1.));
#9637=DIRECTION('',(-0.,0.,-1.));
#9638=DIRECTION('',(0.,1.,0.));
#9639=AXIS2_PLACEMENT_3D('',#9636,#9637,#9638);
#9640=CIRCLE('',#9639,0.5);
#9641=EDGE_CURVE('',#9508,#9635,#9640,.T.);
#9642=ORIENTED_EDGE('',*,*,#9641,.T.);
#9643=CARTESIAN_POINT('',(-46.436833338,2.422913434,1.));
#9644=VERTEX_POINT('',#9643);
#9645=CARTESIAN_POINT('',(0.,-0.,1.));
#9646=DIRECTION('',(-0.,0.,-1.));
#9647=DIRECTION('',(0.,1.,0.));
#9648=AXIS2_PLACEMENT_3D('',#9645,#9646,#9647);
#9649=CIRCLE('',#9648,46.5);
#9650=EDGE_CURVE('',#9635,#9644,#9649,.T.);
#9651=ORIENTED_EDGE('',*,*,#9650,.T.);
#9652=CARTESIAN_POINT('',(-46.460201274,1.923459793,1.));
#9653=DIRECTION('',(-0.,0.,-1.));
#9654=DIRECTION('',(0.,1.,0.));
#9655=AXIS2_PLACEMENT_3D('',#9652,#9653,#9654);
#9656=CIRCLE('',#9655,0.5);
#9657=EDGE_CURVE('',#9644,#9444,#9656,.T.);
#9658=ORIENTED_EDGE('',*,*,#9657,.T.);
#9659=EDGE_LOOP('',(#9607,#9616,#9625,#9632,#9633,#9642,#9651,#9658));
#9660=FACE_BOUND('',#9659,.T.);
#9661=ADVANCED_FACE('',(#9660),#9606,.F.);
#9662=CARTESIAN_POINT('',(-46.460201274,-1.923459793,13.));
#9663=DIRECTION('',(-0.,0.,-1.));
#9664=DIRECTION('',(-0.,-1.,0.));
#9665=AXIS2_PLACEMENT_3D('',#9662,#9663,#9664);
#9666=CYLINDRICAL_SURFACE('',#9665,0.5);
#9667=CARTESIAN_POINT('',(-46.46020126,-2.423446549,1.000559165));
#9668=VERTEX_POINT('',#9667);
#9669=CARTESIAN_POINT('',(-46.46020126,-2.423446549,12.999440835));
#9670=VERTEX_POINT('',#9669);
#9671=CARTESIAN_POINT('',(-46.460201274,-2.423459793,1.000559165));
#9672=DIRECTION('',(-0.,-0.,1.));
#9673=VECTOR('',#9672,11.99888167);
#9674=LINE('',#9671,#9673);
#9675=EDGE_CURVE('',#9668,#9670,#9674,.T.);
#9676=ORIENTED_EDGE('',*,*,#9675,.T.);
#9677=CARTESIAN_POINT('',(-46.959773331,-1.944142156,12.5));
#9678=CARTESIAN_POINT('',(-46.957423366,-2.000904371,12.556506703));
#9679=CARTESIAN_POINT('',(-46.945714592,-2.056498082,12.612239113));
#9680=CARTESIAN_POINT('',(-46.923820421,-2.11069571,12.667054059));
#9681=CARTESIAN_POINT('',(-46.901926251,-2.164893337,12.721869005));
#9682=CARTESIAN_POINT('',(-46.870713615,-2.215907106,12.773952802));
#9683=CARTESIAN_POINT('',(-46.827564912,-2.262641098,12.822374902));
#9684=CARTESIAN_POINT('',(-46.784416208,-2.30937509,12.870797003));
#9685=CARTESIAN_POINT('',(-46.729747765,-2.350883026,12.914603145));
#9686=CARTESIAN_POINT('',(-46.662910134,-2.380525563,12.947220808));
#9687=CARTESIAN_POINT('',(-46.596072502,-2.410168099,12.979838471));
#9688=CARTESIAN_POINT('',(-46.517595086,-2.426692033,13.));
#9689=CARTESIAN_POINT('',(-46.436833338,-2.422913434,13.));
#9690=B_SPLINE_CURVE_WITH_KNOTS('',3,(#9677,#9678,#9679,#9680,#9681,#9682,#9683,#9684,#9685,#9686,#9687,#9688,#9689),.UNSPECIFIED.,.F.,.F.,(4,3,3,3,4),(0.,0.000238356,0.000476713,0.000715069,0.000953425),.UNSPECIFIED.);
#9691=EDGE_CURVE('',#9466,#9670,#9690,.T.);
#9692=ORIENTED_EDGE('',*,*,#9691,.F.);
#9693=ORIENTED_EDGE('',*,*,#9497,.F.);
#9694=CARTESIAN_POINT('',(-46.436833338,-2.422913434,1.));
#9695=CARTESIAN_POINT('',(-46.517595086,-2.426692033,1.));
#9696=CARTESIAN_POINT('',(-46.596072502,-2.410168099,1.020161529));
#9697=CARTESIAN_POINT('',(-46.662910134,-2.380525563,1.052779192));
#9698=CARTESIAN_POINT('',(-46.729747765,-2.350883026,1.085396855));
#9699=CARTESIAN_POINT('',(-46.784416208,-2.30937509,1.129202997));
#9700=CARTESIAN_POINT('',(-46.827564912,-2.262641098,1.177625098));
#9701=CARTESIAN_POINT('',(-46.870713615,-2.215907106,1.226047198));
#9702=CARTESIAN_POINT('',(-46.901926251,-2.164893337,1.278130995));
#9703=CARTESIAN_POINT('',(-46.923820421,-2.11069571,1.332945941));
#9704=CARTESIAN_POINT('',(-46.945714592,-2.056498082,1.387760887));
#9705=CARTESIAN_POINT('',(-46.957423413,-2.000903229,1.443492149));
#9706=CARTESIAN_POINT('',(-46.959773331,-1.944142156,1.5));
#9707=B_SPLINE_CURVE_WITH_KNOTS('',3,(#9694,#9695,#9696,#9697,#9698,#9699,#9700,#9701,#9702,#9703,#9704,#9705,#9706),.UNSPECIFIED.,.F.,.F.,(4,3,3,3,4),(0.,0.000238356,0.000476713,0.000715069,0.000953425),.UNSPECIFIED.);
#9708=EDGE_CURVE('',#9668,#9485,#9707,.T.);
#9709=ORIENTED_EDGE('',*,*,#9708,.F.);
#9710=EDGE_LOOP('',(#9676,#9692,#9693,#9709));
#9711=FACE_BOUND('',#9710,.T.);
#9712=ADVANCED_FACE('',(#9711),#9666,.T.);
#9713=CARTESIAN_POINT('',(0.,-0.,12.5));
#9714=DIRECTION('',(0.,-0.,1.));
#9715=DIRECTION('',(0.,1.,0.));
#9716=AXIS2_PLACEMENT_3D('',#9713,#9714,#9715);
#9717=TOROIDAL_SURFACE('',#9716,46.5,0.5);
#9718=ORIENTED_EDGE('',*,*,#9691,.T.);
#9719=CARTESIAN_POINT('',(-46.959773331,-1.944142156,12.5));
#9720=CARTESIAN_POINT('',(-46.957423366,-2.000904371,12.556506703));
#9721=CARTESIAN_POINT('',(-46.945714592,-2.056498082,12.612239113));
#9722=CARTESIAN_POINT('',(-46.923820421,-2.11069571,12.667054059));
#9723=CARTESIAN_POINT('',(-46.901926251,-2.164893337,12.721869005));
#9724=CARTESIAN_POINT('',(-46.870713615,-2.215907106,12.773952802));
#9725=CARTESIAN_POINT('',(-46.827564912,-2.262641098,12.822374902));
#9726=CARTESIAN_POINT('',(-46.784416208,-2.30937509,12.870797003));
#9727=CARTESIAN_POINT('',(-46.729747765,-2.350883026,12.914603145));
#9728=CARTESIAN_POINT('',(-46.662910134,-2.380525563,12.947220808));
#9729=CARTESIAN_POINT('',(-46.596072502,-2.410168099,12.979838471));
#9730=CARTESIAN_POINT('',(-46.517595086,-2.426692033,13.));
#9731=CARTESIAN_POINT('',(-46.436833338,-2.422913434,13.));
#9732=B_SPLINE_CURVE_WITH_KNOTS('',3,(#9719,#9720,#9721,#9722,#9723,#9724,#9725,#9726,#9727,#9728,#9729,#9730,#9731),.UNSPECIFIED.,.F.,.F.,(4,3,3,3,4),(0.,0.000238356,0.000476713,0.000715069,0.000953425),.UNSPECIFIED.);
#9733=EDGE_CURVE('',#9670,#9584,#9732,.T.);
#9734=ORIENTED_EDGE('',*,*,#9733,.T.);
#9735=ORIENTED_EDGE('',*,*,#9590,.F.);
#9736=CARTESIAN_POINT('',(-46.959773331,1.944142156,12.5));
#9737=CARTESIAN_POINT('',(-46.957423413,2.000903229,12.556507851));
#9738=CARTESIAN_POINT('',(-46.945714592,2.056498082,12.612239113));
#9739=CARTESIAN_POINT('',(-46.923820421,2.11069571,12.667054059));
#9740=CARTESIAN_POINT('',(-46.901926251,2.164893337,12.721869005));
#9741=CARTESIAN_POINT('',(-46.870713615,2.215907106,12.773952802));
#9742=CARTESIAN_POINT('',(-46.827564912,2.262641098,12.822374902));
#9743=CARTESIAN_POINT('',(-46.784416208,2.30937509,12.870797003));
#9744=CARTESIAN_POINT('',(-46.729747765,2.350883026,12.914603145));
#9745=CARTESIAN_POINT('',(-46.662910134,2.380525563,12.947220808));
#9746=CARTESIAN_POINT('',(-46.596072502,2.410168099,12.979838471));
#9747=CARTESIAN_POINT('',(-46.517595086,2.426692033,13.));
#9748=CARTESIAN_POINT('',(-46.436833338,2.422913434,13.));
#9749=B_SPLINE_CURVE_WITH_KNOTS('',3,(#9736,#9737,#9738,#9739,#9740,#9741,#9742,#9743,#9744,#9745,#9746,#9747,#9748),.UNSPECIFIED.,.F.,.F.,(4,3,3,3,4),(0.,0.000238356,0.000476713,0.000715069,0.000953425),.UNSPECIFIED.);
#9750=EDGE_CURVE('',#9468,#9575,#9749,.T.);
#9751=ORIENTED_EDGE('',*,*,#9750,.F.);
#9752=ORIENTED_EDGE('',*,*,#9474,.F.);
#9753=EDGE_LOOP('',(#9718,#9734,#9735,#9751,#9752));
#9754=FACE_BOUND('',#9753,.T.);
#9755=ADVANCED_FACE('',(#9754),#9717,.T.);
#9756=CARTESIAN_POINT('',(0.,-0.,1.5));
#9757=DIRECTION('',(0.,-0.,1.));
#9758=DIRECTION('',(0.,1.,0.));
#9759=AXIS2_PLACEMENT_3D('',#9756,#9757,#9758);
#9760=TOROIDAL_SURFACE('',#9759,46.5,0.5);
#9761=CARTESIAN_POINT('',(-46.436833338,-2.422913434,1.));
#9762=CARTESIAN_POINT('',(-46.517595086,-2.426692033,1.));
#9763=CARTESIAN_POINT('',(-46.596072502,-2.410168099,1.020161529));
#9764=CARTESIAN_POINT('',(-46.662910134,-2.380525563,1.052779192));
#9765=CARTESIAN_POINT('',(-46.729747765,-2.350883026,1.085396855));
#9766=CARTESIAN_POINT('',(-46.784416208,-2.30937509,1.129202997));
#9767=CARTESIAN_POINT('',(-46.827564912,-2.262641098,1.177625098));
#9768=CARTESIAN_POINT('',(-46.870713615,-2.215907106,1.226047198));
#9769=CARTESIAN_POINT('',(-46.901926251,-2.164893337,1.278130995));
#9770=CARTESIAN_POINT('',(-46.923820421,-2.11069571,1.332945941));
#9771=CARTESIAN_POINT('',(-46.945714592,-2.056498082,1.387760887));
#9772=CARTESIAN_POINT('',(-46.957423413,-2.000903229,1.443492149));
#9773=CARTESIAN_POINT('',(-46.959773331,-1.944142156,1.5));
#9774=B_SPLINE_CURVE_WITH_KNOTS('',3,(#9761,#9762,#9763,#9764,#9765,#9766,#9767,#9768,#9769,#9770,#9771,#9772,#9773),.UNSPECIFIED.,.F.,.F.,(4,3,3,3,4),(0.,0.000238356,0.000476713,0.000715069,0.000953425),.UNSPECIFIED.);
#9775=EDGE_CURVE('',#9635,#9668,#9774,.T.);
#9776=ORIENTED_EDGE('',*,*,#9775,.T.);
#9777=ORIENTED_EDGE('',*,*,#9708,.T.);
#9778=ORIENTED_EDGE('',*,*,#9491,.F.);
#9779=CARTESIAN_POINT('',(-46.436833338,2.422913434,1.));
#9780=CARTESIAN_POINT('',(-46.517595086,2.426692033,1.));
#9781=CARTESIAN_POINT('',(-46.596072502,2.410168099,1.020161529));
#9782=CARTESIAN_POINT('',(-46.662910134,2.380525563,1.052779192));
#9783=CARTESIAN_POINT('',(-46.729747765,2.350883026,1.085396855));
#9784=CARTESIAN_POINT('',(-46.784416208,2.30937509,1.129202997));
#9785=CARTESIAN_POINT('',(-46.827564912,2.262641098,1.177625098));
#9786=CARTESIAN_POINT('',(-46.870713615,2.215907106,1.226047198));
#9787=CARTESIAN_POINT('',(-46.901926251,2.164893337,1.278130995));
#9788=CARTESIAN_POINT('',(-46.923820421,2.11069571,1.332945941));
#9789=CARTESIAN_POINT('',(-46.945714592,2.056498082,1.387760887));
#9790=CARTESIAN_POINT('',(-46.957423366,2.000904371,1.443493297));
#9791=CARTESIAN_POINT('',(-46.959773331,1.944142156,1.5));
#9792=B_SPLINE_CURVE_WITH_KNOTS('',3,(#9779,#9780,#9781,#9782,#9783,#9784,#9785,#9786,#9787,#9788,#9789,#9790,#9791),.UNSPECIFIED.,.F.,.F.,(4,3,3,3,4),(0.,0.000238356,0.000476713,0.000715069,0.000953425),.UNSPECIFIED.);
#9793=EDGE_CURVE('',#9644,#9477,#9792,.T.);
#9794=ORIENTED_EDGE('',*,*,#9793,.F.);
#9795=ORIENTED_EDGE('',*,*,#9650,.F.);
#9796=EDGE_LOOP('',(#9776,#9777,#9778,#9794,#9795));
#9797=FACE_BOUND('',#9796,.T.);
#9798=ADVANCED_FACE('',(#9797),#9760,.T.);
#9799=CARTESIAN_POINT('',(-46.460201274,1.923459793,13.));
#9800=DIRECTION('',(-0.,0.,-1.));
#9801=DIRECTION('',(-0.,-1.,0.));
#9802=AXIS2_PLACEMENT_3D('',#9799,#9800,#9801);
#9803=CYLINDRICAL_SURFACE('',#9802,0.5);
#9804=ORIENTED_EDGE('',*,*,#9581,.F.);
#9805=ORIENTED_EDGE('',*,*,#9455,.F.);
#9806=ORIENTED_EDGE('',*,*,#9657,.F.);
#9807=ORIENTED_EDGE('',*,*,#9793,.T.);
#9808=ORIENTED_EDGE('',*,*,#9482,.F.);
#9809=ORIENTED_EDGE('',*,*,#9750,.T.);
#9810=EDGE_LOOP('',(#9804,#9805,#9806,#9807,#9808,#9809));
#9811=FACE_BOUND('',#9810,.T.);
#9812=ADVANCED_FACE('',(#9811),#9803,.T.);
#9813=CARTESIAN_POINT('',(-45.481668637,-9.678207705,13.));
#9814=DIRECTION('',(-0.187240984,0.98231401,0.));
#9815=DIRECTION('',(-0.98231401,-0.187240984,0.));
#9816=AXIS2_PLACEMENT_3D('',#9813,#9814,#9815);
#9817=PLANE('',#9816);
#9818=CARTESIAN_POINT('',(-45.468556824,-9.675708435,13.));
#9819=VERTEX_POINT('',#9818);
#9820=CARTESIAN_POINT('',(-45.290516033,-9.641771697,13.));
#9821=VERTEX_POINT('',#9820);
#9822=CARTESIAN_POINT('',(-45.468556824,-9.675708435,13.));
#9823=DIRECTION('',(0.98231401,0.187240984,0.));
#9824=VECTOR('',#9823,0.181246312);
#9825=LINE('',#9822,#9824);
#9826=EDGE_CURVE('',#9819,#9821,#9825,.T.);
#9827=ORIENTED_EDGE('',*,*,#9826,.T.);
#9828=CARTESIAN_POINT('',(-45.290516033,-9.641771697,1.));
#9829=VERTEX_POINT('',#9828);
#9830=CARTESIAN_POINT('',(-45.290516033,-9.641771697,13.));
#9831=DIRECTION('',(0.,0.,-1.));
#9832=VECTOR('',#9831,12.);
#9833=LINE('',#9830,#9832);
#9834=EDGE_CURVE('',#9821,#9829,#9833,.T.);
#9835=ORIENTED_EDGE('',*,*,#9834,.T.);
#9836=CARTESIAN_POINT('',(-45.468556824,-9.675708435,1.));
#9837=VERTEX_POINT('',#9836);
#9838=CARTESIAN_POINT('',(-45.468556824,-9.675708435,1.));
#9839=DIRECTION('',(0.98231401,0.187240984,0.));
#9840=VECTOR('',#9839,0.181246312);
#9841=LINE('',#9838,#9840);
#9842=EDGE_CURVE('',#9837,#9829,#9841,.T.);
#9843=ORIENTED_EDGE('',*,*,#9842,.F.);
#9844=CARTESIAN_POINT('',(-45.468556824,-9.675708435,1.));
#9845=DIRECTION('',(0.,0.,1.));
#9846=VECTOR('',#9845,12.);
#9847=LINE('',#9844,#9846);
#9848=EDGE_CURVE('',#9837,#9819,#9847,.T.);
#9849=ORIENTED_EDGE('',*,*,#9848,.T.);
#9850=EDGE_LOOP('',(#9827,#9835,#9843,#9849));
#9851=FACE_BOUND('',#9850,.T.);
#9852=ADVANCED_FACE('',(#9851),#9817,.T.);
#9853=CARTESIAN_POINT('',(0.,0.,13.));
#9854=DIRECTION('',(0.,0.,-1.));
#9855=DIRECTION('',(0.258819045,-0.965925826,0.));
#9856=AXIS2_PLACEMENT_3D('',#9853,#9854,#9855);
#9857=CYLINDRICAL_SURFACE('',#9856,47.);
#9858=CARTESIAN_POINT('',(-44.856476841,-14.03198081,12.5));
#9859=VERTEX_POINT('',#9858);
#9860=CARTESIAN_POINT('',(-45.862838873,-10.276186573,12.5));
#9861=VERTEX_POINT('',#9860);
#9862=CARTESIAN_POINT('',(0.,0.,12.5));
#9863=DIRECTION('',(-0.,-0.,-1.));
#9864=DIRECTION('',(-0.258819045,0.965925826,0.));
#9865=AXIS2_PLACEMENT_3D('',#9862,#9863,#9864);
#9866=CIRCLE('',#9865,47.);
#9867=EDGE_CURVE('',#9859,#9861,#9866,.T.);
#9868=ORIENTED_EDGE('',*,*,#9867,.T.);
#9869=CARTESIAN_POINT('',(-45.862838873,-10.276186573,1.5));
#9870=VERTEX_POINT('',#9869);
#9871=CARTESIAN_POINT('',(-45.862838873,-10.276186573,12.5));
#9872=DIRECTION('',(0.,0.,-1.));
#9873=VECTOR('',#9872,11.);
#9874=LINE('',#9871,#9873);
#9875=EDGE_CURVE('',#9861,#9870,#9874,.T.);
#9876=ORIENTED_EDGE('',*,*,#9875,.T.);
#9877=CARTESIAN_POINT('',(-44.856476841,-14.03198081,1.5));
#9878=VERTEX_POINT('',#9877);
#9879=CARTESIAN_POINT('',(0.,0.,1.5));
#9880=DIRECTION('',(0.,0.,1.));
#9881=DIRECTION('',(-0.258819045,0.965925826,0.));
#9882=AXIS2_PLACEMENT_3D('',#9879,#9880,#9881);
#9883=CIRCLE('',#9882,47.);
#9884=EDGE_CURVE('',#9870,#9878,#9883,.T.);
#9885=ORIENTED_EDGE('',*,*,#9884,.T.);
#9886=CARTESIAN_POINT('',(-44.856476841,-14.03198081,1.5));
#9887=DIRECTION('',(-0.,-0.,1.));
#9888=VECTOR('',#9887,11.);
#9889=LINE('',#9886,#9888);
#9890=EDGE_CURVE('',#9878,#9859,#9889,.T.);
#9891=ORIENTED_EDGE('',*,*,#9890,.T.);
#9892=EDGE_LOOP('',(#9868,#9876,#9885,#9891));
#9893=FACE_BOUND('',#9892,.T.);
#9894=ADVANCED_FACE('',(#9893),#9857,.T.);
#9895=CARTESIAN_POINT('',(-44.227384299,-14.359260582,13.));
#9896=DIRECTION('',(-0.329001556,0.944329379,0.));
#9897=DIRECTION('',(-0.944329379,-0.329001556,0.));
#9898=AXIS2_PLACEMENT_3D('',#9895,#9896,#9897);
#9899=PLANE('',#9898);
#9900=CARTESIAN_POINT('',(-44.2147795,-14.354869108,1.));
#9901=VERTEX_POINT('',#9900);
#9902=CARTESIAN_POINT('',(-44.043623283,-14.295238789,1.));
#9903=VERTEX_POINT('',#9902);
#9904=CARTESIAN_POINT('',(-44.2147795,-14.354869108,1.));
#9905=DIRECTION('',(0.944329379,0.329001556,0.));
#9906=VECTOR('',#9905,0.181246312);
#9907=LINE('',#9904,#9906);
#9908=EDGE_CURVE('',#9901,#9903,#9907,.T.);
#9909=ORIENTED_EDGE('',*,*,#9908,.T.);
#9910=CARTESIAN_POINT('',(-44.043623283,-14.295238789,13.));
#9911=VERTEX_POINT('',#9910);
#9912=CARTESIAN_POINT('',(-44.043623283,-14.295238789,1.));
#9913=DIRECTION('',(0.,0.,1.));
#9914=VECTOR('',#9913,12.);
#9915=LINE('',#9912,#9914);
#9916=EDGE_CURVE('',#9903,#9911,#9915,.T.);
#9917=ORIENTED_EDGE('',*,*,#9916,.T.);
#9918=CARTESIAN_POINT('',(-44.2147795,-14.354869108,13.));
#9919=VERTEX_POINT('',#9918);
#9920=CARTESIAN_POINT('',(-44.2147795,-14.354869108,13.));
#9921=DIRECTION('',(0.944329379,0.329001556,0.));
#9922=VECTOR('',#9921,0.181246312);
#9923=LINE('',#9920,#9922);
#9924=EDGE_CURVE('',#9919,#9911,#9923,.T.);
#9925=ORIENTED_EDGE('',*,*,#9924,.F.);
#9926=CARTESIAN_POINT('',(-44.2147795,-14.354869108,13.));
#9927=DIRECTION('',(0.,0.,-1.));
#9928=VECTOR('',#9927,12.);
#9929=LINE('',#9926,#9928);
#9930=EDGE_CURVE('',#9919,#9901,#9929,.T.);
#9931=ORIENTED_EDGE('',*,*,#9930,.T.);
#9932=EDGE_LOOP('',(#9909,#9917,#9925,#9931));
#9933=FACE_BOUND('',#9932,.T.);
#9934=ADVANCED_FACE('',(#9933),#9899,.F.);
#9935=CARTESIAN_POINT('',(0.,0.,13.));
#9936=DIRECTION('',(0.,0.,1.));
#9937=DIRECTION('',(-0.258819045,0.965925826,0.));
#9938=AXIS2_PLACEMENT_3D('',#9935,#9936,#9937);
#9939=PLANE('',#9938);
#9940=ORIENTED_EDGE('',*,*,#9924,.T.);
#9941=CARTESIAN_POINT('',(-44.038461203,-14.293492747,13.));
#9942=VERTEX_POINT('',#9941);
#9943=CARTESIAN_POINT('',(-43.944922817,-14.578537603,13.));
#9944=DIRECTION('',(-0.,-0.,-1.));
#9945=DIRECTION('',(1.,0.,-0.));
#9946=AXIS2_PLACEMENT_3D('',#9943,#9944,#9945);
#9947=CIRCLE('',#9946,0.3);
#9948=EDGE_CURVE('',#9911,#9942,#9947,.T.);
#9949=ORIENTED_EDGE('',*,*,#9948,.T.);
#9950=CARTESIAN_POINT('',(-45.285172518,-9.640702774,13.));
#9951=VERTEX_POINT('',#9950);
#9952=CARTESIAN_POINT('',(0.,0.,13.));
#9953=DIRECTION('',(-0.,-0.,-1.));
#9954=DIRECTION('',(1.,0.,-0.));
#9955=AXIS2_PLACEMENT_3D('',#9952,#9953,#9954);
#9956=CIRCLE('',#9955,46.3);
#9957=EDGE_CURVE('',#9942,#9951,#9956,.T.);
#9958=ORIENTED_EDGE('',*,*,#9957,.T.);
#9959=CARTESIAN_POINT('',(-45.346688328,-9.347077494,13.));
#9960=DIRECTION('',(-0.,-0.,-1.));
#9961=DIRECTION('',(1.,0.,-0.));
#9962=AXIS2_PLACEMENT_3D('',#9959,#9960,#9961);
#9963=CIRCLE('',#9962,0.3);
#9964=EDGE_CURVE('',#9951,#9821,#9963,.T.);
#9965=ORIENTED_EDGE('',*,*,#9964,.T.);
#9966=ORIENTED_EDGE('',*,*,#9826,.F.);
#9967=CARTESIAN_POINT('',(-45.481632754,-9.678382202,13.));
#9968=VERTEX_POINT('',#9967);
#9969=CARTESIAN_POINT('',(-45.374936332,-10.16686544,13.));
#9970=DIRECTION('',(0.,0.,1.));
#9971=DIRECTION('',(-0.258819045,0.965925826,0.));
#9972=AXIS2_PLACEMENT_3D('',#9969,#9970,#9971);
#9973=CIRCLE('',#9972,0.5);
#9974=EDGE_CURVE('',#9819,#9968,#9973,.T.);
#9975=ORIENTED_EDGE('',*,*,#9974,.T.);
#9976=CARTESIAN_POINT('',(-44.227440471,-14.359091523,13.));
#9977=VERTEX_POINT('',#9976);
#9978=CARTESIAN_POINT('',(0.,0.,13.));
#9979=DIRECTION('',(0.,0.,1.));
#9980=DIRECTION('',(-0.258819045,0.965925826,0.));
#9981=AXIS2_PLACEMENT_3D('',#9978,#9979,#9980);
#9982=CIRCLE('',#9981,46.5);
#9983=EDGE_CURVE('',#9968,#9977,#9982,.T.);
#9984=ORIENTED_EDGE('',*,*,#9983,.T.);
#9985=CARTESIAN_POINT('',(-44.379280278,-13.882704419,13.));
#9986=DIRECTION('',(0.,0.,1.));
#9987=DIRECTION('',(-0.258819045,0.965925826,0.));
#9988=AXIS2_PLACEMENT_3D('',#9985,#9986,#9987);
#9989=CIRCLE('',#9988,0.5);
#9990=EDGE_CURVE('',#9977,#9919,#9989,.T.);
#9991=ORIENTED_EDGE('',*,*,#9990,.T.);
#9992=EDGE_LOOP('',(#9940,#9949,#9958,#9965,#9966,#9975,#9984,#9991));
#9993=FACE_BOUND('',#9992,.T.);
#9994=ADVANCED_FACE('',(#9993),#9939,.T.);
#9995=CARTESIAN_POINT('',(0.,0.,1.));
#9996=DIRECTION('',(0.,0.,1.));
#9997=DIRECTION('',(-0.258819045,0.965925826,0.));
#9998=AXIS2_PLACEMENT_3D('',#9995,#9996,#9997);
#9999=PLANE('',#9998);
#10000=ORIENTED_EDGE('',*,*,#9842,.T.);
#10001=CARTESIAN_POINT('',(-45.285172518,-9.640702774,1.));
#10002=VERTEX_POINT('',#10001);
#10003=CARTESIAN_POINT('',(-45.346688328,-9.347077494,1.));
#10004=DIRECTION('',(0.,0.,1.));
#10005=DIRECTION('',(1.,0.,-0.));
#10006=AXIS2_PLACEMENT_3D('',#10003,#10004,#10005);
#10007=CIRCLE('',#10006,0.3);
#10008=EDGE_CURVE('',#9829,#10002,#10007,.T.);
#10009=ORIENTED_EDGE('',*,*,#10008,.T.);
#10010=CARTESIAN_POINT('',(-44.038461203,-14.293492747,1.));
#10011=VERTEX_POINT('',#10010);
#10012=CARTESIAN_POINT('',(0.,0.,1.));
#10013=DIRECTION('',(0.,0.,1.));
#10014=DIRECTION('',(1.,0.,-0.));
#10015=AXIS2_PLACEMENT_3D('',#10012,#10013,#10014);
#10016=CIRCLE('',#10015,46.3);
#10017=EDGE_CURVE('',#10002,#10011,#10016,.T.);
#10018=ORIENTED_EDGE('',*,*,#10017,.T.);
#10019=CARTESIAN_POINT('',(-43.944922817,-14.578537603,1.));
#10020=DIRECTION('',(0.,0.,1.));
#10021=DIRECTION('',(1.,0.,-0.));
#10022=AXIS2_PLACEMENT_3D('',#10019,#10020,#10021);
#10023=CIRCLE('',#10022,0.3);
#10024=EDGE_CURVE('',#10011,#9903,#10023,.T.);
#10025=ORIENTED_EDGE('',*,*,#10024,.T.);
#10026=ORIENTED_EDGE('',*,*,#9908,.F.);
#10027=CARTESIAN_POINT('',(-44.227440471,-14.359091523,1.));
#10028=VERTEX_POINT('',#10027);
#10029=CARTESIAN_POINT('',(-44.379280278,-13.882704419,1.));
#10030=DIRECTION('',(-0.,-0.,-1.));
#10031=DIRECTION('',(-0.258819045,0.965925826,0.));
#10032=AXIS2_PLACEMENT_3D('',#10029,#10030,#10031);
#10033=CIRCLE('',#10032,0.5);
#10034=EDGE_CURVE('',#9901,#10028,#10033,.T.);
#10035=ORIENTED_EDGE('',*,*,#10034,.T.);
#10036=CARTESIAN_POINT('',(-45.481632754,-9.678382202,1.));
#10037=VERTEX_POINT('',#10036);
#10038=CARTESIAN_POINT('',(0.,0.,1.));
#10039=DIRECTION('',(-0.,-0.,-1.));
#10040=DIRECTION('',(-0.258819045,0.965925826,0.));
#10041=AXIS2_PLACEMENT_3D('',#10038,#10039,#10040);
#10042=CIRCLE('',#10041,46.5);
#10043=EDGE_CURVE('',#10028,#10037,#10042,.T.);
#10044=ORIENTED_EDGE('',*,*,#10043,.T.);
#10045=CARTESIAN_POINT('',(-45.374936332,-10.16686544,1.));
#10046=DIRECTION('',(-0.,-0.,-1.));
#10047=DIRECTION('',(-0.258819045,0.965925826,0.));
#10048=AXIS2_PLACEMENT_3D('',#10045,#10046,#10047);
#10049=CIRCLE('',#10048,0.5);
#10050=EDGE_CURVE('',#10037,#9837,#10049,.T.);
#10051=ORIENTED_EDGE('',*,*,#10050,.T.);
#10052=EDGE_LOOP('',(#10000,#10009,#10018,#10025,#10026,#10035,#10044,#10051));
#10053=FACE_BOUND('',#10052,.T.);
#10054=ADVANCED_FACE('',(#10053),#9999,.F.);
#10055=CARTESIAN_POINT('',(-44.379280278,-13.882704419,13.));
#10056=DIRECTION('',(0.,0.,-1.));
#10057=DIRECTION('',(0.258819045,-0.965925826,0.));
#10058=AXIS2_PLACEMENT_3D('',#10055,#10056,#10057);
#10059=CYLINDRICAL_SURFACE('',#10058,0.5);
#10060=CARTESIAN_POINT('',(-44.24987417,-14.365654536,1.000559165));
#10061=VERTEX_POINT('',#10060);
#10062=CARTESIAN_POINT('',(-44.24987417,-14.365654536,12.999440835));
#10063=VERTEX_POINT('',#10062);
#10064=CARTESIAN_POINT('',(-44.249870756,-14.365667332,1.000559165));
#10065=DIRECTION('',(-0.,-0.,1.));
#10066=VECTOR('',#10065,11.99888167);
#10067=LINE('',#10064,#10066);
#10068=EDGE_CURVE('',#10061,#10063,#10067,.T.);
#10069=ORIENTED_EDGE('',*,*,#10068,.T.);
#10070=CARTESIAN_POINT('',(-44.856476841,-14.03198081,12.5));
#10071=CARTESIAN_POINT('',(-44.839515807,-14.086200684,12.556506703));
#10072=CARTESIAN_POINT('',(-44.813817288,-14.136869632,12.612239113));
#10073=CARTESIAN_POINT('',(-44.778641765,-14.183553891,12.667054059));
#10074=CARTESIAN_POINT('',(-44.743466242,-14.230238151,12.721869005));
#10075=CARTESIAN_POINT('',(-44.700113816,-14.271435243,12.773952802));
#10076=CARTESIAN_POINT('',(-44.646339722,-14.305409107,12.822374902));
#10077=CARTESIAN_POINT('',(-44.592565628,-14.339382971,12.870797003));
#10078=CARTESIAN_POINT('',(-44.529016923,-14.365327324,12.914603145));
#10079=CARTESIAN_POINT('',(-44.456784675,-14.376660964,12.947220808));
#10080=CARTESIAN_POINT('',(-44.384552428,-14.387994604,12.979838471));
#10081=CARTESIAN_POINT('',(-44.304472355,-14.383644048,13.));
#10082=CARTESIAN_POINT('',(-44.227440471,-14.359091523,13.));
#10083=B_SPLINE_CURVE_WITH_KNOTS('',3,(#10070,#10071,#10072,#10073,#10074,#10075,#10076,#10077,#10078,#10079,#10080,#10081,#10082),.UNSPECIFIED.,.F.,.F.,(4,3,3,3,4),(0.,0.000238356,0.000476713,0.000715069,0.000953425),.UNSPECIFIED.);
#10084=EDGE_CURVE('',#9859,#10063,#10083,.T.);
#10085=ORIENTED_EDGE('',*,*,#10084,.F.);
#10086=ORIENTED_EDGE('',*,*,#9890,.F.);
#10087=CARTESIAN_POINT('',(-44.227440471,-14.359091523,1.));
#10088=CARTESIAN_POINT('',(-44.304472355,-14.383644048,1.));
#10089=CARTESIAN_POINT('',(-44.384552428,-14.387994604,1.020161529));
#10090=CARTESIAN_POINT('',(-44.456784675,-14.376660964,1.052779192));
#10091=CARTESIAN_POINT('',(-44.529016923,-14.365327324,1.085396855));
#10092=CARTESIAN_POINT('',(-44.592565628,-14.339382971,1.129202997));
#10093=CARTESIAN_POINT('',(-44.646339722,-14.305409107,1.177625098));
#10094=CARTESIAN_POINT('',(-44.700113816,-14.271435243,1.226047198));
#10095=CARTESIAN_POINT('',(-44.743466242,-14.230238151,1.278130995));
#10096=CARTESIAN_POINT('',(-44.778641765,-14.183553891,1.332945941));
#10097=CARTESIAN_POINT('',(-44.813817288,-14.136869632,1.387760887));
#10098=CARTESIAN_POINT('',(-44.839516148,-14.086199594,1.443492149));
#10099=CARTESIAN_POINT('',(-44.856476841,-14.03198081,1.5));
#10100=B_SPLINE_CURVE_WITH_KNOTS('',3,(#10087,#10088,#10089,#10090,#10091,#10092,#10093,#10094,#10095,#10096,#10097,#10098,#10099),.UNSPECIFIED.,.F.,.F.,(4,3,3,3,4),(0.,0.000238356,0.000476713,0.000715069,0.000953425),.UNSPECIFIED.);
#10101=EDGE_CURVE('',#10061,#9878,#10100,.T.);
#10102=ORIENTED_EDGE('',*,*,#10101,.F.);
#10103=EDGE_LOOP('',(#10069,#10085,#10086,#10102));
#10104=FACE_BOUND('',#10103,.T.);
#10105=ADVANCED_FACE('',(#10104),#10059,.T.);
#10106=CARTESIAN_POINT('',(0.,0.,12.5));
#10107=DIRECTION('',(0.,0.,1.));
#10108=DIRECTION('',(-0.258819045,0.965925826,0.));
#10109=AXIS2_PLACEMENT_3D('',#10106,#10107,#10108);
#10110=TOROIDAL_SURFACE('',#10109,46.5,0.5);
#10111=ORIENTED_EDGE('',*,*,#10084,.T.);
#10112=CARTESIAN_POINT('',(-44.856476841,-14.03198081,12.5));
#10113=CARTESIAN_POINT('',(-44.839515807,-14.086200684,12.556506703));
#10114=CARTESIAN_POINT('',(-44.813817288,-14.136869632,12.612239113));
#10115=CARTESIAN_POINT('',(-44.778641765,-14.183553891,12.667054059));
#10116=CARTESIAN_POINT('',(-44.743466242,-14.230238151,12.721869005));
#10117=CARTESIAN_POINT('',(-44.700113816,-14.271435243,12.773952802));
#10118=CARTESIAN_POINT('',(-44.646339722,-14.305409107,12.822374902));
#10119=CARTESIAN_POINT('',(-44.592565628,-14.339382971,12.870797003));
#10120=CARTESIAN_POINT('',(-44.529016923,-14.365327324,12.914603145));
#10121=CARTESIAN_POINT('',(-44.456784675,-14.376660964,12.947220808));
#10122=CARTESIAN_POINT('',(-44.384552428,-14.387994604,12.979838471));
#10123=CARTESIAN_POINT('',(-44.304472355,-14.383644048,13.));
#10124=CARTESIAN_POINT('',(-44.227440471,-14.359091523,13.));
#10125=B_SPLINE_CURVE_WITH_KNOTS('',3,(#10112,#10113,#10114,#10115,#10116,#10117,#10118,#10119,#10120,#10121,#10122,#10123,#10124),.UNSPECIFIED.,.F.,.F.,(4,3,3,3,4),(0.,0.000238356,0.000476713,0.000715069,0.000953425),.UNSPECIFIED.);
#10126=EDGE_CURVE('',#10063,#9977,#10125,.T.);
#10127=ORIENTED_EDGE('',*,*,#10126,.T.);
#10128=ORIENTED_EDGE('',*,*,#9983,.F.);
#10129=CARTESIAN_POINT('',(-45.862838873,-10.276186573,12.5));
#10130=CARTESIAN_POINT('',(-45.875259874,-10.220751383,12.556507851));
#10131=CARTESIAN_POINT('',(-45.878339028,-10.164020413,12.612239113));
#10132=CARTESIAN_POINT('',(-45.871218261,-10.106002896,12.667054059));
#10133=CARTESIAN_POINT('',(-45.864097495,-10.04798538,12.721869005));
#10134=CARTESIAN_POINT('',(-45.847151738,-9.990631439,12.773952802));
#10135=CARTESIAN_POINT('',(-45.817568939,-9.934322163,12.822374902));
#10136=CARTESIAN_POINT('',(-45.787986139,-9.878012887,12.870797003));
#10137=CARTESIAN_POINT('',(-45.745923522,-9.823770065,12.914603145));
#10138=CARTESIAN_POINT('',(-45.689035381,-9.777838721,12.947220808));
#10139=CARTESIAN_POINT('',(-45.63214724,-9.731907378,12.979838471));
#10140=CARTESIAN_POINT('',(-45.560620585,-9.695635033,13.));
#10141=CARTESIAN_POINT('',(-45.481632754,-9.678382202,13.));
#10142=B_SPLINE_CURVE_WITH_KNOTS('',3,(#10129,#10130,#10131,#10132,#10133,#10134,#10135,#10136,#10137,#10138,#10139,#10140,#10141),.UNSPECIFIED.,.F.,.F.,(4,3,3,3,4),(0.,0.000238356,0.000476713,0.000715069,0.000953425),.UNSPECIFIED.);
#10143=EDGE_CURVE('',#9861,#9968,#10142,.T.);
#10144=ORIENTED_EDGE('',*,*,#10143,.F.);
#10145=ORIENTED_EDGE('',*,*,#9867,.F.);
#10146=EDGE_LOOP('',(#10111,#10127,#10128,#10144,#10145));
#10147=FACE_BOUND('',#10146,.T.);
#10148=ADVANCED_FACE('',(#10147),#10110,.T.);
#10149=CARTESIAN_POINT('',(0.,0.,1.5));
#10150=DIRECTION('',(0.,0.,1.));
#10151=DIRECTION('',(-0.258819045,0.965925826,0.));
#10152=AXIS2_PLACEMENT_3D('',#10149,#10150,#10151);
#10153=TOROIDAL_SURFACE('',#10152,46.5,0.5);
#10154=CARTESIAN_POINT('',(-44.227440471,-14.359091523,1.));
#10155=CARTESIAN_POINT('',(-44.304472355,-14.383644048,1.));
#10156=CARTESIAN_POINT('',(-44.384552428,-14.387994604,1.020161529));
#10157=CARTESIAN_POINT('',(-44.456784675,-14.376660964,1.052779192));
#10158=CARTESIAN_POINT('',(-44.529016923,-14.365327324,1.085396855));
#10159=CARTESIAN_POINT('',(-44.592565628,-14.339382971,1.129202997));
#10160=CARTESIAN_POINT('',(-44.646339722,-14.305409107,1.177625098));
#10161=CARTESIAN_POINT('',(-44.700113816,-14.271435243,1.226047198));
#10162=CARTESIAN_POINT('',(-44.743466242,-14.230238151,1.278130995));
#10163=CARTESIAN_POINT('',(-44.778641765,-14.183553891,1.332945941));
#10164=CARTESIAN_POINT('',(-44.813817288,-14.136869632,1.387760887));
#10165=CARTESIAN_POINT('',(-44.839516148,-14.086199594,1.443492149));
#10166=CARTESIAN_POINT('',(-44.856476841,-14.03198081,1.5));
#10167=B_SPLINE_CURVE_WITH_KNOTS('',3,(#10154,#10155,#10156,#10157,#10158,#10159,#10160,#10161,#10162,#10163,#10164,#10165,#10166),.UNSPECIFIED.,.F.,.F.,(4,3,3,3,4),(0.,0.000238356,0.000476713,0.000715069,0.000953425),.UNSPECIFIED.);
#10168=EDGE_CURVE('',#10028,#10061,#10167,.T.);
#10169=ORIENTED_EDGE('',*,*,#10168,.T.);
#10170=ORIENTED_EDGE('',*,*,#10101,.T.);
#10171=ORIENTED_EDGE('',*,*,#9884,.F.);
#10172=CARTESIAN_POINT('',(-45.481632754,-9.678382202,1.));
#10173=CARTESIAN_POINT('',(-45.560620585,-9.695635033,1.));
#10174=CARTESIAN_POINT('',(-45.63214724,-9.731907378,1.020161529));
#10175=CARTESIAN_POINT('',(-45.689035381,-9.777838721,1.052779192));
#10176=CARTESIAN_POINT('',(-45.745923522,-9.823770065,1.085396855));
#10177=CARTESIAN_POINT('',(-45.787986139,-9.878012887,1.129202997));
#10178=CARTESIAN_POINT('',(-45.817568939,-9.934322163,1.177625098));
#10179=CARTESIAN_POINT('',(-45.847151738,-9.990631439,1.226047198));
#10180=CARTESIAN_POINT('',(-45.864097495,-10.04798538,1.278130995));
#10181=CARTESIAN_POINT('',(-45.871218261,-10.106002896,1.332945941));
#10182=CARTESIAN_POINT('',(-45.878339028,-10.164020413,1.387760887));
#10183=CARTESIAN_POINT('',(-45.875260124,-10.220750268,1.443493297));
#10184=CARTESIAN_POINT('',(-45.862838873,-10.276186573,1.5));
#10185=B_SPLINE_CURVE_WITH_KNOTS('',3,(#10172,#10173,#10174,#10175,#10176,#10177,#10178,#10179,#10180,#10181,#10182,#10183,#10184),.UNSPECIFIED.,.F.,.F.,(4,3,3,3,4),(0.,0.000238356,0.000476713,0.000715069,0.000953425),.UNSPECIFIED.);
#10186=EDGE_CURVE('',#10037,#9870,#10185,.T.);
#10187=ORIENTED_EDGE('',*,*,#10186,.F.);
#10188=ORIENTED_EDGE('',*,*,#10043,.F.);
#10189=EDGE_LOOP('',(#10169,#10170,#10171,#10187,#10188));
#10190=FACE_BOUND('',#10189,.T.);
#10191=ADVANCED_FACE('',(#10190),#10153,.T.);
#10192=CARTESIAN_POINT('',(-45.374936332,-10.16686544,13.));
#10193=DIRECTION('',(0.,0.,-1.));
#10194=DIRECTION('',(0.258819045,-0.965925826,0.));
#10195=AXIS2_PLACEMENT_3D('',#10192,#10193,#10194);
#10196=CYLINDRICAL_SURFACE('',#10195,0.5);
#10197=ORIENTED_EDGE('',*,*,#9974,.F.);
#10198=ORIENTED_EDGE('',*,*,#9848,.F.);
#10199=ORIENTED_EDGE('',*,*,#10050,.F.);
#10200=ORIENTED_EDGE('',*,*,#10186,.T.);
#10201=ORIENTED_EDGE('',*,*,#9875,.F.);
#10202=ORIENTED_EDGE('',*,*,#10143,.T.);
#10203=EDGE_LOOP('',(#10197,#10198,#10199,#10200,#10201,#10202));
#10204=FACE_BOUND('',#10203,.T.);
#10205=ADVANCED_FACE('',(#10204),#10196,.T.);
#10206=CARTESIAN_POINT('',(-41.427013882,-21.119952821,13.));
#10207=DIRECTION('',(-0.435102476,0.900380939,0.));
#10208=DIRECTION('',(-0.900380939,-0.435102476,0.));
#10209=AXIS2_PLACEMENT_3D('',#10206,#10207,#10208);
#10210=PLANE('',#10209);
#10211=CARTESIAN_POINT('',(-41.414995703,-21.114145124,13.));
#10212=VERTEX_POINT('',#10211);
#10213=CARTESIAN_POINT('',(-41.251804978,-21.035284405,13.));
#10214=VERTEX_POINT('',#10213);
#10215=CARTESIAN_POINT('',(-41.414995703,-21.114145124,13.));
#10216=DIRECTION('',(0.900380939,0.435102476,0.));
#10217=VECTOR('',#10216,0.181246312);
#10218=LINE('',#10215,#10217);
#10219=EDGE_CURVE('',#10212,#10214,#10218,.T.);
#10220=ORIENTED_EDGE('',*,*,#10219,.T.);
#10221=CARTESIAN_POINT('',(-41.251804978,-21.035284405,1.));
#10222=VERTEX_POINT('',#10221);
#10223=CARTESIAN_POINT('',(-41.251804978,-21.035284405,13.));
#10224=DIRECTION('',(0.,0.,-1.));
#10225=VECTOR('',#10224,12.);
#10226=LINE('',#10223,#10225);
#10227=EDGE_CURVE('',#10214,#10222,#10226,.T.);
#10228=ORIENTED_EDGE('',*,*,#10227,.T.);
#10229=CARTESIAN_POINT('',(-41.414995703,-21.114145124,1.));
#10230=VERTEX_POINT('',#10229);
#10231=CARTESIAN_POINT('',(-41.414995703,-21.114145124,1.));
#10232=DIRECTION('',(0.900380939,0.435102476,0.));
#10233=VECTOR('',#10232,0.181246312);
#10234=LINE('',#10231,#10233);
#10235=EDGE_CURVE('',#10230,#10222,#10234,.T.);
#10236=ORIENTED_EDGE('',*,*,#10235,.F.);
#10237=CARTESIAN_POINT('',(-41.414995703,-21.114145124,1.));
#10238=DIRECTION('',(0.,0.,1.));
#10239=VECTOR('',#10238,12.);
#10240=LINE('',#10237,#10239);
#10241=EDGE_CURVE('',#10230,#10212,#10240,.T.);
#10242=ORIENTED_EDGE('',*,*,#10241,.T.);
#10243=EDGE_LOOP('',(#10220,#10228,#10236,#10242));
#10244=FACE_BOUND('',#10243,.T.);
#10245=ADVANCED_FACE('',(#10244),#10210,.T.);
#10246=CARTESIAN_POINT('',(0.,0.,13.));
#10247=DIRECTION('',(0.,0.,-1.));
#10248=DIRECTION('',(0.5,-0.866025404,0.));
#10249=AXIS2_PLACEMENT_3D('',#10246,#10247,#10248);
#10250=CYLINDRICAL_SURFACE('',#10249,47.);
#10251=CARTESIAN_POINT('',(-39.696285582,-25.163563161,12.5));
#10252=VERTEX_POINT('',#10251);
#10253=CARTESIAN_POINT('',(-41.640427738,-21.79621017,12.5));
#10254=VERTEX_POINT('',#10253);
#10255=CARTESIAN_POINT('',(0.,0.,12.5));
#10256=DIRECTION('',(-0.,-0.,-1.));
#10257=DIRECTION('',(-0.5,0.866025404,0.));
#10258=AXIS2_PLACEMENT_3D('',#10255,#10256,#10257);
#10259=CIRCLE('',#10258,47.);
#10260=EDGE_CURVE('',#10252,#10254,#10259,.T.);
#10261=ORIENTED_EDGE('',*,*,#10260,.T.);
#10262=CARTESIAN_POINT('',(-41.640427738,-21.79621017,1.5));
#10263=VERTEX_POINT('',#10262);
#10264=CARTESIAN_POINT('',(-41.640427738,-21.79621017,12.5));
#10265=DIRECTION('',(0.,0.,-1.));
#10266=VECTOR('',#10265,11.);
#10267=LINE('',#10264,#10266);
#10268=EDGE_CURVE('',#10254,#10263,#10267,.T.);
#10269=ORIENTED_EDGE('',*,*,#10268,.T.);
#10270=CARTESIAN_POINT('',(-39.696285582,-25.163563161,1.5));
#10271=VERTEX_POINT('',#10270);
#10272=CARTESIAN_POINT('',(0.,0.,1.5));
#10273=DIRECTION('',(0.,0.,1.));
#10274=DIRECTION('',(-0.5,0.866025404,0.));
#10275=AXIS2_PLACEMENT_3D('',#10272,#10273,#10274);
#10276=CIRCLE('',#10275,47.);
#10277=EDGE_CURVE('',#10263,#10271,#10276,.T.);
#10278=ORIENTED_EDGE('',*,*,#10277,.T.);
#10279=CARTESIAN_POINT('',(-39.696285582,-25.163563161,1.5));
#10280=DIRECTION('',(-0.,-0.,1.));
#10281=VECTOR('',#10280,11.);
#10282=LINE('',#10279,#10281);
#10283=EDGE_CURVE('',#10271,#10252,#10282,.T.);
#10284=ORIENTED_EDGE('',*,*,#10283,.T.);
#10285=EDGE_LOOP('',(#10261,#10269,#10278,#10284));
#10286=FACE_BOUND('',#10285,.T.);
#10287=ADVANCED_FACE('',(#10286),#10250,.T.);
#10288=CARTESIAN_POINT('',(-39.003922611,-25.316870015,13.));
#10289=DIRECTION('',(-0.562201528,0.827000267,0.));
#10290=DIRECTION('',(-0.827000267,-0.562201528,0.));
#10291=AXIS2_PLACEMENT_3D('',#10288,#10289,#10290);
#10292=PLANE('',#10291);
#10293=CARTESIAN_POINT('',(-38.992883908,-25.309365814,1.));
#10294=VERTEX_POINT('',#10293);
#10295=CARTESIAN_POINT('',(-38.84299316,-25.207468861,1.));
#10296=VERTEX_POINT('',#10295);
#10297=CARTESIAN_POINT('',(-38.992883908,-25.309365814,1.));
#10298=DIRECTION('',(0.827000267,0.562201528,0.));
#10299=VECTOR('',#10298,0.181246312);
#10300=LINE('',#10297,#10299);
#10301=EDGE_CURVE('',#10294,#10296,#10300,.T.);
#10302=ORIENTED_EDGE('',*,*,#10301,.T.);
#10303=CARTESIAN_POINT('',(-38.84299316,-25.207468861,13.));
#10304=VERTEX_POINT('',#10303);
#10305=CARTESIAN_POINT('',(-38.84299316,-25.207468861,1.));
#10306=DIRECTION('',(0.,0.,1.));
#10307=VECTOR('',#10306,12.);
#10308=LINE('',#10305,#10307);
#10309=EDGE_CURVE('',#10296,#10304,#10308,.T.);
#10310=ORIENTED_EDGE('',*,*,#10309,.T.);
#10311=CARTESIAN_POINT('',(-38.992883908,-25.309365814,13.));
#10312=VERTEX_POINT('',#10311);
#10313=CARTESIAN_POINT('',(-38.992883908,-25.309365814,13.));
#10314=DIRECTION('',(0.827000267,0.562201528,0.));
#10315=VECTOR('',#10314,0.181246312);
#10316=LINE('',#10313,#10315);
#10317=EDGE_CURVE('',#10312,#10304,#10316,.T.);
#10318=ORIENTED_EDGE('',*,*,#10317,.F.);
#10319=CARTESIAN_POINT('',(-38.992883908,-25.309365814,13.));
#10320=DIRECTION('',(0.,0.,-1.));
#10321=VECTOR('',#10320,12.);
#10322=LINE('',#10319,#10321);
#10323=EDGE_CURVE('',#10312,#10294,#10322,.T.);
#10324=ORIENTED_EDGE('',*,*,#10323,.T.);
#10325=EDGE_LOOP('',(#10302,#10310,#10318,#10324));
#10326=FACE_BOUND('',#10325,.T.);
#10327=ADVANCED_FACE('',(#10326),#10292,.F.);
#10328=CARTESIAN_POINT('',(0.,0.,13.));
#10329=DIRECTION('',(0.,0.,1.));
#10330=DIRECTION('',(-0.5,0.866025404,0.));
#10331=AXIS2_PLACEMENT_3D('',#10328,#10329,#10330);
#10332=PLANE('',#10331);
#10333=ORIENTED_EDGE('',*,*,#10317,.T.);
#10334=CARTESIAN_POINT('',(-38.838458882,-25.204446268,13.));
#10335=VERTEX_POINT('',#10334);
#10336=CARTESIAN_POINT('',(-38.674332701,-25.455568941,13.));
#10337=DIRECTION('',(-0.,-0.,-1.));
#10338=DIRECTION('',(1.,0.,-0.));
#10339=AXIS2_PLACEMENT_3D('',#10336,#10337,#10338);
#10340=CIRCLE('',#10339,0.3);
#10341=EDGE_CURVE('',#10304,#10335,#10340,.T.);
#10342=ORIENTED_EDGE('',*,*,#10341,.T.);
#10343=CARTESIAN_POINT('',(-41.246920197,-21.032868902,13.));
#10344=VERTEX_POINT('',#10343);
#10345=CARTESIAN_POINT('',(0.,0.,13.));
#10346=DIRECTION('',(-0.,-0.,-1.));
#10347=DIRECTION('',(1.,0.,-0.));
#10348=AXIS2_PLACEMENT_3D('',#10345,#10346,#10347);
#10349=CIRCLE('',#10348,46.3);
#10350=EDGE_CURVE('',#10335,#10344,#10349,.T.);
#10351=ORIENTED_EDGE('',*,*,#10350,.T.);
#10352=CARTESIAN_POINT('',(-41.382335721,-20.765170123,13.));
#10353=DIRECTION('',(-0.,-0.,-1.));
#10354=DIRECTION('',(1.,0.,-0.));
#10355=AXIS2_PLACEMENT_3D('',#10352,#10353,#10354);
#10356=CIRCLE('',#10355,0.3);
#10357=EDGE_CURVE('',#10344,#10214,#10356,.T.);
#10358=ORIENTED_EDGE('',*,*,#10357,.T.);
#10359=ORIENTED_EDGE('',*,*,#10219,.F.);
#10360=CARTESIAN_POINT('',(-41.426934059,-21.120112084,13.));
#10361=VERTEX_POINT('',#10360);
#10362=CARTESIAN_POINT('',(-41.197444465,-21.564335593,13.));
#10363=DIRECTION('',(0.,0.,1.));
#10364=DIRECTION('',(-0.5,0.866025404,0.));
#10365=AXIS2_PLACEMENT_3D('',#10362,#10363,#10364);
#10366=CIRCLE('',#10365,0.5);
#10367=EDGE_CURVE('',#10212,#10361,#10366,.T.);
#10368=ORIENTED_EDGE('',*,*,#10367,.T.);
#10369=CARTESIAN_POINT('',(-39.004020625,-25.316721254,13.));
#10370=VERTEX_POINT('',#10369);
#10371=CARTESIAN_POINT('',(0.,0.,13.));
#10372=DIRECTION('',(0.,0.,1.));
#10373=DIRECTION('',(-0.5,0.866025404,0.));
#10374=AXIS2_PLACEMENT_3D('',#10371,#10372,#10373);
#10375=CIRCLE('',#10374,46.5);
#10376=EDGE_CURVE('',#10361,#10370,#10375,.T.);
#10377=ORIENTED_EDGE('',*,*,#10376,.T.);
#10378=CARTESIAN_POINT('',(-39.273984672,-24.895865681,13.));
#10379=DIRECTION('',(0.,0.,1.));
#10380=DIRECTION('',(-0.5,0.866025404,0.));
#10381=AXIS2_PLACEMENT_3D('',#10378,#10379,#10380);
#10382=CIRCLE('',#10381,0.5);
#10383=EDGE_CURVE('',#10370,#10312,#10382,.T.);
#10384=ORIENTED_EDGE('',*,*,#10383,.T.);
#10385=EDGE_LOOP('',(#10333,#10342,#10351,#10358,#10359,#10368,#10377,#10384));
#10386=FACE_BOUND('',#10385,.T.);
#10387=ADVANCED_FACE('',(#10386),#10332,.T.);
#10388=CARTESIAN_POINT('',(0.,0.,1.));
#10389=DIRECTION('',(0.,0.,1.));
#10390=DIRECTION('',(-0.5,0.866025404,0.));
#10391=AXIS2_PLACEMENT_3D('',#10388,#10389,#10390);
#10392=PLANE('',#10391);
#10393=CARTESIAN_POINT('',(-41.246920197,-21.032868902,1.));
#10394=VERTEX_POINT('',#10393);
#10395=CARTESIAN_POINT('',(-41.382335721,-20.765170123,1.));
#10396=DIRECTION('',(0.,0.,1.));
#10397=DIRECTION('',(1.,0.,-0.));
#10398=AXIS2_PLACEMENT_3D('',#10395,#10396,#10397);
#10399=CIRCLE('',#10398,0.3);
#10400=EDGE_CURVE('',#10222,#10394,#10399,.T.);
#10401=ORIENTED_EDGE('',*,*,#10400,.T.);
#10402=CARTESIAN_POINT('',(-38.838458882,-25.204446268,1.));
#10403=VERTEX_POINT('',#10402);
#10404=CARTESIAN_POINT('',(0.,0.,1.));
#10405=DIRECTION('',(0.,0.,1.));
#10406=DIRECTION('',(1.,0.,-0.));
#10407=AXIS2_PLACEMENT_3D('',#10404,#10405,#10406);
#10408=CIRCLE('',#10407,46.3);
#10409=EDGE_CURVE('',#10394,#10403,#10408,.T.);
#10410=ORIENTED_EDGE('',*,*,#10409,.T.);
#10411=CARTESIAN_POINT('',(-38.674332701,-25.455568941,1.));
#10412=DIRECTION('',(0.,0.,1.));
#10413=DIRECTION('',(1.,0.,-0.));
#10414=AXIS2_PLACEMENT_3D('',#10411,#10412,#10413);
#10415=CIRCLE('',#10414,0.3);
#10416=EDGE_CURVE('',#10403,#10296,#10415,.T.);
#10417=ORIENTED_EDGE('',*,*,#10416,.T.);
#10418=ORIENTED_EDGE('',*,*,#10301,.F.);
#10419=CARTESIAN_POINT('',(-39.004020625,-25.316721254,1.));
#10420=VERTEX_POINT('',#10419);
#10421=CARTESIAN_POINT('',(-39.273984672,-24.895865681,1.));
#10422=DIRECTION('',(-0.,-0.,-1.));
#10423=DIRECTION('',(-0.5,0.866025404,0.));
#10424=AXIS2_PLACEMENT_3D('',#10421,#10422,#10423);
#10425=CIRCLE('',#10424,0.5);
#10426=EDGE_CURVE('',#10294,#10420,#10425,.T.);
#10427=ORIENTED_EDGE('',*,*,#10426,.T.);
#10428=CARTESIAN_POINT('',(-41.426934059,-21.120112084,1.));
#10429=VERTEX_POINT('',#10428);
#10430=CARTESIAN_POINT('',(0.,0.,1.));
#10431=DIRECTION('',(-0.,-0.,-1.));
#10432=DIRECTION('',(-0.5,0.866025404,0.));
#10433=AXIS2_PLACEMENT_3D('',#10430,#10431,#10432);
#10434=CIRCLE('',#10433,46.5);
#10435=EDGE_CURVE('',#10420,#10429,#10434,.T.);
#10436=ORIENTED_EDGE('',*,*,#10435,.T.);
#10437=CARTESIAN_POINT('',(-41.197444465,-21.564335593,1.));
#10438=DIRECTION('',(-0.,-0.,-1.));
#10439=DIRECTION('',(-0.5,0.866025404,0.));
#10440=AXIS2_PLACEMENT_3D('',#10437,#10438,#10439);
#10441=CIRCLE('',#10440,0.5);
#10442=EDGE_CURVE('',#10429,#10230,#10441,.T.);
#10443=ORIENTED_EDGE('',*,*,#10442,.T.);
#10444=ORIENTED_EDGE('',*,*,#10235,.T.);
#10445=EDGE_LOOP('',(#10401,#10410,#10417,#10418,#10427,#10436,#10443,#10444));
#10446=FACE_BOUND('',#10445,.T.);
#10447=ADVANCED_FACE('',(#10446),#10392,.F.);
#10448=CARTESIAN_POINT('',(-39.273984672,-24.895865681,13.));
#10449=DIRECTION('',(0.,0.,-1.));
#10450=DIRECTION('',(0.5,-0.866025404,0.));
#10451=AXIS2_PLACEMENT_3D('',#10448,#10449,#10450);
#10452=CYLINDRICAL_SURFACE('',#10451,0.5);
#10453=CARTESIAN_POINT('',(-39.023991282,-25.328866907,1.000559165));
#10454=VERTEX_POINT('',#10453);
#10455=CARTESIAN_POINT('',(-39.023991282,-25.328866907,12.999440835));
#10456=VERTEX_POINT('',#10455);
#10457=CARTESIAN_POINT('',(-39.023984672,-25.328878382,1.000559165));
#10458=DIRECTION('',(-0.,-0.,1.));
#10459=VECTOR('',#10458,11.99888167);
#10460=LINE('',#10457,#10459);
#10461=EDGE_CURVE('',#10454,#10456,#10460,.T.);
#10462=ORIENTED_EDGE('',*,*,#10461,.T.);
#10463=CARTESIAN_POINT('',(-39.696285582,-25.163563161,12.5));
#10464=CARTESIAN_POINT('',(-39.665869346,-25.211545699,12.556506703));
#10465=CARTESIAN_POINT('',(-39.627932394,-25.253836878,12.612239113));
#10466=CARTESIAN_POINT('',(-39.581872673,-25.289826315,12.667054059));
#10467=CARTESIAN_POINT('',(-39.535812951,-25.325815752,12.721869005));
#10468=CARTESIAN_POINT('',(-39.483275131,-25.354388653,12.773952802));
#10469=CARTESIAN_POINT('',(-39.422540262,-25.373287126,12.822374902));
#10470=CARTESIAN_POINT('',(-39.361805392,-25.392185599,12.870797003));
#10471=CARTESIAN_POINT('',(-39.293707164,-25.400798304,12.914603145));
#10472=CARTESIAN_POINT('',(-39.221002809,-25.393050679,12.947220808));
#10473=CARTESIAN_POINT('',(-39.148298454,-25.385303053,12.979838471));
#10474=CARTESIAN_POINT('',(-39.072073051,-25.360374491,13.));
#10475=CARTESIAN_POINT('',(-39.004020625,-25.316721254,13.));
#10476=B_SPLINE_CURVE_WITH_KNOTS('',3,(#10463,#10464,#10465,#10466,#10467,#10468,#10469,#10470,#10471,#10472,#10473,#10474,#10475),.UNSPECIFIED.,.F.,.F.,(4,3,3,3,4),(0.,0.000238356,0.000476713,0.000715069,0.000953425),.UNSPECIFIED.);
#10477=EDGE_CURVE('',#10252,#10456,#10476,.T.);
#10478=ORIENTED_EDGE('',*,*,#10477,.F.);
#10479=ORIENTED_EDGE('',*,*,#10283,.F.);
#10480=CARTESIAN_POINT('',(-39.004020625,-25.316721254,1.));
#10481=CARTESIAN_POINT('',(-39.072073051,-25.360374491,1.));
#10482=CARTESIAN_POINT('',(-39.148298454,-25.385303053,1.020161529));
#10483=CARTESIAN_POINT('',(-39.221002809,-25.393050679,1.052779192));
#10484=CARTESIAN_POINT('',(-39.293707164,-25.400798304,1.085396855));
#10485=CARTESIAN_POINT('',(-39.361805392,-25.392185599,1.129202997));
#10486=CARTESIAN_POINT('',(-39.422540262,-25.373287126,1.177625098));
#10487=CARTESIAN_POINT('',(-39.483275131,-25.354388653,1.226047198));
#10488=CARTESIAN_POINT('',(-39.535812951,-25.325815752,1.278130995));
#10489=CARTESIAN_POINT('',(-39.581872673,-25.289826315,1.332945941));
#10490=CARTESIAN_POINT('',(-39.627932394,-25.253836878,1.387760887));
#10491=CARTESIAN_POINT('',(-39.665869957,-25.211544734,1.443492149));
#10492=CARTESIAN_POINT('',(-39.696285582,-25.163563161,1.5));
#10493=B_SPLINE_CURVE_WITH_KNOTS('',3,(#10480,#10481,#10482,#10483,#10484,#10485,#10486,#10487,#10488,#10489,#10490,#10491,#10492),.UNSPECIFIED.,.F.,.F.,(4,3,3,3,4),(0.,0.000238356,0.000476713,0.000715069,0.000953425),.UNSPECIFIED.);
#10494=EDGE_CURVE('',#10454,#10271,#10493,.T.);
#10495=ORIENTED_EDGE('',*,*,#10494,.F.);
#10496=EDGE_LOOP('',(#10462,#10478,#10479,#10495));
#10497=FACE_BOUND('',#10496,.T.);
#10498=ADVANCED_FACE('',(#10497),#10452,.T.);
#10499=CARTESIAN_POINT('',(0.,0.,12.5));
#10500=DIRECTION('',(0.,0.,1.));
#10501=DIRECTION('',(-0.5,0.866025404,0.));
#10502=AXIS2_PLACEMENT_3D('',#10499,#10500,#10501);
#10503=TOROIDAL_SURFACE('',#10502,46.5,0.5);
#10504=ORIENTED_EDGE('',*,*,#10477,.T.);
#10505=CARTESIAN_POINT('',(-39.696285582,-25.163563161,12.5));
#10506=CARTESIAN_POINT('',(-39.665869346,-25.211545699,12.556506703));
#10507=CARTESIAN_POINT('',(-39.627932394,-25.253836878,12.612239113));
#10508=CARTESIAN_POINT('',(-39.581872673,-25.289826315,12.667054059));
#10509=CARTESIAN_POINT('',(-39.535812951,-25.325815752,12.721869005));
#10510=CARTESIAN_POINT('',(-39.483275131,-25.354388653,12.773952802));
#10511=CARTESIAN_POINT('',(-39.422540262,-25.373287126,12.822374902));
#10512=CARTESIAN_POINT('',(-39.361805392,-25.392185599,12.870797003));
#10513=CARTESIAN_POINT('',(-39.293707164,-25.400798304,12.914603145));
#10514=CARTESIAN_POINT('',(-39.221002809,-25.393050679,12.947220808));
#10515=CARTESIAN_POINT('',(-39.148298454,-25.385303053,12.979838471));
#10516=CARTESIAN_POINT('',(-39.072073051,-25.360374491,13.));
#10517=CARTESIAN_POINT('',(-39.004020625,-25.316721254,13.));
#10518=B_SPLINE_CURVE_WITH_KNOTS('',3,(#10505,#10506,#10507,#10508,#10509,#10510,#10511,#10512,#10513,#10514,#10515,#10516,#10517),.UNSPECIFIED.,.F.,.F.,(4,3,3,3,4),(0.,0.000238356,0.000476713,0.000715069,0.000953425),.UNSPECIFIED.);
#10519=EDGE_CURVE('',#10456,#10370,#10518,.T.);
#10520=ORIENTED_EDGE('',*,*,#10519,.T.);
#10521=ORIENTED_EDGE('',*,*,#10376,.F.);
#10522=CARTESIAN_POINT('',(-41.640427738,-21.79621017,12.5));
#10523=CARTESIAN_POINT('',(-41.666773187,-21.745878679,12.556507851));
#10524=CARTESIAN_POINT('',(-41.684430476,-21.691877714,12.612239113));
#10525=CARTESIAN_POINT('',(-41.692568382,-21.633994106,12.667054059));
#10526=CARTESIAN_POINT('',(-41.700706288,-21.576110499,12.721869005));
#10527=CARTESIAN_POINT('',(-41.699182237,-21.516324962,12.773952802));
#10528=CARTESIAN_POINT('',(-41.68518136,-21.454277785,12.822374902));
#10529=CARTESIAN_POINT('',(-41.671180483,-21.392230609,12.870797003));
#10530=CARTESIAN_POINT('',(-41.64459019,-21.328949461,12.914603145));
#10531=CARTESIAN_POINT('',(-41.601528372,-21.269859455,12.947220808));
#10532=CARTESIAN_POINT('',(-41.558466553,-21.21076945,12.979838471));
#10533=CARTESIAN_POINT('',(-41.498765084,-21.157220595,13.));
#10534=CARTESIAN_POINT('',(-41.426934059,-21.120112084,13.));
#10535=B_SPLINE_CURVE_WITH_KNOTS('',3,(#10522,#10523,#10524,#10525,#10526,#10527,#10528,#10529,#10530,#10531,#10532,#10533,#10534),.UNSPECIFIED.,.F.,.F.,(4,3,3,3,4),(0.,0.000238356,0.000476713,0.000715069,0.000953425),.UNSPECIFIED.);
#10536=EDGE_CURVE('',#10254,#10361,#10535,.T.);
#10537=ORIENTED_EDGE('',*,*,#10536,.F.);
#10538=ORIENTED_EDGE('',*,*,#10260,.F.);
#10539=EDGE_LOOP('',(#10504,#10520,#10521,#10537,#10538));
#10540=FACE_BOUND('',#10539,.T.);
#10541=ADVANCED_FACE('',(#10540),#10503,.T.);
#10542=CARTESIAN_POINT('',(0.,0.,1.5));
#10543=DIRECTION('',(0.,0.,1.));
#10544=DIRECTION('',(-0.5,0.866025404,0.));
#10545=AXIS2_PLACEMENT_3D('',#10542,#10543,#10544);
#10546=TOROIDAL_SURFACE('',#10545,46.5,0.5);
#10547=CARTESIAN_POINT('',(-39.004020625,-25.316721254,1.));
#10548=CARTESIAN_POINT('',(-39.072073051,-25.360374491,1.));
#10549=CARTESIAN_POINT('',(-39.148298454,-25.385303053,1.020161529));
#10550=CARTESIAN_POINT('',(-39.221002809,-25.393050679,1.052779192));
#10551=CARTESIAN_POINT('',(-39.293707164,-25.400798304,1.085396855));
#10552=CARTESIAN_POINT('',(-39.361805392,-25.392185599,1.129202997));
#10553=CARTESIAN_POINT('',(-39.422540262,-25.373287126,1.177625098));
#10554=CARTESIAN_POINT('',(-39.483275131,-25.354388653,1.226047198));
#10555=CARTESIAN_POINT('',(-39.535812951,-25.325815752,1.278130995));
#10556=CARTESIAN_POINT('',(-39.581872673,-25.289826315,1.332945941));
#10557=CARTESIAN_POINT('',(-39.627932394,-25.253836878,1.387760887));
#10558=CARTESIAN_POINT('',(-39.665869957,-25.211544734,1.443492149));
#10559=CARTESIAN_POINT('',(-39.696285582,-25.163563161,1.5));
#10560=B_SPLINE_CURVE_WITH_KNOTS('',3,(#10547,#10548,#10549,#10550,#10551,#10552,#10553,#10554,#10555,#10556,#10557,#10558,#10559),.UNSPECIFIED.,.F.,.F.,(4,3,3,3,4),(0.,0.000238356,0.000476713,0.000715069,0.000953425),.UNSPECIFIED.);
#10561=EDGE_CURVE('',#10420,#10454,#10560,.T.);
#10562=ORIENTED_EDGE('',*,*,#10561,.T.);
#10563=ORIENTED_EDGE('',*,*,#10494,.T.);
#10564=ORIENTED_EDGE('',*,*,#10277,.F.);
#10565=CARTESIAN_POINT('',(-41.426934059,-21.120112084,1.));
#10566=CARTESIAN_POINT('',(-41.498765084,-21.157220595,1.));
#10567=CARTESIAN_POINT('',(-41.558466553,-21.21076945,1.020161529));
#10568=CARTESIAN_POINT('',(-41.601528372,-21.269859455,1.052779192));
#10569=CARTESIAN_POINT('',(-41.64459019,-21.328949461,1.085396855));
#10570=CARTESIAN_POINT('',(-41.671180483,-21.392230609,1.129202997));
#10571=CARTESIAN_POINT('',(-41.68518136,-21.454277785,1.177625098));
#10572=CARTESIAN_POINT('',(-41.699182237,-21.516324962,1.226047198));
#10573=CARTESIAN_POINT('',(-41.700706288,-21.576110499,1.278130995));
#10574=CARTESIAN_POINT('',(-41.692568382,-21.633994106,1.332945941));
#10575=CARTESIAN_POINT('',(-41.684430476,-21.691877714,1.387760887));
#10576=CARTESIAN_POINT('',(-41.666773717,-21.745877667,1.443493297));
#10577=CARTESIAN_POINT('',(-41.640427738,-21.79621017,1.5));
#10578=B_SPLINE_CURVE_WITH_KNOTS('',3,(#10565,#10566,#10567,#10568,#10569,#10570,#10571,#10572,#10573,#10574,#10575,#10576,#10577),.UNSPECIFIED.,.F.,.F.,(4,3,3,3,4),(0.,0.000238356,0.000476713,0.000715069,0.000953425),.UNSPECIFIED.);
#10579=EDGE_CURVE('',#10429,#10263,#10578,.T.);
#10580=ORIENTED_EDGE('',*,*,#10579,.F.);
#10581=ORIENTED_EDGE('',*,*,#10435,.F.);
#10582=EDGE_LOOP('',(#10562,#10563,#10564,#10580,#10581));
#10583=FACE_BOUND('',#10582,.T.);
#10584=ADVANCED_FACE('',(#10583),#10546,.T.);
#10585=CARTESIAN_POINT('',(-41.197444465,-21.564335593,13.));
#10586=DIRECTION('',(0.,0.,-1.));
#10587=DIRECTION('',(0.5,-0.866025404,0.));
#10588=AXIS2_PLACEMENT_3D('',#10585,#10586,#10587);
#10589=CYLINDRICAL_SURFACE('',#10588,0.5);
#10590=ORIENTED_EDGE('',*,*,#10367,.F.);
#10591=ORIENTED_EDGE('',*,*,#10241,.F.);
#10592=ORIENTED_EDGE('',*,*,#10442,.F.);
#10593=ORIENTED_EDGE('',*,*,#10579,.T.);
#10594=ORIENTED_EDGE('',*,*,#10268,.F.);
#10595=ORIENTED_EDGE('',*,*,#10536,.T.);
#10596=EDGE_LOOP('',(#10590,#10591,#10592,#10593,#10594,#10595));
#10597=FACE_BOUND('',#10596,.T.);
#10598=ADVANCED_FACE('',(#10597),#10589,.T.);
#10599=CARTESIAN_POINT('',(-34.549176593,-31.122408054,13.));
#10600=DIRECTION('',(-0.653312454,0.757088395,0.));
#10601=DIRECTION('',(-0.757088395,-0.653312454,0.));
#10602=AXIS2_PLACEMENT_3D('',#10599,#10600,#10601);
#10603=PLANE('',#10602);
#10604=CARTESIAN_POINT('',(-34.539071066,-31.113687716,13.));
#10605=VERTEX_POINT('',#10604);
#10606=CARTESIAN_POINT('',(-34.401851587,-30.995277243,13.));
#10607=VERTEX_POINT('',#10606);
#10608=CARTESIAN_POINT('',(-34.539071066,-31.113687716,13.));
#10609=DIRECTION('',(0.757088395,0.653312454,0.));
#10610=VECTOR('',#10609,0.181246312);
#10611=LINE('',#10608,#10610);
#10612=EDGE_CURVE('',#10605,#10607,#10611,.T.);
#10613=ORIENTED_EDGE('',*,*,#10612,.T.);
#10614=CARTESIAN_POINT('',(-34.401851587,-30.995277243,1.));
#10615=VERTEX_POINT('',#10614);
#10616=CARTESIAN_POINT('',(-34.401851587,-30.995277243,13.));
#10617=DIRECTION('',(0.,0.,-1.));
#10618=VECTOR('',#10617,12.);
#10619=LINE('',#10616,#10618);
#10620=EDGE_CURVE('',#10607,#10615,#10619,.T.);
#10621=ORIENTED_EDGE('',*,*,#10620,.T.);
#10622=CARTESIAN_POINT('',(-34.539071066,-31.113687716,1.));
#10623=VERTEX_POINT('',#10622);
#10624=CARTESIAN_POINT('',(-34.539071066,-31.113687716,1.));
#10625=DIRECTION('',(0.757088395,0.653312454,0.));
#10626=VECTOR('',#10625,0.181246312);
#10627=LINE('',#10624,#10626);
#10628=EDGE_CURVE('',#10623,#10615,#10627,.T.);
#10629=ORIENTED_EDGE('',*,*,#10628,.F.);
#10630=CARTESIAN_POINT('',(-34.539071066,-31.113687716,1.));
#10631=DIRECTION('',(0.,0.,1.));
#10632=VECTOR('',#10631,12.);
#10633=LINE('',#10630,#10632);
#10634=EDGE_CURVE('',#10623,#10605,#10633,.T.);
#10635=ORIENTED_EDGE('',*,*,#10634,.T.);
#10636=EDGE_LOOP('',(#10613,#10621,#10629,#10635));
#10637=FACE_BOUND('',#10636,.T.);
#10638=ADVANCED_FACE('',(#10637),#10603,.T.);
#10639=CARTESIAN_POINT('',(0.,0.,13.));
#10640=DIRECTION('',(0.,0.,-1.));
#10641=DIRECTION('',(0.707106781,-0.707106781,0.));
#10642=AXIS2_PLACEMENT_3D('',#10639,#10640,#10641);
#10643=CYLINDRICAL_SURFACE('',#10642,47.);
#10644=CARTESIAN_POINT('',(-31.830858063,-34.580290267,12.5));
#10645=VERTEX_POINT('',#10644);
#10646=CARTESIAN_POINT('',(-34.580290267,-31.830858063,12.5));
#10647=VERTEX_POINT('',#10646);
#10648=CARTESIAN_POINT('',(0.,0.,12.5));
#10649=DIRECTION('',(-0.,-0.,-1.));
#10650=DIRECTION('',(-0.707106781,0.707106781,0.));
#10651=AXIS2_PLACEMENT_3D('',#10648,#10649,#10650);
#10652=CIRCLE('',#10651,47.);
#10653=EDGE_CURVE('',#10645,#10647,#10652,.T.);
#10654=ORIENTED_EDGE('',*,*,#10653,.T.);
#10655=CARTESIAN_POINT('',(-34.580290267,-31.830858063,1.5));
#10656=VERTEX_POINT('',#10655);
#10657=CARTESIAN_POINT('',(-34.580290267,-31.830858063,12.5));
#10658=DIRECTION('',(0.,0.,-1.));
#10659=VECTOR('',#10658,11.);
#10660=LINE('',#10657,#10659);
#10661=EDGE_CURVE('',#10647,#10656,#10660,.T.);
#10662=ORIENTED_EDGE('',*,*,#10661,.T.);
#10663=CARTESIAN_POINT('',(-31.830858063,-34.580290267,1.5));
#10664=VERTEX_POINT('',#10663);
#10665=CARTESIAN_POINT('',(0.,0.,1.5));
#10666=DIRECTION('',(0.,0.,1.));
#10667=DIRECTION('',(-0.707106781,0.707106781,0.));
#10668=AXIS2_PLACEMENT_3D('',#10665,#10666,#10667);
#10669=CIRCLE('',#10668,47.);
#10670=EDGE_CURVE('',#10656,#10664,#10669,.T.);
#10671=ORIENTED_EDGE('',*,*,#10670,.T.);
#10672=CARTESIAN_POINT('',(-31.830858063,-34.580290267,1.5));
#10673=DIRECTION('',(-0.,-0.,1.));
#10674=VECTOR('',#10673,11.);
#10675=LINE('',#10672,#10674);
#10676=EDGE_CURVE('',#10664,#10645,#10675,.T.);
#10677=ORIENTED_EDGE('',*,*,#10676,.T.);
#10678=EDGE_LOOP('',(#10654,#10662,#10671,#10677));
#10679=FACE_BOUND('',#10678,.T.);
#10680=ADVANCED_FACE('',(#10679),#10643,.T.);
#10681=CARTESIAN_POINT('',(-31.122408054,-34.549176593,13.));
#10682=DIRECTION('',(-0.757088395,0.653312454,0.));
#10683=DIRECTION('',(-0.653312454,-0.757088395,0.));
#10684=AXIS2_PLACEMENT_3D('',#10681,#10682,#10683);
#10685=PLANE('',#10684);
#10686=CARTESIAN_POINT('',(-31.113687716,-34.539071066,1.));
#10687=VERTEX_POINT('',#10686);
#10688=CARTESIAN_POINT('',(-30.995277243,-34.401851587,1.));
#10689=VERTEX_POINT('',#10688);
#10690=CARTESIAN_POINT('',(-31.113687716,-34.539071066,1.));
#10691=DIRECTION('',(0.653312454,0.757088395,0.));
#10692=VECTOR('',#10691,0.181246312);
#10693=LINE('',#10690,#10692);
#10694=EDGE_CURVE('',#10687,#10689,#10693,.T.);
#10695=ORIENTED_EDGE('',*,*,#10694,.T.);
#10696=CARTESIAN_POINT('',(-30.995277243,-34.401851587,13.));
#10697=VERTEX_POINT('',#10696);
#10698=CARTESIAN_POINT('',(-30.995277243,-34.401851587,1.));
#10699=DIRECTION('',(0.,0.,1.));
#10700=VECTOR('',#10699,12.);
#10701=LINE('',#10698,#10700);
#10702=EDGE_CURVE('',#10689,#10697,#10701,.T.);
#10703=ORIENTED_EDGE('',*,*,#10702,.T.);
#10704=CARTESIAN_POINT('',(-31.113687716,-34.539071066,13.));
#10705=VERTEX_POINT('',#10704);
#10706=CARTESIAN_POINT('',(-31.113687716,-34.539071066,13.));
#10707=DIRECTION('',(0.653312454,0.757088395,0.));
#10708=VECTOR('',#10707,0.181246312);
#10709=LINE('',#10706,#10708);
#10710=EDGE_CURVE('',#10705,#10697,#10709,.T.);
#10711=ORIENTED_EDGE('',*,*,#10710,.F.);
#10712=CARTESIAN_POINT('',(-31.113687716,-34.539071066,13.));
#10713=DIRECTION('',(0.,0.,-1.));
#10714=VECTOR('',#10713,12.);
#10715=LINE('',#10712,#10714);
#10716=EDGE_CURVE('',#10705,#10687,#10715,.T.);
#10717=ORIENTED_EDGE('',*,*,#10716,.T.);
#10718=EDGE_LOOP('',(#10695,#10703,#10711,#10717));
#10719=FACE_BOUND('',#10718,.T.);
#10720=ADVANCED_FACE('',(#10719),#10685,.F.);
#10721=CARTESIAN_POINT('',(0.,0.,13.));
#10722=DIRECTION('',(0.,0.,1.));
#10723=DIRECTION('',(-0.707106781,0.707106781,0.));
#10724=AXIS2_PLACEMENT_3D('',#10721,#10722,#10723);
#10725=PLANE('',#10724);
#10726=ORIENTED_EDGE('',*,*,#10710,.T.);
#10727=CARTESIAN_POINT('',(-30.991679772,-34.397758429,13.));
#10728=VERTEX_POINT('',#10727);
#10729=CARTESIAN_POINT('',(-30.768150725,-34.597845323,13.));
#10730=DIRECTION('',(-0.,-0.,-1.));
#10731=DIRECTION('',(1.,0.,-0.));
#10732=AXIS2_PLACEMENT_3D('',#10729,#10730,#10731);
#10733=CIRCLE('',#10732,0.3);
#10734=EDGE_CURVE('',#10697,#10728,#10733,.T.);
#10735=ORIENTED_EDGE('',*,*,#10734,.T.);
#10736=CARTESIAN_POINT('',(-34.397758429,-30.991679772,13.));
#10737=VERTEX_POINT('',#10736);
#10738=CARTESIAN_POINT('',(0.,0.,13.));
#10739=DIRECTION('',(-0.,-0.,-1.));
#10740=DIRECTION('',(1.,0.,-0.));
#10741=AXIS2_PLACEMENT_3D('',#10738,#10739,#10740);
#10742=CIRCLE('',#10741,46.3);
#10743=EDGE_CURVE('',#10728,#10737,#10742,.T.);
#10744=ORIENTED_EDGE('',*,*,#10743,.T.);
#10745=CARTESIAN_POINT('',(-34.597845323,-30.768150725,13.));
#10746=DIRECTION('',(-0.,-0.,-1.));
#10747=DIRECTION('',(1.,0.,-0.));
#10748=AXIS2_PLACEMENT_3D('',#10745,#10746,#10747);
#10749=CIRCLE('',#10748,0.3);
#10750=EDGE_CURVE('',#10737,#10607,#10749,.T.);
#10751=ORIENTED_EDGE('',*,*,#10750,.T.);
#10752=ORIENTED_EDGE('',*,*,#10612,.F.);
#10753=CARTESIAN_POINT('',(-34.54905827,-31.122541231,13.));
#10754=VERTEX_POINT('',#10753);
#10755=CARTESIAN_POINT('',(-34.212414839,-31.492231913,13.));
#10756=DIRECTION('',(0.,0.,1.));
#10757=DIRECTION('',(-0.707106781,0.707106781,0.));
#10758=AXIS2_PLACEMENT_3D('',#10755,#10756,#10757);
#10759=CIRCLE('',#10758,0.5);
#10760=EDGE_CURVE('',#10605,#10754,#10759,.T.);
#10761=ORIENTED_EDGE('',*,*,#10760,.T.);
#10762=CARTESIAN_POINT('',(-31.122541231,-34.54905827,13.));
#10763=VERTEX_POINT('',#10762);
#10764=CARTESIAN_POINT('',(0.,0.,13.));
#10765=DIRECTION('',(0.,0.,1.));
#10766=DIRECTION('',(-0.707106781,0.707106781,0.));
#10767=AXIS2_PLACEMENT_3D('',#10764,#10765,#10766);
#10768=CIRCLE('',#10767,46.5);
#10769=EDGE_CURVE('',#10754,#10763,#10768,.T.);
#10770=ORIENTED_EDGE('',*,*,#10769,.T.);
#10771=CARTESIAN_POINT('',(-31.492231913,-34.212414839,13.));
#10772=DIRECTION('',(0.,0.,1.));
#10773=DIRECTION('',(-0.707106781,0.707106781,0.));
#10774=AXIS2_PLACEMENT_3D('',#10771,#10772,#10773);
#10775=CIRCLE('',#10774,0.5);
#10776=EDGE_CURVE('',#10763,#10705,#10775,.T.);
#10777=ORIENTED_EDGE('',*,*,#10776,.T.);
#10778=EDGE_LOOP('',(#10726,#10735,#10744,#10751,#10752,#10761,#10770,#10777));
#10779=FACE_BOUND('',#10778,.T.);
#10780=ADVANCED_FACE('',(#10779),#10725,.T.);
#10781=CARTESIAN_POINT('',(0.,0.,1.));
#10782=DIRECTION('',(0.,0.,1.));
#10783=DIRECTION('',(-0.707106781,0.707106781,0.));
#10784=AXIS2_PLACEMENT_3D('',#10781,#10782,#10783);
#10785=PLANE('',#10784);
#10786=CARTESIAN_POINT('',(-34.397758429,-30.991679772,1.));
#10787=VERTEX_POINT('',#10786);
#10788=CARTESIAN_POINT('',(-34.597845323,-30.768150725,1.));
#10789=DIRECTION('',(0.,0.,1.));
#10790=DIRECTION('',(1.,0.,-0.));
#10791=AXIS2_PLACEMENT_3D('',#10788,#10789,#10790);
#10792=CIRCLE('',#10791,0.3);
#10793=EDGE_CURVE('',#10615,#10787,#10792,.T.);
#10794=ORIENTED_EDGE('',*,*,#10793,.T.);
#10795=CARTESIAN_POINT('',(-30.991679772,-34.397758429,1.));
#10796=VERTEX_POINT('',#10795);
#10797=CARTESIAN_POINT('',(0.,0.,1.));
#10798=DIRECTION('',(0.,0.,1.));
#10799=DIRECTION('',(1.,0.,-0.));
#10800=AXIS2_PLACEMENT_3D('',#10797,#10798,#10799);
#10801=CIRCLE('',#10800,46.3);
#10802=EDGE_CURVE('',#10787,#10796,#10801,.T.);
#10803=ORIENTED_EDGE('',*,*,#10802,.T.);
#10804=CARTESIAN_POINT('',(-30.768150725,-34.597845323,1.));
#10805=DIRECTION('',(0.,0.,1.));
#10806=DIRECTION('',(1.,0.,-0.));
#10807=AXIS2_PLACEMENT_3D('',#10804,#10805,#10806);
#10808=CIRCLE('',#10807,0.3);
#10809=EDGE_CURVE('',#10796,#10689,#10808,.T.);
#10810=ORIENTED_EDGE('',*,*,#10809,.T.);
#10811=ORIENTED_EDGE('',*,*,#10694,.F.);
#10812=CARTESIAN_POINT('',(-31.122541231,-34.54905827,1.));
#10813=VERTEX_POINT('',#10812);
#10814=CARTESIAN_POINT('',(-31.492231913,-34.212414839,1.));
#10815=DIRECTION('',(-0.,-0.,-1.));
#10816=DIRECTION('',(-0.707106781,0.707106781,0.));
#10817=AXIS2_PLACEMENT_3D('',#10814,#10815,#10816);
#10818=CIRCLE('',#10817,0.5);
#10819=EDGE_CURVE('',#10687,#10813,#10818,.T.);
#10820=ORIENTED_EDGE('',*,*,#10819,.T.);
#10821=CARTESIAN_POINT('',(-34.54905827,-31.122541231,1.));
#10822=VERTEX_POINT('',#10821);
#10823=CARTESIAN_POINT('',(0.,0.,1.));
#10824=DIRECTION('',(-0.,-0.,-1.));
#10825=DIRECTION('',(-0.707106781,0.707106781,0.));
#10826=AXIS2_PLACEMENT_3D('',#10823,#10824,#10825);
#10827=CIRCLE('',#10826,46.5);
#10828=EDGE_CURVE('',#10813,#10822,#10827,.T.);
#10829=ORIENTED_EDGE('',*,*,#10828,.T.);
#10830=CARTESIAN_POINT('',(-34.212414839,-31.492231913,1.));
#10831=DIRECTION('',(-0.,-0.,-1.));
#10832=DIRECTION('',(-0.707106781,0.707106781,0.));
#10833=AXIS2_PLACEMENT_3D('',#10830,#10831,#10832);
#10834=CIRCLE('',#10833,0.5);
#10835=EDGE_CURVE('',#10822,#10623,#10834,.T.);
#10836=ORIENTED_EDGE('',*,*,#10835,.T.);
#10837=ORIENTED_EDGE('',*,*,#10628,.T.);
#10838=EDGE_LOOP('',(#10794,#10803,#10810,#10811,#10820,#10829,#10836,#10837));
#10839=FACE_BOUND('',#10838,.T.);
#10840=ADVANCED_FACE('',(#10839),#10785,.F.);
#10841=CARTESIAN_POINT('',(-31.492231913,-34.212414839,13.));
#10842=DIRECTION('',(0.,0.,-1.));
#10843=DIRECTION('',(0.707106781,-0.707106781,0.));
#10844=AXIS2_PLACEMENT_3D('',#10841,#10842,#10843);
#10845=CYLINDRICAL_SURFACE('',#10844,0.5);
#10846=CARTESIAN_POINT('',(-31.138687878,-34.565958855,1.000559165));
#10847=VERTEX_POINT('',#10846);
#10848=CARTESIAN_POINT('',(-31.138687878,-34.565958855,12.999440835));
#10849=VERTEX_POINT('',#10848);
#10850=CARTESIAN_POINT('',(-31.138678523,-34.565968229,1.000559165));
#10851=DIRECTION('',(-0.,-0.,1.));
#10852=VECTOR('',#10851,11.99888167);
#10853=LINE('',#10850,#10852);
#10854=EDGE_CURVE('',#10847,#10849,#10853,.T.);
#10855=ORIENTED_EDGE('',*,*,#10854,.T.);
#10856=CARTESIAN_POINT('',(-31.830858063,-34.580290267,12.5));
#10857=CARTESIAN_POINT('',(-31.78905944,-34.618765538,12.556506703));
#10858=CARTESIAN_POINT('',(-31.741469396,-34.649796875,12.612239113));
#10859=CARTESIAN_POINT('',(-31.68766437,-34.672638868,12.667054059));
#10860=CARTESIAN_POINT('',(-31.633859343,-34.695480862,12.721869005));
#10861=CARTESIAN_POINT('',(-31.575716495,-34.709482377,12.773952802));
#10862=CARTESIAN_POINT('',(-31.512159832,-34.712017559,12.822374902));
#10863=CARTESIAN_POINT('',(-31.448603168,-34.714552741,12.870797003));
#10864=CARTESIAN_POINT('',(-31.380596199,-34.705246857,12.914603145));
#10865=CARTESIAN_POINT('',(-31.312374417,-34.678945954,12.947220808));
#10866=CARTESIAN_POINT('',(-31.244152636,-34.65264505,12.979838471));
#10867=CARTESIAN_POINT('',(-31.176976537,-34.608837322,13.));
#10868=CARTESIAN_POINT('',(-31.122541231,-34.54905827,13.));
#10869=B_SPLINE_CURVE_WITH_KNOTS('',3,(#10856,#10857,#10858,#10859,#10860,#10861,#10862,#10863,#10864,#10865,#10866,#10867,#10868),.UNSPECIFIED.,.F.,.F.,(4,3,3,3,4),(0.,0.000238356,0.000476713,0.000715069,0.000953425),.UNSPECIFIED.);
#10870=EDGE_CURVE('',#10645,#10849,#10869,.T.);
#10871=ORIENTED_EDGE('',*,*,#10870,.F.);
#10872=ORIENTED_EDGE('',*,*,#10676,.F.);
#10873=CARTESIAN_POINT('',(-31.122541231,-34.54905827,1.));
#10874=CARTESIAN_POINT('',(-31.176976537,-34.608837322,1.));
#10875=CARTESIAN_POINT('',(-31.244152636,-34.65264505,1.020161529));
#10876=CARTESIAN_POINT('',(-31.312374417,-34.678945954,1.052779192));
#10877=CARTESIAN_POINT('',(-31.380596199,-34.705246857,1.085396855));
#10878=CARTESIAN_POINT('',(-31.448603168,-34.714552741,1.129202997));
#10879=CARTESIAN_POINT('',(-31.512159832,-34.712017559,1.177625098));
#10880=CARTESIAN_POINT('',(-31.575716495,-34.709482377,1.226047198));
#10881=CARTESIAN_POINT('',(-31.633859343,-34.695480862,1.278130995));
#10882=CARTESIAN_POINT('',(-31.68766437,-34.672638868,1.332945941));
#10883=CARTESIAN_POINT('',(-31.741469396,-34.649796875,1.387760887));
#10884=CARTESIAN_POINT('',(-31.78906028,-34.618764765,1.443492149));
#10885=CARTESIAN_POINT('',(-31.830858063,-34.580290267,1.5));
#10886=B_SPLINE_CURVE_WITH_KNOTS('',3,(#10873,#10874,#10875,#10876,#10877,#10878,#10879,#10880,#10881,#10882,#10883,#10884,#10885),.UNSPECIFIED.,.F.,.F.,(4,3,3,3,4),(0.,0.000238356,0.000476713,0.000715069,0.000953425),.UNSPECIFIED.);
#10887=EDGE_CURVE('',#10847,#10664,#10886,.T.);
#10888=ORIENTED_EDGE('',*,*,#10887,.F.);
#10889=EDGE_LOOP('',(#10855,#10871,#10872,#10888));
#10890=FACE_BOUND('',#10889,.T.);
#10891=ADVANCED_FACE('',(#10890),#10845,.T.);
#10892=CARTESIAN_POINT('',(0.,0.,12.5));
#10893=DIRECTION('',(0.,0.,1.));
#10894=DIRECTION('',(-0.707106781,0.707106781,0.));
#10895=AXIS2_PLACEMENT_3D('',#10892,#10893,#10894);
#10896=TOROIDAL_SURFACE('',#10895,46.5,0.5);
#10897=ORIENTED_EDGE('',*,*,#10870,.T.);
#10898=CARTESIAN_POINT('',(-31.830858063,-34.580290267,12.5));
#10899=CARTESIAN_POINT('',(-31.78905944,-34.618765538,12.556506703));
#10900=CARTESIAN_POINT('',(-31.741469396,-34.649796875,12.612239113));
#10901=CARTESIAN_POINT('',(-31.68766437,-34.672638868,12.667054059));
#10902=CARTESIAN_POINT('',(-31.633859343,-34.695480862,12.721869005));
#10903=CARTESIAN_POINT('',(-31.575716495,-34.709482377,12.773952802));
#10904=CARTESIAN_POINT('',(-31.512159832,-34.712017559,12.822374902));
#10905=CARTESIAN_POINT('',(-31.448603168,-34.714552741,12.870797003));
#10906=CARTESIAN_POINT('',(-31.380596199,-34.705246857,12.914603145));
#10907=CARTESIAN_POINT('',(-31.312374417,-34.678945954,12.947220808));
#10908=CARTESIAN_POINT('',(-31.244152636,-34.65264505,12.979838471));
#10909=CARTESIAN_POINT('',(-31.176976537,-34.608837322,13.));
#10910=CARTESIAN_POINT('',(-31.122541231,-34.54905827,13.));
#10911=B_SPLINE_CURVE_WITH_KNOTS('',3,(#10898,#10899,#10900,#10901,#10902,#10903,#10904,#10905,#10906,#10907,#10908,#10909,#10910),.UNSPECIFIED.,.F.,.F.,(4,3,3,3,4),(0.,0.000238356,0.000476713,0.000715069,0.000953425),.UNSPECIFIED.);
#10912=EDGE_CURVE('',#10849,#10763,#10911,.T.);
#10913=ORIENTED_EDGE('',*,*,#10912,.T.);
#10914=ORIENTED_EDGE('',*,*,#10769,.F.);
#10915=CARTESIAN_POINT('',(-34.580290267,-31.830858063,12.5));
#10916=CARTESIAN_POINT('',(-34.618764765,-31.78906028,12.556507851));
#10917=CARTESIAN_POINT('',(-34.649796875,-31.741469396,12.612239113));
#10918=CARTESIAN_POINT('',(-34.672638868,-31.68766437,12.667054059));
#10919=CARTESIAN_POINT('',(-34.695480862,-31.633859343,12.721869005));
#10920=CARTESIAN_POINT('',(-34.709482377,-31.575716495,12.773952802));
#10921=CARTESIAN_POINT('',(-34.712017559,-31.512159832,12.822374902));
#10922=CARTESIAN_POINT('',(-34.714552741,-31.448603168,12.870797003));
#10923=CARTESIAN_POINT('',(-34.705246857,-31.380596199,12.914603145));
#10924=CARTESIAN_POINT('',(-34.678945954,-31.312374417,12.947220808));
#10925=CARTESIAN_POINT('',(-34.65264505,-31.244152636,12.979838471));
#10926=CARTESIAN_POINT('',(-34.608837322,-31.176976537,13.));
#10927=CARTESIAN_POINT('',(-34.54905827,-31.122541231,13.));
#10928=B_SPLINE_CURVE_WITH_KNOTS('',3,(#10915,#10916,#10917,#10918,#10919,#10920,#10921,#10922,#10923,#10924,#10925,#10926,#10927),.UNSPECIFIED.,.F.,.F.,(4,3,3,3,4),(0.,0.000238356,0.000476713,0.000715069,0.000953425),.UNSPECIFIED.);
#10929=EDGE_CURVE('',#10647,#10754,#10928,.T.);
#10930=ORIENTED_EDGE('',*,*,#10929,.F.);
#10931=ORIENTED_EDGE('',*,*,#10653,.F.);
#10932=EDGE_LOOP('',(#10897,#10913,#10914,#10930,#10931));
#10933=FACE_BOUND('',#10932,.T.);
#10934=ADVANCED_FACE('',(#10933),#10896,.T.);
#10935=CARTESIAN_POINT('',(0.,0.,1.5));
#10936=DIRECTION('',(0.,0.,1.));
#10937=DIRECTION('',(-0.707106781,0.707106781,0.));
#10938=AXIS2_PLACEMENT_3D('',#10935,#10936,#10937);
#10939=TOROIDAL_SURFACE('',#10938,46.5,0.5);
#10940=CARTESIAN_POINT('',(-31.122541231,-34.54905827,1.));
#10941=CARTESIAN_POINT('',(-31.176976537,-34.608837322,1.));
#10942=CARTESIAN_POINT('',(-31.244152636,-34.65264505,1.020161529));
#10943=CARTESIAN_POINT('',(-31.312374417,-34.678945954,1.052779192));
#10944=CARTESIAN_POINT('',(-31.380596199,-34.705246857,1.085396855));
#10945=CARTESIAN_POINT('',(-31.448603168,-34.714552741,1.129202997));
#10946=CARTESIAN_POINT('',(-31.512159832,-34.712017559,1.177625098));
#10947=CARTESIAN_POINT('',(-31.575716495,-34.709482377,1.226047198));
#10948=CARTESIAN_POINT('',(-31.633859343,-34.695480862,1.278130995));
#10949=CARTESIAN_POINT('',(-31.68766437,-34.672638868,1.332945941));
#10950=CARTESIAN_POINT('',(-31.741469396,-34.649796875,1.387760887));
#10951=CARTESIAN_POINT('',(-31.78906028,-34.618764765,1.443492149));
#10952=CARTESIAN_POINT('',(-31.830858063,-34.580290267,1.5));
#10953=B_SPLINE_CURVE_WITH_KNOTS('',3,(#10940,#10941,#10942,#10943,#10944,#10945,#10946,#10947,#10948,#10949,#10950,#10951,#10952),.UNSPECIFIED.,.F.,.F.,(4,3,3,3,4),(0.,0.000238356,0.000476713,0.000715069,0.000953425),.UNSPECIFIED.);
#10954=EDGE_CURVE('',#10813,#10847,#10953,.T.);
#10955=ORIENTED_EDGE('',*,*,#10954,.T.);
#10956=ORIENTED_EDGE('',*,*,#10887,.T.);
#10957=ORIENTED_EDGE('',*,*,#10670,.F.);
#10958=CARTESIAN_POINT('',(-34.54905827,-31.122541231,1.));
#10959=CARTESIAN_POINT('',(-34.608837322,-31.176976537,1.));
#10960=CARTESIAN_POINT('',(-34.65264505,-31.244152636,1.020161529));
#10961=CARTESIAN_POINT('',(-34.678945954,-31.312374417,1.052779192));
#10962=CARTESIAN_POINT('',(-34.705246857,-31.380596199,1.085396855));
#10963=CARTESIAN_POINT('',(-34.714552741,-31.448603168,1.129202997));
#10964=CARTESIAN_POINT('',(-34.712017559,-31.512159832,1.177625098));
#10965=CARTESIAN_POINT('',(-34.709482377,-31.575716495,1.226047198));
#10966=CARTESIAN_POINT('',(-34.695480862,-31.633859343,1.278130995));
#10967=CARTESIAN_POINT('',(-34.672638868,-31.68766437,1.332945941));
#10968=CARTESIAN_POINT('',(-34.649796875,-31.741469396,1.387760887));
#10969=CARTESIAN_POINT('',(-34.618765538,-31.78905944,1.443493297));
#10970=CARTESIAN_POINT('',(-34.580290267,-31.830858063,1.5));
#10971=B_SPLINE_CURVE_WITH_KNOTS('',3,(#10958,#10959,#10960,#10961,#10962,#10963,#10964,#10965,#10966,#10967,#10968,#10969,#10970),.UNSPECIFIED.,.F.,.F.,(4,3,3,3,4),(0.,0.000238356,0.000476713,0.000715069,0.000953425),.UNSPECIFIED.);
#10972=EDGE_CURVE('',#10822,#10656,#10971,.T.);
#10973=ORIENTED_EDGE('',*,*,#10972,.F.);
#10974=ORIENTED_EDGE('',*,*,#10828,.F.);
#10975=EDGE_LOOP('',(#10955,#10956,#10957,#10973,#10974));
#10976=FACE_BOUND('',#10975,.T.);
#10977=ADVANCED_FACE('',(#10976),#10939,.T.);
#10978=CARTESIAN_POINT('',(-34.212414839,-31.492231913,13.));
#10979=DIRECTION('',(0.,0.,-1.));
#10980=DIRECTION('',(0.707106781,-0.707106781,0.));
#10981=AXIS2_PLACEMENT_3D('',#10978,#10979,#10980);
#10982=CYLINDRICAL_SURFACE('',#10981,0.5);
#10983=ORIENTED_EDGE('',*,*,#10760,.F.);
#10984=ORIENTED_EDGE('',*,*,#10634,.F.);
#10985=ORIENTED_EDGE('',*,*,#10835,.F.);
#10986=ORIENTED_EDGE('',*,*,#10972,.T.);
#10987=ORIENTED_EDGE('',*,*,#10661,.F.);
#10988=ORIENTED_EDGE('',*,*,#10929,.T.);
#10989=EDGE_LOOP('',(#10983,#10984,#10985,#10986,#10987,#10988));
#10990=FACE_BOUND('',#10989,.T.);
#10991=ADVANCED_FACE('',(#10990),#10982,.T.);
#10992=CARTESIAN_POINT('',(-25.316870015,-39.003922611,13.));
#10993=DIRECTION('',(-0.827000267,0.562201528,0.));
#10994=DIRECTION('',(-0.562201528,-0.827000267,0.));
#10995=AXIS2_PLACEMENT_3D('',#10992,#10993,#10994);
#10996=PLANE('',#10995);
#10997=CARTESIAN_POINT('',(-25.309365814,-38.992883908,13.));
#10998=VERTEX_POINT('',#10997);
#10999=CARTESIAN_POINT('',(-25.207468861,-38.84299316,13.));
#11000=VERTEX_POINT('',#10999);
#11001=CARTESIAN_POINT('',(-25.309365814,-38.992883908,13.));
#11002=DIRECTION('',(0.562201528,0.827000267,0.));
#11003=VECTOR('',#11002,0.181246312);
#11004=LINE('',#11001,#11003);
#11005=EDGE_CURVE('',#10998,#11000,#11004,.T.);
#11006=ORIENTED_EDGE('',*,*,#11005,.T.);
#11007=CARTESIAN_POINT('',(-25.207468861,-38.84299316,1.));
#11008=VERTEX_POINT('',#11007);
#11009=CARTESIAN_POINT('',(-25.207468861,-38.84299316,13.));
#11010=DIRECTION('',(0.,0.,-1.));
#11011=VECTOR('',#11010,12.);
#11012=LINE('',#11009,#11011);
#11013=EDGE_CURVE('',#11000,#11008,#11012,.T.);
#11014=ORIENTED_EDGE('',*,*,#11013,.T.);
#11015=CARTESIAN_POINT('',(-25.309365814,-38.992883908,1.));
#11016=VERTEX_POINT('',#11015);
#11017=CARTESIAN_POINT('',(-25.309365814,-38.992883908,1.));
#11018=DIRECTION('',(0.562201528,0.827000267,0.));
#11019=VECTOR('',#11018,0.181246312);
#11020=LINE('',#11017,#11019);
#11021=EDGE_CURVE('',#11016,#11008,#11020,.T.);
#11022=ORIENTED_EDGE('',*,*,#11021,.F.);
#11023=CARTESIAN_POINT('',(-25.309365814,-38.992883908,1.));
#11024=DIRECTION('',(0.,0.,1.));
#11025=VECTOR('',#11024,12.);
#11026=LINE('',#11023,#11025);
#11027=EDGE_CURVE('',#11016,#10998,#11026,.T.);
#11028=ORIENTED_EDGE('',*,*,#11027,.T.);
#11029=EDGE_LOOP('',(#11006,#11014,#11022,#11028));
#11030=FACE_BOUND('',#11029,.T.);
#11031=ADVANCED_FACE('',(#11030),#10996,.T.);
#11032=CARTESIAN_POINT('',(0.,0.,13.));
#11033=DIRECTION('',(0.,0.,-1.));
#11034=DIRECTION('',(0.866025404,-0.5,0.));
#11035=AXIS2_PLACEMENT_3D('',#11032,#11033,#11034);
#11036=CYLINDRICAL_SURFACE('',#11035,47.);
#11037=CARTESIAN_POINT('',(-21.79621017,-41.640427738,12.5));
#11038=VERTEX_POINT('',#11037);
#11039=CARTESIAN_POINT('',(-25.163563161,-39.696285582,12.5));
#11040=VERTEX_POINT('',#11039);
#11041=CARTESIAN_POINT('',(0.,0.,12.5));
#11042=DIRECTION('',(-0.,-0.,-1.));
#11043=DIRECTION('',(-0.866025404,0.5,0.));
#11044=AXIS2_PLACEMENT_3D('',#11041,#11042,#11043);
#11045=CIRCLE('',#11044,47.);
#11046=EDGE_CURVE('',#11038,#11040,#11045,.T.);
#11047=ORIENTED_EDGE('',*,*,#11046,.T.);
#11048=CARTESIAN_POINT('',(-25.163563161,-39.696285582,1.5));
#11049=VERTEX_POINT('',#11048);
#11050=CARTESIAN_POINT('',(-25.163563161,-39.696285582,12.5));
#11051=DIRECTION('',(0.,0.,-1.));
#11052=VECTOR('',#11051,11.);
#11053=LINE('',#11050,#11052);
#11054=EDGE_CURVE('',#11040,#11049,#11053,.T.);
#11055=ORIENTED_EDGE('',*,*,#11054,.T.);
#11056=CARTESIAN_POINT('',(-21.79621017,-41.640427738,1.5));
#11057=VERTEX_POINT('',#11056);
#11058=CARTESIAN_POINT('',(0.,0.,1.5));
#11059=DIRECTION('',(0.,0.,1.));
#11060=DIRECTION('',(-0.866025404,0.5,0.));
#11061=AXIS2_PLACEMENT_3D('',#11058,#11059,#11060);
#11062=CIRCLE('',#11061,47.);
#11063=EDGE_CURVE('',#11049,#11057,#11062,.T.);
#11064=ORIENTED_EDGE('',*,*,#11063,.T.);
#11065=CARTESIAN_POINT('',(-21.79621017,-41.640427738,1.5));
#11066=DIRECTION('',(-0.,-0.,1.));
#11067=VECTOR('',#11066,11.);
#11068=LINE('',#11065,#11067);
#11069=EDGE_CURVE('',#11057,#11038,#11068,.T.);
#11070=ORIENTED_EDGE('',*,*,#11069,.T.);
#11071=EDGE_LOOP('',(#11047,#11055,#11064,#11070));
#11072=FACE_BOUND('',#11071,.T.);
#11073=ADVANCED_FACE('',(#11072),#11036,.T.);
#11074=CARTESIAN_POINT('',(-21.119952821,-41.427013882,13.));
#11075=DIRECTION('',(-0.900380939,0.435102476,0.));
#11076=DIRECTION('',(-0.435102476,-0.900380939,0.));
#11077=AXIS2_PLACEMENT_3D('',#11074,#11075,#11076);
#11078=PLANE('',#11077);
#11079=CARTESIAN_POINT('',(-21.114145124,-41.414995703,1.));
#11080=VERTEX_POINT('',#11079);
#11081=CARTESIAN_POINT('',(-21.035284405,-41.251804978,1.));
#11082=VERTEX_POINT('',#11081);
#11083=CARTESIAN_POINT('',(-21.114145124,-41.414995703,1.));
#11084=DIRECTION('',(0.435102476,0.900380939,0.));
#11085=VECTOR('',#11084,0.181246312);
#11086=LINE('',#11083,#11085);
#11087=EDGE_CURVE('',#11080,#11082,#11086,.T.);
#11088=ORIENTED_EDGE('',*,*,#11087,.T.);
#11089=CARTESIAN_POINT('',(-21.035284405,-41.251804978,13.));
#11090=VERTEX_POINT('',#11089);
#11091=CARTESIAN_POINT('',(-21.035284405,-41.251804978,1.));
#11092=DIRECTION('',(0.,0.,1.));
#11093=VECTOR('',#11092,12.);
#11094=LINE('',#11091,#11093);
#11095=EDGE_CURVE('',#11082,#11090,#11094,.T.);
#11096=ORIENTED_EDGE('',*,*,#11095,.T.);
#11097=CARTESIAN_POINT('',(-21.114145124,-41.414995703,13.));
#11098=VERTEX_POINT('',#11097);
#11099=CARTESIAN_POINT('',(-21.114145124,-41.414995703,13.));
#11100=DIRECTION('',(0.435102476,0.900380939,0.));
#11101=VECTOR('',#11100,0.181246312);
#11102=LINE('',#11099,#11101);
#11103=EDGE_CURVE('',#11098,#11090,#11102,.T.);
#11104=ORIENTED_EDGE('',*,*,#11103,.F.);
#11105=CARTESIAN_POINT('',(-21.114145124,-41.414995703,13.));
#11106=DIRECTION('',(0.,0.,-1.));
#11107=VECTOR('',#11106,12.);
#11108=LINE('',#11105,#11107);
#11109=EDGE_CURVE('',#11098,#11080,#11108,.T.);
#11110=ORIENTED_EDGE('',*,*,#11109,.T.);
#11111=EDGE_LOOP('',(#11088,#11096,#11104,#11110));
#11112=FACE_BOUND('',#11111,.T.);
#11113=ADVANCED_FACE('',(#11112),#11078,.F.);
#11114=CARTESIAN_POINT('',(0.,0.,13.));
#11115=DIRECTION('',(0.,0.,1.));
#11116=DIRECTION('',(-0.866025404,0.5,0.));
#11117=AXIS2_PLACEMENT_3D('',#11114,#11115,#11116);
#11118=PLANE('',#11117);
#11119=ORIENTED_EDGE('',*,*,#11103,.T.);
#11120=CARTESIAN_POINT('',(-21.032868902,-41.246920197,13.));
#11121=VERTEX_POINT('',#11120);
#11122=CARTESIAN_POINT('',(-20.765170123,-41.382335721,13.));
#11123=DIRECTION('',(-0.,-0.,-1.));
#11124=DIRECTION('',(1.,0.,-0.));
#11125=AXIS2_PLACEMENT_3D('',#11122,#11123,#11124);
#11126=CIRCLE('',#11125,0.3);
#11127=EDGE_CURVE('',#11090,#11121,#11126,.T.);
#11128=ORIENTED_EDGE('',*,*,#11127,.T.);
#11129=CARTESIAN_POINT('',(-25.204446268,-38.838458882,13.));
#11130=VERTEX_POINT('',#11129);
#11131=CARTESIAN_POINT('',(0.,0.,13.));
#11132=DIRECTION('',(-0.,-0.,-1.));
#11133=DIRECTION('',(1.,0.,-0.));
#11134=AXIS2_PLACEMENT_3D('',#11131,#11132,#11133);
#11135=CIRCLE('',#11134,46.3);
#11136=EDGE_CURVE('',#11121,#11130,#11135,.T.);
#11137=ORIENTED_EDGE('',*,*,#11136,.T.);
#11138=CARTESIAN_POINT('',(-25.455568941,-38.674332701,13.));
#11139=DIRECTION('',(-0.,-0.,-1.));
#11140=DIRECTION('',(1.,0.,-0.));
#11141=AXIS2_PLACEMENT_3D('',#11138,#11139,#11140);
#11142=CIRCLE('',#11141,0.3);
#11143=EDGE_CURVE('',#11130,#11000,#11142,.T.);
#11144=ORIENTED_EDGE('',*,*,#11143,.T.);
#11145=ORIENTED_EDGE('',*,*,#11005,.F.);
#11146=CARTESIAN_POINT('',(-25.316721254,-39.004020625,13.));
#11147=VERTEX_POINT('',#11146);
#11148=CARTESIAN_POINT('',(-24.895865681,-39.273984672,13.));
#11149=DIRECTION('',(0.,0.,1.));
#11150=DIRECTION('',(-0.866025404,0.5,0.));
#11151=AXIS2_PLACEMENT_3D('',#11148,#11149,#11150);
#11152=CIRCLE('',#11151,0.5);
#11153=EDGE_CURVE('',#10998,#11147,#11152,.T.);
#11154=ORIENTED_EDGE('',*,*,#11153,.T.);
#11155=CARTESIAN_POINT('',(-21.120112084,-41.426934059,13.));
#11156=VERTEX_POINT('',#11155);
#11157=CARTESIAN_POINT('',(0.,0.,13.));
#11158=DIRECTION('',(0.,0.,1.));
#11159=DIRECTION('',(-0.866025404,0.5,0.));
#11160=AXIS2_PLACEMENT_3D('',#11157,#11158,#11159);
#11161=CIRCLE('',#11160,46.5);
#11162=EDGE_CURVE('',#11147,#11156,#11161,.T.);
#11163=ORIENTED_EDGE('',*,*,#11162,.T.);
#11164=CARTESIAN_POINT('',(-21.564335593,-41.197444465,13.));
#11165=DIRECTION('',(0.,0.,1.));
#11166=DIRECTION('',(-0.866025404,0.5,0.));
#11167=AXIS2_PLACEMENT_3D('',#11164,#11165,#11166);
#11168=CIRCLE('',#11167,0.5);
#11169=EDGE_CURVE('',#11156,#11098,#11168,.T.);
#11170=ORIENTED_EDGE('',*,*,#11169,.T.);
#11171=EDGE_LOOP('',(#11119,#11128,#11137,#11144,#11145,#11154,#11163,#11170));
#11172=FACE_BOUND('',#11171,.T.);
#11173=ADVANCED_FACE('',(#11172),#11118,.T.);
#11174=CARTESIAN_POINT('',(0.,0.,1.));
#11175=DIRECTION('',(0.,0.,1.));
#11176=DIRECTION('',(-0.866025404,0.5,0.));
#11177=AXIS2_PLACEMENT_3D('',#11174,#11175,#11176);
#11178=PLANE('',#11177);
#11179=CARTESIAN_POINT('',(-25.204446268,-38.838458882,1.));
#11180=VERTEX_POINT('',#11179);
#11181=CARTESIAN_POINT('',(-25.455568941,-38.674332701,1.));
#11182=DIRECTION('',(0.,0.,1.));
#11183=DIRECTION('',(1.,0.,-0.));
#11184=AXIS2_PLACEMENT_3D('',#11181,#11182,#11183);
#11185=CIRCLE('',#11184,0.3);
#11186=EDGE_CURVE('',#11008,#11180,#11185,.T.);
#11187=ORIENTED_EDGE('',*,*,#11186,.T.);
#11188=CARTESIAN_POINT('',(-21.032868902,-41.246920197,1.));
#11189=VERTEX_POINT('',#11188);
#11190=CARTESIAN_POINT('',(0.,0.,1.));
#11191=DIRECTION('',(0.,0.,1.));
#11192=DIRECTION('',(1.,0.,-0.));
#11193=AXIS2_PLACEMENT_3D('',#11190,#11191,#11192);
#11194=CIRCLE('',#11193,46.3);
#11195=EDGE_CURVE('',#11180,#11189,#11194,.T.);
#11196=ORIENTED_EDGE('',*,*,#11195,.T.);
#11197=CARTESIAN_POINT('',(-20.765170123,-41.382335721,1.));
#11198=DIRECTION('',(0.,0.,1.));
#11199=DIRECTION('',(1.,0.,-0.));
#11200=AXIS2_PLACEMENT_3D('',#11197,#11198,#11199);
#11201=CIRCLE('',#11200,0.3);
#11202=EDGE_CURVE('',#11189,#11082,#11201,.T.);
#11203=ORIENTED_EDGE('',*,*,#11202,.T.);
#11204=ORIENTED_EDGE('',*,*,#11087,.F.);
#11205=CARTESIAN_POINT('',(-21.120112084,-41.426934059,1.));
#11206=VERTEX_POINT('',#11205);
#11207=CARTESIAN_POINT('',(-21.564335593,-41.197444465,1.));
#11208=DIRECTION('',(-0.,-0.,-1.));
#11209=DIRECTION('',(-0.866025404,0.5,0.));
#11210=AXIS2_PLACEMENT_3D('',#11207,#11208,#11209);
#11211=CIRCLE('',#11210,0.5);
#11212=EDGE_CURVE('',#11080,#11206,#11211,.T.);
#11213=ORIENTED_EDGE('',*,*,#11212,.T.);
#11214=CARTESIAN_POINT('',(-25.316721254,-39.004020625,1.));
#11215=VERTEX_POINT('',#11214);
#11216=CARTESIAN_POINT('',(0.,0.,1.));
#11217=DIRECTION('',(-0.,-0.,-1.));
#11218=DIRECTION('',(-0.866025404,0.5,0.));
#11219=AXIS2_PLACEMENT_3D('',#11216,#11217,#11218);
#11220=CIRCLE('',#11219,46.5);
#11221=EDGE_CURVE('',#11206,#11215,#11220,.T.);
#11222=ORIENTED_EDGE('',*,*,#11221,.T.);
#11223=CARTESIAN_POINT('',(-24.895865681,-39.273984672,1.));
#11224=DIRECTION('',(-0.,-0.,-1.));
#11225=DIRECTION('',(-0.866025404,0.5,0.));
#11226=AXIS2_PLACEMENT_3D('',#11223,#11224,#11225);
#11227=CIRCLE('',#11226,0.5);
#11228=EDGE_CURVE('',#11215,#11016,#11227,.T.);
#11229=ORIENTED_EDGE('',*,*,#11228,.T.);
#11230=ORIENTED_EDGE('',*,*,#11021,.T.);
#11231=EDGE_LOOP('',(#11187,#11196,#11203,#11204,#11213,#11222,#11229,#11230));
#11232=FACE_BOUND('',#11231,.T.);
#11233=ADVANCED_FACE('',(#11232),#11178,.F.);
#11234=CARTESIAN_POINT('',(-21.564335593,-41.197444465,13.));
#11235=DIRECTION('',(0.,0.,-1.));
#11236=DIRECTION('',(0.866025404,-0.5,0.));
#11237=AXIS2_PLACEMENT_3D('',#11234,#11235,#11236);
#11238=CYLINDRICAL_SURFACE('',#11237,0.5);
#11239=CARTESIAN_POINT('',(-21.131334354,-41.447437831,1.000559165));
#11240=VERTEX_POINT('',#11239);
#11241=CARTESIAN_POINT('',(-21.131334354,-41.447437831,12.999440835));
#11242=VERTEX_POINT('',#11241);
#11243=CARTESIAN_POINT('',(-21.131322892,-41.447444465,1.000559165));
#11244=DIRECTION('',(-0.,-0.,1.));
#11245=VECTOR('',#11244,11.99888167);
#11246=LINE('',#11243,#11245);
#11247=EDGE_CURVE('',#11240,#11242,#11246,.T.);
#11248=ORIENTED_EDGE('',*,*,#11247,.T.);
#11249=CARTESIAN_POINT('',(-21.79621017,-41.640427738,12.5));
#11250=CARTESIAN_POINT('',(-21.745877667,-41.666773717,12.556506703));
#11251=CARTESIAN_POINT('',(-21.691877714,-41.684430476,12.612239113));
#11252=CARTESIAN_POINT('',(-21.633994106,-41.692568382,12.667054059));
#11253=CARTESIAN_POINT('',(-21.576110499,-41.700706288,12.721869005));
#11254=CARTESIAN_POINT('',(-21.516324962,-41.699182237,12.773952802));
#11255=CARTESIAN_POINT('',(-21.454277785,-41.68518136,12.822374902));
#11256=CARTESIAN_POINT('',(-21.392230609,-41.671180483,12.870797003));
#11257=CARTESIAN_POINT('',(-21.328949461,-41.64459019,12.914603145));
#11258=CARTESIAN_POINT('',(-21.269859455,-41.601528372,12.947220808));
#11259=CARTESIAN_POINT('',(-21.21076945,-41.558466553,12.979838471));
#11260=CARTESIAN_POINT('',(-21.157220595,-41.498765084,13.));
#11261=CARTESIAN_POINT('',(-21.120112084,-41.426934059,13.));
#11262=B_SPLINE_CURVE_WITH_KNOTS('',3,(#11249,#11250,#11251,#11252,#11253,#11254,#11255,#11256,#11257,#11258,#11259,#11260,#11261),.UNSPECIFIED.,.F.,.F.,(4,3,3,3,4),(0.,0.000238356,0.000476713,0.000715069,0.000953425),.UNSPECIFIED.);
#11263=EDGE_CURVE('',#11038,#11242,#11262,.T.);
#11264=ORIENTED_EDGE('',*,*,#11263,.F.);
#11265=ORIENTED_EDGE('',*,*,#11069,.F.);
#11266=CARTESIAN_POINT('',(-21.120112084,-41.426934059,1.));
#11267=CARTESIAN_POINT('',(-21.157220595,-41.498765084,1.));
#11268=CARTESIAN_POINT('',(-21.21076945,-41.558466553,1.020161529));
#11269=CARTESIAN_POINT('',(-21.269859455,-41.601528372,1.052779192));
#11270=CARTESIAN_POINT('',(-21.328949461,-41.64459019,1.085396855));
#11271=CARTESIAN_POINT('',(-21.392230609,-41.671180483,1.129202997));
#11272=CARTESIAN_POINT('',(-21.454277785,-41.68518136,1.177625098));
#11273=CARTESIAN_POINT('',(-21.516324962,-41.699182237,1.226047198));
#11274=CARTESIAN_POINT('',(-21.576110499,-41.700706288,1.278130995));
#11275=CARTESIAN_POINT('',(-21.633994106,-41.692568382,1.332945941));
#11276=CARTESIAN_POINT('',(-21.691877714,-41.684430476,1.387760887));
#11277=CARTESIAN_POINT('',(-21.745878679,-41.666773187,1.443492149));
#11278=CARTESIAN_POINT('',(-21.79621017,-41.640427738,1.5));
#11279=B_SPLINE_CURVE_WITH_KNOTS('',3,(#11266,#11267,#11268,#11269,#11270,#11271,#11272,#11273,#11274,#11275,#11276,#11277,#11278),.UNSPECIFIED.,.F.,.F.,(4,3,3,3,4),(0.,0.000238356,0.000476713,0.000715069,0.000953425),.UNSPECIFIED.);
#11280=EDGE_CURVE('',#11240,#11057,#11279,.T.);
#11281=ORIENTED_EDGE('',*,*,#11280,.F.);
#11282=EDGE_LOOP('',(#11248,#11264,#11265,#11281));
#11283=FACE_BOUND('',#11282,.T.);
#11284=ADVANCED_FACE('',(#11283),#11238,.T.);
#11285=CARTESIAN_POINT('',(0.,0.,12.5));
#11286=DIRECTION('',(0.,0.,1.));
#11287=DIRECTION('',(-0.866025404,0.5,0.));
#11288=AXIS2_PLACEMENT_3D('',#11285,#11286,#11287);
#11289=TOROIDAL_SURFACE('',#11288,46.5,0.5);
#11290=ORIENTED_EDGE('',*,*,#11263,.T.);
#11291=CARTESIAN_POINT('',(-21.79621017,-41.640427738,12.5));
#11292=CARTESIAN_POINT('',(-21.745877667,-41.666773717,12.556506703));
#11293=CARTESIAN_POINT('',(-21.691877714,-41.684430476,12.612239113));
#11294=CARTESIAN_POINT('',(-21.633994106,-41.692568382,12.667054059));
#11295=CARTESIAN_POINT('',(-21.576110499,-41.700706288,12.721869005));
#11296=CARTESIAN_POINT('',(-21.516324962,-41.699182237,12.773952802));
#11297=CARTESIAN_POINT('',(-21.454277785,-41.68518136,12.822374902));
#11298=CARTESIAN_POINT('',(-21.392230609,-41.671180483,12.870797003));
#11299=CARTESIAN_POINT('',(-21.328949461,-41.64459019,12.914603145));
#11300=CARTESIAN_POINT('',(-21.269859455,-41.601528372,12.947220808));
#11301=CARTESIAN_POINT('',(-21.21076945,-41.558466553,12.979838471));
#11302=CARTESIAN_POINT('',(-21.157220595,-41.498765084,13.));
#11303=CARTESIAN_POINT('',(-21.120112084,-41.426934059,13.));
#11304=B_SPLINE_CURVE_WITH_KNOTS('',3,(#11291,#11292,#11293,#11294,#11295,#11296,#11297,#11298,#11299,#11300,#11301,#11302,#11303),.UNSPECIFIED.,.F.,.F.,(4,3,3,3,4),(0.,0.000238356,0.000476713,0.000715069,0.000953425),.UNSPECIFIED.);
#11305=EDGE_CURVE('',#11242,#11156,#11304,.T.);
#11306=ORIENTED_EDGE('',*,*,#11305,.T.);
#11307=ORIENTED_EDGE('',*,*,#11162,.F.);
#11308=CARTESIAN_POINT('',(-25.163563161,-39.696285582,12.5));
#11309=CARTESIAN_POINT('',(-25.211544734,-39.665869957,12.556507851));
#11310=CARTESIAN_POINT('',(-25.253836878,-39.627932394,12.612239113));
#11311=CARTESIAN_POINT('',(-25.289826315,-39.581872673,12.667054059));
#11312=CARTESIAN_POINT('',(-25.325815752,-39.535812951,12.721869005));
#11313=CARTESIAN_POINT('',(-25.354388653,-39.483275131,12.773952802));
#11314=CARTESIAN_POINT('',(-25.373287126,-39.422540262,12.822374902));
#11315=CARTESIAN_POINT('',(-25.392185599,-39.361805392,12.870797003));
#11316=CARTESIAN_POINT('',(-25.400798304,-39.293707164,12.914603145));
#11317=CARTESIAN_POINT('',(-25.393050679,-39.221002809,12.947220808));
#11318=CARTESIAN_POINT('',(-25.385303053,-39.148298454,12.979838471));
#11319=CARTESIAN_POINT('',(-25.360374491,-39.072073051,13.));
#11320=CARTESIAN_POINT('',(-25.316721254,-39.004020625,13.));
#11321=B_SPLINE_CURVE_WITH_KNOTS('',3,(#11308,#11309,#11310,#11311,#11312,#11313,#11314,#11315,#11316,#11317,#11318,#11319,#11320),.UNSPECIFIED.,.F.,.F.,(4,3,3,3,4),(0.,0.000238356,0.000476713,0.000715069,0.000953425),.UNSPECIFIED.);
#11322=EDGE_CURVE('',#11040,#11147,#11321,.T.);
#11323=ORIENTED_EDGE('',*,*,#11322,.F.);
#11324=ORIENTED_EDGE('',*,*,#11046,.F.);
#11325=EDGE_LOOP('',(#11290,#11306,#11307,#11323,#11324));
#11326=FACE_BOUND('',#11325,.T.);
#11327=ADVANCED_FACE('',(#11326),#11289,.T.);
#11328=CARTESIAN_POINT('',(0.,0.,1.5));
#11329=DIRECTION('',(0.,0.,1.));
#11330=DIRECTION('',(-0.866025404,0.5,0.));
#11331=AXIS2_PLACEMENT_3D('',#11328,#11329,#11330);
#11332=TOROIDAL_SURFACE('',#11331,46.5,0.5);
#11333=CARTESIAN_POINT('',(-21.120112084,-41.426934059,1.));
#11334=CARTESIAN_POINT('',(-21.157220595,-41.498765084,1.));
#11335=CARTESIAN_POINT('',(-21.21076945,-41.558466553,1.020161529));
#11336=CARTESIAN_POINT('',(-21.269859455,-41.601528372,1.052779192));
#11337=CARTESIAN_POINT('',(-21.328949461,-41.64459019,1.085396855));
#11338=CARTESIAN_POINT('',(-21.392230609,-41.671180483,1.129202997));
#11339=CARTESIAN_POINT('',(-21.454277785,-41.68518136,1.177625098));
#11340=CARTESIAN_POINT('',(-21.516324962,-41.699182237,1.226047198));
#11341=CARTESIAN_POINT('',(-21.576110499,-41.700706288,1.278130995));
#11342=CARTESIAN_POINT('',(-21.633994106,-41.692568382,1.332945941));
#11343=CARTESIAN_POINT('',(-21.691877714,-41.684430476,1.387760887));
#11344=CARTESIAN_POINT('',(-21.745878679,-41.666773187,1.443492149));
#11345=CARTESIAN_POINT('',(-21.79621017,-41.640427738,1.5));
#11346=B_SPLINE_CURVE_WITH_KNOTS('',3,(#11333,#11334,#11335,#11336,#11337,#11338,#11339,#11340,#11341,#11342,#11343,#11344,#11345),.UNSPECIFIED.,.F.,.F.,(4,3,3,3,4),(0.,0.000238356,0.000476713,0.000715069,0.000953425),.UNSPECIFIED.);
#11347=EDGE_CURVE('',#11206,#11240,#11346,.T.);
#11348=ORIENTED_EDGE('',*,*,#11347,.T.);
#11349=ORIENTED_EDGE('',*,*,#11280,.T.);
#11350=ORIENTED_EDGE('',*,*,#11063,.F.);
#11351=CARTESIAN_POINT('',(-25.316721254,-39.004020625,1.));
#11352=CARTESIAN_POINT('',(-25.360374491,-39.072073051,1.));
#11353=CARTESIAN_POINT('',(-25.385303053,-39.148298454,1.020161529));
#11354=CARTESIAN_POINT('',(-25.393050679,-39.221002809,1.052779192));
#11355=CARTESIAN_POINT('',(-25.400798304,-39.293707164,1.085396855));
#11356=CARTESIAN_POINT('',(-25.392185599,-39.361805392,1.129202997));
#11357=CARTESIAN_POINT('',(-25.373287126,-39.422540262,1.177625098));
#11358=CARTESIAN_POINT('',(-25.354388653,-39.483275131,1.226047198));
#11359=CARTESIAN_POINT('',(-25.325815752,-39.535812951,1.278130995));
#11360=CARTESIAN_POINT('',(-25.289826315,-39.581872673,1.332945941));
#11361=CARTESIAN_POINT('',(-25.253836878,-39.627932394,1.387760887));
#11362=CARTESIAN_POINT('',(-25.211545699,-39.665869346,1.443493297));
#11363=CARTESIAN_POINT('',(-25.163563161,-39.696285582,1.5));
#11364=B_SPLINE_CURVE_WITH_KNOTS('',3,(#11351,#11352,#11353,#11354,#11355,#11356,#11357,#11358,#11359,#11360,#11361,#11362,#11363),.UNSPECIFIED.,.F.,.F.,(4,3,3,3,4),(0.,0.000238356,0.000476713,0.000715069,0.000953425),.UNSPECIFIED.);
#11365=EDGE_CURVE('',#11215,#11049,#11364,.T.);
#11366=ORIENTED_EDGE('',*,*,#11365,.F.);
#11367=ORIENTED_EDGE('',*,*,#11221,.F.);
#11368=EDGE_LOOP('',(#11348,#11349,#11350,#11366,#11367));
#11369=FACE_BOUND('',#11368,.T.);
#11370=ADVANCED_FACE('',(#11369),#11332,.T.);
#11371=CARTESIAN_POINT('',(-24.895865681,-39.273984672,13.));
#11372=DIRECTION('',(0.,0.,-1.));
#11373=DIRECTION('',(0.866025404,-0.5,0.));
#11374=AXIS2_PLACEMENT_3D('',#11371,#11372,#11373);
#11375=CYLINDRICAL_SURFACE('',#11374,0.5);
#11376=ORIENTED_EDGE('',*,*,#11153,.F.);
#11377=ORIENTED_EDGE('',*,*,#11027,.F.);
#11378=ORIENTED_EDGE('',*,*,#11228,.F.);
#11379=ORIENTED_EDGE('',*,*,#11365,.T.);
#11380=ORIENTED_EDGE('',*,*,#11054,.F.);
#11381=ORIENTED_EDGE('',*,*,#11322,.T.);
#11382=EDGE_LOOP('',(#11376,#11377,#11378,#11379,#11380,#11381));
#11383=FACE_BOUND('',#11382,.T.);
#11384=ADVANCED_FACE('',(#11383),#11375,.T.);
#11385=CARTESIAN_POINT('',(-14.359260582,-44.227384299,13.));
#11386=DIRECTION('',(-0.944329379,0.329001556,0.));
#11387=DIRECTION('',(-0.329001556,-0.944329379,0.));
#11388=AXIS2_PLACEMENT_3D('',#11385,#11386,#11387);
#11389=PLANE('',#11388);
#11390=CARTESIAN_POINT('',(-14.354869108,-44.2147795,13.));
#11391=VERTEX_POINT('',#11390);
#11392=CARTESIAN_POINT('',(-14.295238789,-44.043623283,13.));
#11393=VERTEX_POINT('',#11392);
#11394=CARTESIAN_POINT('',(-14.354869108,-44.2147795,13.));
#11395=DIRECTION('',(0.329001556,0.944329379,0.));
#11396=VECTOR('',#11395,0.181246312);
#11397=LINE('',#11394,#11396);
#11398=EDGE_CURVE('',#11391,#11393,#11397,.T.);
#11399=ORIENTED_EDGE('',*,*,#11398,.T.);
#11400=CARTESIAN_POINT('',(-14.295238789,-44.043623283,1.));
#11401=VERTEX_POINT('',#11400);
#11402=CARTESIAN_POINT('',(-14.295238789,-44.043623283,13.));
#11403=DIRECTION('',(0.,0.,-1.));
#11404=VECTOR('',#11403,12.);
#11405=LINE('',#11402,#11404);
#11406=EDGE_CURVE('',#11393,#11401,#11405,.T.);
#11407=ORIENTED_EDGE('',*,*,#11406,.T.);
#11408=CARTESIAN_POINT('',(-14.354869108,-44.2147795,1.));
#11409=VERTEX_POINT('',#11408);
#11410=CARTESIAN_POINT('',(-14.354869108,-44.2147795,1.));
#11411=DIRECTION('',(0.329001556,0.944329379,0.));
#11412=VECTOR('',#11411,0.181246312);
#11413=LINE('',#11410,#11412);
#11414=EDGE_CURVE('',#11409,#11401,#11413,.T.);
#11415=ORIENTED_EDGE('',*,*,#11414,.F.);
#11416=CARTESIAN_POINT('',(-14.354869108,-44.2147795,1.));
#11417=DIRECTION('',(0.,0.,1.));
#11418=VECTOR('',#11417,12.);
#11419=LINE('',#11416,#11418);
#11420=EDGE_CURVE('',#11409,#11391,#11419,.T.);
#11421=ORIENTED_EDGE('',*,*,#11420,.T.);
#11422=EDGE_LOOP('',(#11399,#11407,#11415,#11421));
#11423=FACE_BOUND('',#11422,.T.);
#11424=ADVANCED_FACE('',(#11423),#11389,.T.);
#11425=CARTESIAN_POINT('',(0.,0.,13.));
#11426=DIRECTION('',(0.,0.,-1.));
#11427=DIRECTION('',(0.965925826,-0.258819045,0.));
#11428=AXIS2_PLACEMENT_3D('',#11425,#11426,#11427);
#11429=CYLINDRICAL_SURFACE('',#11428,47.);
#11430=CARTESIAN_POINT('',(-10.276186573,-45.862838873,12.5));
#11431=VERTEX_POINT('',#11430);
#11432=CARTESIAN_POINT('',(-14.03198081,-44.856476841,12.5));
#11433=VERTEX_POINT('',#11432);
#11434=CARTESIAN_POINT('',(0.,0.,12.5));
#11435=DIRECTION('',(-0.,-0.,-1.));
#11436=DIRECTION('',(-0.965925826,0.258819045,0.));
#11437=AXIS2_PLACEMENT_3D('',#11434,#11435,#11436);
#11438=CIRCLE('',#11437,47.);
#11439=EDGE_CURVE('',#11431,#11433,#11438,.T.);
#11440=ORIENTED_EDGE('',*,*,#11439,.T.);
#11441=CARTESIAN_POINT('',(-14.03198081,-44.856476841,1.5));
#11442=VERTEX_POINT('',#11441);
#11443=CARTESIAN_POINT('',(-14.03198081,-44.856476841,12.5));
#11444=DIRECTION('',(0.,0.,-1.));
#11445=VECTOR('',#11444,11.);
#11446=LINE('',#11443,#11445);
#11447=EDGE_CURVE('',#11433,#11442,#11446,.T.);
#11448=ORIENTED_EDGE('',*,*,#11447,.T.);
#11449=CARTESIAN_POINT('',(-10.276186573,-45.862838873,1.5));
#11450=VERTEX_POINT('',#11449);
#11451=CARTESIAN_POINT('',(0.,0.,1.5));
#11452=DIRECTION('',(0.,0.,1.));
#11453=DIRECTION('',(-0.965925826,0.258819045,0.));
#11454=AXIS2_PLACEMENT_3D('',#11451,#11452,#11453);
#11455=CIRCLE('',#11454,47.);
#11456=EDGE_CURVE('',#11442,#11450,#11455,.T.);
#11457=ORIENTED_EDGE('',*,*,#11456,.T.);
#11458=CARTESIAN_POINT('',(-10.276186573,-45.862838873,1.5));
#11459=DIRECTION('',(-0.,-0.,1.));
#11460=VECTOR('',#11459,11.);
#11461=LINE('',#11458,#11460);
#11462=EDGE_CURVE('',#11450,#11431,#11461,.T.);
#11463=ORIENTED_EDGE('',*,*,#11462,.T.);
#11464=EDGE_LOOP('',(#11440,#11448,#11457,#11463));
#11465=FACE_BOUND('',#11464,.T.);
#11466=ADVANCED_FACE('',(#11465),#11429,.T.);
#11467=CARTESIAN_POINT('',(-9.678207705,-45.481668637,13.));
#11468=DIRECTION('',(-0.98231401,0.187240984,0.));
#11469=DIRECTION('',(-0.187240984,-0.98231401,0.));
#11470=AXIS2_PLACEMENT_3D('',#11467,#11468,#11469);
#11471=PLANE('',#11470);
#11472=CARTESIAN_POINT('',(-9.675708435,-45.468556824,1.));
#11473=VERTEX_POINT('',#11472);
#11474=CARTESIAN_POINT('',(-9.641771697,-45.290516033,1.));
#11475=VERTEX_POINT('',#11474);
#11476=CARTESIAN_POINT('',(-9.675708435,-45.468556824,1.));
#11477=DIRECTION('',(0.187240984,0.98231401,0.));
#11478=VECTOR('',#11477,0.181246312);
#11479=LINE('',#11476,#11478);
#11480=EDGE_CURVE('',#11473,#11475,#11479,.T.);
#11481=ORIENTED_EDGE('',*,*,#11480,.T.);
#11482=CARTESIAN_POINT('',(-9.641771697,-45.290516033,13.));
#11483=VERTEX_POINT('',#11482);
#11484=CARTESIAN_POINT('',(-9.641771697,-45.290516033,1.));
#11485=DIRECTION('',(0.,0.,1.));
#11486=VECTOR('',#11485,12.);
#11487=LINE('',#11484,#11486);
#11488=EDGE_CURVE('',#11475,#11483,#11487,.T.);
#11489=ORIENTED_EDGE('',*,*,#11488,.T.);
#11490=CARTESIAN_POINT('',(-9.675708435,-45.468556824,13.));
#11491=VERTEX_POINT('',#11490);
#11492=CARTESIAN_POINT('',(-9.675708435,-45.468556824,13.));
#11493=DIRECTION('',(0.187240984,0.98231401,0.));
#11494=VECTOR('',#11493,0.181246312);
#11495=LINE('',#11492,#11494);
#11496=EDGE_CURVE('',#11491,#11483,#11495,.T.);
#11497=ORIENTED_EDGE('',*,*,#11496,.F.);
#11498=CARTESIAN_POINT('',(-9.675708435,-45.468556824,13.));
#11499=DIRECTION('',(0.,0.,-1.));
#11500=VECTOR('',#11499,12.);
#11501=LINE('',#11498,#11500);
#11502=EDGE_CURVE('',#11491,#11473,#11501,.T.);
#11503=ORIENTED_EDGE('',*,*,#11502,.T.);
#11504=EDGE_LOOP('',(#11481,#11489,#11497,#11503));
#11505=FACE_BOUND('',#11504,.T.);
#11506=ADVANCED_FACE('',(#11505),#11471,.F.);
#11507=CARTESIAN_POINT('',(0.,0.,13.));
#11508=DIRECTION('',(0.,0.,1.));
#11509=DIRECTION('',(-0.965925826,0.258819045,0.));
#11510=AXIS2_PLACEMENT_3D('',#11507,#11508,#11509);
#11511=PLANE('',#11510);
#11512=ORIENTED_EDGE('',*,*,#11496,.T.);
#11513=CARTESIAN_POINT('',(-9.640702774,-45.285172518,13.));
#11514=VERTEX_POINT('',#11513);
#11515=CARTESIAN_POINT('',(-9.347077494,-45.346688328,13.));
#11516=DIRECTION('',(-0.,-0.,-1.));
#11517=DIRECTION('',(1.,0.,-0.));
#11518=AXIS2_PLACEMENT_3D('',#11515,#11516,#11517);
#11519=CIRCLE('',#11518,0.3);
#11520=EDGE_CURVE('',#11483,#11514,#11519,.T.);
#11521=ORIENTED_EDGE('',*,*,#11520,.T.);
#11522=CARTESIAN_POINT('',(-14.293492747,-44.038461203,13.));
#11523=VERTEX_POINT('',#11522);
#11524=CARTESIAN_POINT('',(0.,0.,13.));
#11525=DIRECTION('',(-0.,-0.,-1.));
#11526=DIRECTION('',(1.,0.,-0.));
#11527=AXIS2_PLACEMENT_3D('',#11524,#11525,#11526);
#11528=CIRCLE('',#11527,46.3);
#11529=EDGE_CURVE('',#11514,#11523,#11528,.T.);
#11530=ORIENTED_EDGE('',*,*,#11529,.T.);
#11531=CARTESIAN_POINT('',(-14.578537603,-43.944922817,13.));
#11532=DIRECTION('',(-0.,-0.,-1.));
#11533=DIRECTION('',(1.,0.,-0.));
#11534=AXIS2_PLACEMENT_3D('',#11531,#11532,#11533);
#11535=CIRCLE('',#11534,0.3);
#11536=EDGE_CURVE('',#11523,#11393,#11535,.T.);
#11537=ORIENTED_EDGE('',*,*,#11536,.T.);
#11538=ORIENTED_EDGE('',*,*,#11398,.F.);
#11539=CARTESIAN_POINT('',(-14.359091523,-44.227440471,13.));
#11540=VERTEX_POINT('',#11539);
#11541=CARTESIAN_POINT('',(-13.882704419,-44.379280278,13.));
#11542=DIRECTION('',(0.,0.,1.));
#11543=DIRECTION('',(-0.965925826,0.258819045,0.));
#11544=AXIS2_PLACEMENT_3D('',#11541,#11542,#11543);
#11545=CIRCLE('',#11544,0.5);
#11546=EDGE_CURVE('',#11391,#11540,#11545,.T.);
#11547=ORIENTED_EDGE('',*,*,#11546,.T.);
#11548=CARTESIAN_POINT('',(-9.678382202,-45.481632754,13.));
#11549=VERTEX_POINT('',#11548);
#11550=CARTESIAN_POINT('',(0.,0.,13.));
#11551=DIRECTION('',(0.,0.,1.));
#11552=DIRECTION('',(-0.965925826,0.258819045,0.));
#11553=AXIS2_PLACEMENT_3D('',#11550,#11551,#11552);
#11554=CIRCLE('',#11553,46.5);
#11555=EDGE_CURVE('',#11540,#11549,#11554,.T.);
#11556=ORIENTED_EDGE('',*,*,#11555,.T.);
#11557=CARTESIAN_POINT('',(-10.16686544,-45.374936332,13.));
#11558=DIRECTION('',(0.,0.,1.));
#11559=DIRECTION('',(-0.965925826,0.258819045,0.));
#11560=AXIS2_PLACEMENT_3D('',#11557,#11558,#11559);
#11561=CIRCLE('',#11560,0.5);
#11562=EDGE_CURVE('',#11549,#11491,#11561,.T.);
#11563=ORIENTED_EDGE('',*,*,#11562,.T.);
#11564=EDGE_LOOP('',(#11512,#11521,#11530,#11537,#11538,#11547,#11556,#11563));
#11565=FACE_BOUND('',#11564,.T.);
#11566=ADVANCED_FACE('',(#11565),#11511,.T.);
#11567=CARTESIAN_POINT('',(0.,0.,1.));
#11568=DIRECTION('',(0.,0.,1.));
#11569=DIRECTION('',(-0.965925826,0.258819045,0.));
#11570=AXIS2_PLACEMENT_3D('',#11567,#11568,#11569);
#11571=PLANE('',#11570);
#11572=CARTESIAN_POINT('',(-14.293492747,-44.038461203,1.));
#11573=VERTEX_POINT('',#11572);
#11574=CARTESIAN_POINT('',(-14.578537603,-43.944922817,1.));
#11575=DIRECTION('',(0.,0.,1.));
#11576=DIRECTION('',(1.,0.,-0.));
#11577=AXIS2_PLACEMENT_3D('',#11574,#11575,#11576);
#11578=CIRCLE('',#11577,0.3);
#11579=EDGE_CURVE('',#11401,#11573,#11578,.T.);
#11580=ORIENTED_EDGE('',*,*,#11579,.T.);
#11581=CARTESIAN_POINT('',(-9.640702774,-45.285172518,1.));
#11582=VERTEX_POINT('',#11581);
#11583=CARTESIAN_POINT('',(0.,0.,1.));
#11584=DIRECTION('',(0.,0.,1.));
#11585=DIRECTION('',(1.,0.,-0.));
#11586=AXIS2_PLACEMENT_3D('',#11583,#11584,#11585);
#11587=CIRCLE('',#11586,46.3);
#11588=EDGE_CURVE('',#11573,#11582,#11587,.T.);
#11589=ORIENTED_EDGE('',*,*,#11588,.T.);
#11590=CARTESIAN_POINT('',(-9.347077494,-45.346688328,1.));
#11591=DIRECTION('',(0.,0.,1.));
#11592=DIRECTION('',(1.,0.,-0.));
#11593=AXIS2_PLACEMENT_3D('',#11590,#11591,#11592);
#11594=CIRCLE('',#11593,0.3);
#11595=EDGE_CURVE('',#11582,#11475,#11594,.T.);
#11596=ORIENTED_EDGE('',*,*,#11595,.T.);
#11597=ORIENTED_EDGE('',*,*,#11480,.F.);
#11598=CARTESIAN_POINT('',(-9.678382202,-45.481632754,1.));
#11599=VERTEX_POINT('',#11598);
#11600=CARTESIAN_POINT('',(-10.16686544,-45.374936332,1.));
#11601=DIRECTION('',(-0.,-0.,-1.));
#11602=DIRECTION('',(-0.965925826,0.258819045,0.));
#11603=AXIS2_PLACEMENT_3D('',#11600,#11601,#11602);
#11604=CIRCLE('',#11603,0.5);
#11605=EDGE_CURVE('',#11473,#11599,#11604,.T.);
#11606=ORIENTED_EDGE('',*,*,#11605,.T.);
#11607=CARTESIAN_POINT('',(-14.359091523,-44.227440471,1.));
#11608=VERTEX_POINT('',#11607);
#11609=CARTESIAN_POINT('',(0.,0.,1.));
#11610=DIRECTION('',(-0.,-0.,-1.));
#11611=DIRECTION('',(-0.965925826,0.258819045,0.));
#11612=AXIS2_PLACEMENT_3D('',#11609,#11610,#11611);
#11613=CIRCLE('',#11612,46.5);
#11614=EDGE_CURVE('',#11599,#11608,#11613,.T.);
#11615=ORIENTED_EDGE('',*,*,#11614,.T.);
#11616=CARTESIAN_POINT('',(-13.882704419,-44.379280278,1.));
#11617=DIRECTION('',(-0.,-0.,-1.));
#11618=DIRECTION('',(-0.965925826,0.258819045,0.));
#11619=AXIS2_PLACEMENT_3D('',#11616,#11617,#11618);
#11620=CIRCLE('',#11619,0.5);
#11621=EDGE_CURVE('',#11608,#11409,#11620,.T.);
#11622=ORIENTED_EDGE('',*,*,#11621,.T.);
#11623=ORIENTED_EDGE('',*,*,#11414,.T.);
#11624=EDGE_LOOP('',(#11580,#11589,#11596,#11597,#11606,#11615,#11622,#11623));
#11625=FACE_BOUND('',#11624,.T.);
#11626=ADVANCED_FACE('',(#11625),#11571,.F.);
#11627=CARTESIAN_POINT('',(-10.16686544,-45.374936332,13.));
#11628=DIRECTION('',(0.,0.,-1.));
#11629=DIRECTION('',(0.965925826,-0.258819045,0.));
#11630=AXIS2_PLACEMENT_3D('',#11627,#11628,#11629);
#11631=CYLINDRICAL_SURFACE('',#11630,0.5);
#11632=CARTESIAN_POINT('',(-9.683915315,-45.504342414,1.000559165));
#11633=VERTEX_POINT('',#11632);
#11634=CARTESIAN_POINT('',(-9.683915315,-45.504342414,12.999440835));
#11635=VERTEX_POINT('',#11634);
#11636=CARTESIAN_POINT('',(-9.683902526,-45.504345855,1.000559165));
#11637=DIRECTION('',(-0.,-0.,1.));
#11638=VECTOR('',#11637,11.99888167);
#11639=LINE('',#11636,#11638);
#11640=EDGE_CURVE('',#11633,#11635,#11639,.T.);
#11641=ORIENTED_EDGE('',*,*,#11640,.T.);
#11642=CARTESIAN_POINT('',(-10.276186573,-45.862838873,12.5));
#11643=CARTESIAN_POINT('',(-10.220750268,-45.875260124,12.556506703));
#11644=CARTESIAN_POINT('',(-10.164020413,-45.878339028,12.612239113));
#11645=CARTESIAN_POINT('',(-10.106002896,-45.871218261,12.667054059));
#11646=CARTESIAN_POINT('',(-10.04798538,-45.864097495,12.721869005));
#11647=CARTESIAN_POINT('',(-9.990631439,-45.847151738,12.773952802));
#11648=CARTESIAN_POINT('',(-9.934322163,-45.817568939,12.822374902));
#11649=CARTESIAN_POINT('',(-9.878012887,-45.787986139,12.870797003));
#11650=CARTESIAN_POINT('',(-9.823770065,-45.745923522,12.914603145));
#11651=CARTESIAN_POINT('',(-9.777838721,-45.689035381,12.947220808));
#11652=CARTESIAN_POINT('',(-9.731907378,-45.63214724,12.979838471));
#11653=CARTESIAN_POINT('',(-9.695635033,-45.560620585,13.));
#11654=CARTESIAN_POINT('',(-9.678382202,-45.481632754,13.));
#11655=B_SPLINE_CURVE_WITH_KNOTS('',3,(#11642,#11643,#11644,#11645,#11646,#11647,#11648,#11649,#11650,#11651,#11652,#11653,#11654),.UNSPECIFIED.,.F.,.F.,(4,3,3,3,4),(0.,0.000238356,0.000476713,0.000715069,0.000953425),.UNSPECIFIED.);
#11656=EDGE_CURVE('',#11431,#11635,#11655,.T.);
#11657=ORIENTED_EDGE('',*,*,#11656,.F.);
#11658=ORIENTED_EDGE('',*,*,#11462,.F.);
#11659=CARTESIAN_POINT('',(-9.678382202,-45.481632754,1.));
#11660=CARTESIAN_POINT('',(-9.695635033,-45.560620585,1.));
#11661=CARTESIAN_POINT('',(-9.731907378,-45.63214724,1.020161529));
#11662=CARTESIAN_POINT('',(-9.777838721,-45.689035381,1.052779192));
#11663=CARTESIAN_POINT('',(-9.823770065,-45.745923522,1.085396855));
#11664=CARTESIAN_POINT('',(-9.878012887,-45.787986139,1.129202997));
#11665=CARTESIAN_POINT('',(-9.934322163,-45.817568939,1.177625098));
#11666=CARTESIAN_POINT('',(-9.990631439,-45.847151738,1.226047198));
#11667=CARTESIAN_POINT('',(-10.04798538,-45.864097495,1.278130995));
#11668=CARTESIAN_POINT('',(-10.106002896,-45.871218261,1.332945941));
#11669=CARTESIAN_POINT('',(-10.164020413,-45.878339028,1.387760887));
#11670=CARTESIAN_POINT('',(-10.220751383,-45.875259874,1.443492149));
#11671=CARTESIAN_POINT('',(-10.276186573,-45.862838873,1.5));
#11672=B_SPLINE_CURVE_WITH_KNOTS('',3,(#11659,#11660,#11661,#11662,#11663,#11664,#11665,#11666,#11667,#11668,#11669,#11670,#11671),.UNSPECIFIED.,.F.,.F.,(4,3,3,3,4),(0.,0.000238356,0.000476713,0.000715069,0.000953425),.UNSPECIFIED.);
#11673=EDGE_CURVE('',#11633,#11450,#11672,.T.);
#11674=ORIENTED_EDGE('',*,*,#11673,.F.);
#11675=EDGE_LOOP('',(#11641,#11657,#11658,#11674));
#11676=FACE_BOUND('',#11675,.T.);
#11677=ADVANCED_FACE('',(#11676),#11631,.T.);
#11678=CARTESIAN_POINT('',(0.,0.,12.5));
#11679=DIRECTION('',(0.,0.,1.));
#11680=DIRECTION('',(-0.965925826,0.258819045,0.));
#11681=AXIS2_PLACEMENT_3D('',#11678,#11679,#11680);
#11682=TOROIDAL_SURFACE('',#11681,46.5,0.5);
#11683=ORIENTED_EDGE('',*,*,#11656,.T.);
#11684=CARTESIAN_POINT('',(-10.276186573,-45.862838873,12.5));
#11685=CARTESIAN_POINT('',(-10.220750268,-45.875260124,12.556506703));
#11686=CARTESIAN_POINT('',(-10.164020413,-45.878339028,12.612239113));
#11687=CARTESIAN_POINT('',(-10.106002896,-45.871218261,12.667054059));
#11688=CARTESIAN_POINT('',(-10.04798538,-45.864097495,12.721869005));
#11689=CARTESIAN_POINT('',(-9.990631439,-45.847151738,12.773952802));
#11690=CARTESIAN_POINT('',(-9.934322163,-45.817568939,12.822374902));
#11691=CARTESIAN_POINT('',(-9.878012887,-45.787986139,12.870797003));
#11692=CARTESIAN_POINT('',(-9.823770065,-45.745923522,12.914603145));
#11693=CARTESIAN_POINT('',(-9.777838721,-45.689035381,12.947220808));
#11694=CARTESIAN_POINT('',(-9.731907378,-45.63214724,12.979838471));
#11695=CARTESIAN_POINT('',(-9.695635033,-45.560620585,13.));
#11696=CARTESIAN_POINT('',(-9.678382202,-45.481632754,13.));
#11697=B_SPLINE_CURVE_WITH_KNOTS('',3,(#11684,#11685,#11686,#11687,#11688,#11689,#11690,#11691,#11692,#11693,#11694,#11695,#11696),.UNSPECIFIED.,.F.,.F.,(4,3,3,3,4),(0.,0.000238356,0.000476713,0.000715069,0.000953425),.UNSPECIFIED.);
#11698=EDGE_CURVE('',#11635,#11549,#11697,.T.);
#11699=ORIENTED_EDGE('',*,*,#11698,.T.);
#11700=ORIENTED_EDGE('',*,*,#11555,.F.);
#11701=CARTESIAN_POINT('',(-14.03198081,-44.856476841,12.5));
#11702=CARTESIAN_POINT('',(-14.086199594,-44.839516148,12.556507851));
#11703=CARTESIAN_POINT('',(-14.136869632,-44.813817288,12.612239113));
#11704=CARTESIAN_POINT('',(-14.183553891,-44.778641765,12.667054059));
#11705=CARTESIAN_POINT('',(-14.230238151,-44.743466242,12.721869005));
#11706=CARTESIAN_POINT('',(-14.271435243,-44.700113816,12.773952802));
#11707=CARTESIAN_POINT('',(-14.305409107,-44.646339722,12.822374902));
#11708=CARTESIAN_POINT('',(-14.339382971,-44.592565628,12.870797003));
#11709=CARTESIAN_POINT('',(-14.365327324,-44.529016923,12.914603145));
#11710=CARTESIAN_POINT('',(-14.376660964,-44.456784675,12.947220808));
#11711=CARTESIAN_POINT('',(-14.387994604,-44.384552428,12.979838471));
#11712=CARTESIAN_POINT('',(-14.383644048,-44.304472355,13.));
#11713=CARTESIAN_POINT('',(-14.359091523,-44.227440471,13.));
#11714=B_SPLINE_CURVE_WITH_KNOTS('',3,(#11701,#11702,#11703,#11704,#11705,#11706,#11707,#11708,#11709,#11710,#11711,#11712,#11713),.UNSPECIFIED.,.F.,.F.,(4,3,3,3,4),(0.,0.000238356,0.000476713,0.000715069,0.000953425),.UNSPECIFIED.);
#11715=EDGE_CURVE('',#11433,#11540,#11714,.T.);
#11716=ORIENTED_EDGE('',*,*,#11715,.F.);
#11717=ORIENTED_EDGE('',*,*,#11439,.F.);
#11718=EDGE_LOOP('',(#11683,#11699,#11700,#11716,#11717));
#11719=FACE_BOUND('',#11718,.T.);
#11720=ADVANCED_FACE('',(#11719),#11682,.T.);
#11721=CARTESIAN_POINT('',(0.,0.,1.5));
#11722=DIRECTION('',(0.,0.,1.));
#11723=DIRECTION('',(-0.965925826,0.258819045,0.));
#11724=AXIS2_PLACEMENT_3D('',#11721,#11722,#11723);
#11725=TOROIDAL_SURFACE('',#11724,46.5,0.5);
#11726=CARTESIAN_POINT('',(-9.678382202,-45.481632754,1.));
#11727=CARTESIAN_POINT('',(-9.695635033,-45.560620585,1.));
#11728=CARTESIAN_POINT('',(-9.731907378,-45.63214724,1.020161529));
#11729=CARTESIAN_POINT('',(-9.777838721,-45.689035381,1.052779192));
#11730=CARTESIAN_POINT('',(-9.823770065,-45.745923522,1.085396855));
#11731=CARTESIAN_POINT('',(-9.878012887,-45.787986139,1.129202997));
#11732=CARTESIAN_POINT('',(-9.934322163,-45.817568939,1.177625098));
#11733=CARTESIAN_POINT('',(-9.990631439,-45.847151738,1.226047198));
#11734=CARTESIAN_POINT('',(-10.04798538,-45.864097495,1.278130995));
#11735=CARTESIAN_POINT('',(-10.106002896,-45.871218261,1.332945941));
#11736=CARTESIAN_POINT('',(-10.164020413,-45.878339028,1.387760887));
#11737=CARTESIAN_POINT('',(-10.220751383,-45.875259874,1.443492149));
#11738=CARTESIAN_POINT('',(-10.276186573,-45.862838873,1.5));
#11739=B_SPLINE_CURVE_WITH_KNOTS('',3,(#11726,#11727,#11728,#11729,#11730,#11731,#11732,#11733,#11734,#11735,#11736,#11737,#11738),.UNSPECIFIED.,.F.,.F.,(4,3,3,3,4),(0.,0.000238356,0.000476713,0.000715069,0.000953425),.UNSPECIFIED.);
#11740=EDGE_CURVE('',#11599,#11633,#11739,.T.);
#11741=ORIENTED_EDGE('',*,*,#11740,.T.);
#11742=ORIENTED_EDGE('',*,*,#11673,.T.);
#11743=ORIENTED_EDGE('',*,*,#11456,.F.);
#11744=CARTESIAN_POINT('',(-14.359091523,-44.227440471,1.));
#11745=CARTESIAN_POINT('',(-14.383644048,-44.304472355,1.));
#11746=CARTESIAN_POINT('',(-14.387994604,-44.384552428,1.020161529));
#11747=CARTESIAN_POINT('',(-14.376660964,-44.456784675,1.052779192));
#11748=CARTESIAN_POINT('',(-14.365327324,-44.529016923,1.085396855));
#11749=CARTESIAN_POINT('',(-14.339382971,-44.592565628,1.129202997));
#11750=CARTESIAN_POINT('',(-14.305409107,-44.646339722,1.177625098));
#11751=CARTESIAN_POINT('',(-14.271435243,-44.700113816,1.226047198));
#11752=CARTESIAN_POINT('',(-14.230238151,-44.743466242,1.278130995));
#11753=CARTESIAN_POINT('',(-14.183553891,-44.778641765,1.332945941));
#11754=CARTESIAN_POINT('',(-14.136869632,-44.813817288,1.387760887));
#11755=CARTESIAN_POINT('',(-14.086200684,-44.839515807,1.443493297));
#11756=CARTESIAN_POINT('',(-14.03198081,-44.856476841,1.5));
#11757=B_SPLINE_CURVE_WITH_KNOTS('',3,(#11744,#11745,#11746,#11747,#11748,#11749,#11750,#11751,#11752,#11753,#11754,#11755,#11756),.UNSPECIFIED.,.F.,.F.,(4,3,3,3,4),(0.,0.000238356,0.000476713,0.000715069,0.000953425),.UNSPECIFIED.);
#11758=EDGE_CURVE('',#11608,#11442,#11757,.T.);
#11759=ORIENTED_EDGE('',*,*,#11758,.F.);
#11760=ORIENTED_EDGE('',*,*,#11614,.F.);
#11761=EDGE_LOOP('',(#11741,#11742,#11743,#11759,#11760));
#11762=FACE_BOUND('',#11761,.T.);
#11763=ADVANCED_FACE('',(#11762),#11725,.T.);
#11764=CARTESIAN_POINT('',(-13.882704419,-44.379280278,13.));
#11765=DIRECTION('',(0.,0.,-1.));
#11766=DIRECTION('',(0.965925826,-0.258819045,0.));
#11767=AXIS2_PLACEMENT_3D('',#11764,#11765,#11766);
#11768=CYLINDRICAL_SURFACE('',#11767,0.5);
#11769=ORIENTED_EDGE('',*,*,#11546,.F.);
#11770=ORIENTED_EDGE('',*,*,#11420,.F.);
#11771=ORIENTED_EDGE('',*,*,#11621,.F.);
#11772=ORIENTED_EDGE('',*,*,#11758,.T.);
#11773=ORIENTED_EDGE('',*,*,#11447,.F.);
#11774=ORIENTED_EDGE('',*,*,#11715,.T.);
#11775=EDGE_LOOP('',(#11769,#11770,#11771,#11772,#11773,#11774));
#11776=FACE_BOUND('',#11775,.T.);
#11777=ADVANCED_FACE('',(#11776),#11768,.T.);
#11778=CARTESIAN_POINT('',(-2.423091271,-46.436822836,13.));
#11779=DIRECTION('',(-0.997304004,0.073380672,0.));
#11780=DIRECTION('',(-0.073380672,-0.997304004,0.));
#11781=AXIS2_PLACEMENT_3D('',#11778,#11779,#11780);
#11782=PLANE('',#11781);
#11783=CARTESIAN_POINT('',(-2.422111795,-46.423510938,13.));
#11784=VERTEX_POINT('',#11783);
#11785=CARTESIAN_POINT('',(-2.408811819,-46.242753266,13.));
#11786=VERTEX_POINT('',#11785);
#11787=CARTESIAN_POINT('',(-2.422111795,-46.423510938,13.));
#11788=DIRECTION('',(0.073380672,0.997304004,0.));
#11789=VECTOR('',#11788,0.181246312);
#11790=LINE('',#11787,#11789);
#11791=EDGE_CURVE('',#11784,#11786,#11790,.T.);
#11792=ORIENTED_EDGE('',*,*,#11791,.T.);
#11793=CARTESIAN_POINT('',(-2.408811819,-46.242753266,1.));
#11794=VERTEX_POINT('',#11793);
#11795=CARTESIAN_POINT('',(-2.408811819,-46.242753266,13.));
#11796=DIRECTION('',(0.,0.,-1.));
#11797=VECTOR('',#11796,12.);
#11798=LINE('',#11795,#11797);
#11799=EDGE_CURVE('',#11786,#11794,#11798,.T.);
#11800=ORIENTED_EDGE('',*,*,#11799,.T.);
#11801=CARTESIAN_POINT('',(-2.422111795,-46.423510938,1.));
#11802=VERTEX_POINT('',#11801);
#11803=CARTESIAN_POINT('',(-2.422111795,-46.423510938,1.));
#11804=DIRECTION('',(0.073380672,0.997304004,0.));
#11805=VECTOR('',#11804,0.181246312);
#11806=LINE('',#11803,#11805);
#11807=EDGE_CURVE('',#11802,#11794,#11806,.T.);
#11808=ORIENTED_EDGE('',*,*,#11807,.F.);
#11809=CARTESIAN_POINT('',(-2.422111795,-46.423510938,1.));
#11810=DIRECTION('',(0.,0.,1.));
#11811=VECTOR('',#11810,12.);
#11812=LINE('',#11809,#11811);
#11813=EDGE_CURVE('',#11802,#11784,#11812,.T.);
#11814=ORIENTED_EDGE('',*,*,#11813,.T.);
#11815=EDGE_LOOP('',(#11792,#11800,#11808,#11814));
#11816=FACE_BOUND('',#11815,.T.);
#11817=ADVANCED_FACE('',(#11816),#11782,.T.);
#11818=CARTESIAN_POINT('',(0.,0.,13.));
#11819=DIRECTION('',(0.,0.,-1.));
#11820=DIRECTION('',(1.,-0.,0.));
#11821=AXIS2_PLACEMENT_3D('',#11818,#11819,#11820);
#11822=CYLINDRICAL_SURFACE('',#11821,47.);
#11823=CARTESIAN_POINT('',(1.944142156,-46.959773331,12.5));
#11824=VERTEX_POINT('',#11823);
#11825=CARTESIAN_POINT('',(-1.944142156,-46.959773331,12.5));
#11826=VERTEX_POINT('',#11825);
#11827=CARTESIAN_POINT('',(0.,0.,12.5));
#11828=DIRECTION('',(-0.,-0.,-1.));
#11829=DIRECTION('',(-1.,0.,0.));
#11830=AXIS2_PLACEMENT_3D('',#11827,#11828,#11829);
#11831=CIRCLE('',#11830,47.);
#11832=EDGE_CURVE('',#11824,#11826,#11831,.T.);
#11833=ORIENTED_EDGE('',*,*,#11832,.T.);
#11834=CARTESIAN_POINT('',(-1.944142156,-46.959773331,1.5));
#11835=VERTEX_POINT('',#11834);
#11836=CARTESIAN_POINT('',(-1.944142156,-46.959773331,12.5));
#11837=DIRECTION('',(0.,0.,-1.));
#11838=VECTOR('',#11837,11.);
#11839=LINE('',#11836,#11838);
#11840=EDGE_CURVE('',#11826,#11835,#11839,.T.);
#11841=ORIENTED_EDGE('',*,*,#11840,.T.);
#11842=CARTESIAN_POINT('',(1.944142156,-46.959773331,1.5));
#11843=VERTEX_POINT('',#11842);
#11844=CARTESIAN_POINT('',(0.,0.,1.5));
#11845=DIRECTION('',(0.,0.,1.));
#11846=DIRECTION('',(-1.,0.,0.));
#11847=AXIS2_PLACEMENT_3D('',#11844,#11845,#11846);
#11848=CIRCLE('',#11847,47.);
#11849=EDGE_CURVE('',#11835,#11843,#11848,.T.);
#11850=ORIENTED_EDGE('',*,*,#11849,.T.);
#11851=CARTESIAN_POINT('',(1.944142156,-46.959773331,1.5));
#11852=DIRECTION('',(-0.,-0.,1.));
#11853=VECTOR('',#11852,11.);
#11854=LINE('',#11851,#11853);
#11855=EDGE_CURVE('',#11843,#11824,#11854,.T.);
#11856=ORIENTED_EDGE('',*,*,#11855,.T.);
#11857=EDGE_LOOP('',(#11833,#11841,#11850,#11856));
#11858=FACE_BOUND('',#11857,.T.);
#11859=ADVANCED_FACE('',(#11858),#11822,.T.);
#11860=CARTESIAN_POINT('',(2.423091271,-46.436822836,13.));
#11861=DIRECTION('',(-0.997304004,-0.073380672,0.));
#11862=DIRECTION('',(0.073380672,-0.997304004,0.));
#11863=AXIS2_PLACEMENT_3D('',#11860,#11861,#11862);
#11864=PLANE('',#11863);
#11865=CARTESIAN_POINT('',(2.422111795,-46.423510938,1.));
#11866=VERTEX_POINT('',#11865);
#11867=CARTESIAN_POINT('',(2.408811819,-46.242753266,1.));
#11868=VERTEX_POINT('',#11867);
#11869=CARTESIAN_POINT('',(2.422111795,-46.423510938,1.));
#11870=DIRECTION('',(-0.073380672,0.997304004,0.));
#11871=VECTOR('',#11870,0.181246312);
#11872=LINE('',#11869,#11871);
#11873=EDGE_CURVE('',#11866,#11868,#11872,.T.);
#11874=ORIENTED_EDGE('',*,*,#11873,.T.);
#11875=CARTESIAN_POINT('',(2.408811819,-46.242753266,13.));
#11876=VERTEX_POINT('',#11875);
#11877=CARTESIAN_POINT('',(2.408811819,-46.242753266,1.));
#11878=DIRECTION('',(0.,0.,1.));
#11879=VECTOR('',#11878,12.);
#11880=LINE('',#11877,#11879);
#11881=EDGE_CURVE('',#11868,#11876,#11880,.T.);
#11882=ORIENTED_EDGE('',*,*,#11881,.T.);
#11883=CARTESIAN_POINT('',(2.422111795,-46.423510938,13.));
#11884=VERTEX_POINT('',#11883);
#11885=CARTESIAN_POINT('',(2.422111795,-46.423510938,13.));
#11886=DIRECTION('',(-0.073380672,0.997304004,0.));
#11887=VECTOR('',#11886,0.181246312);
#11888=LINE('',#11885,#11887);
#11889=EDGE_CURVE('',#11884,#11876,#11888,.T.);
#11890=ORIENTED_EDGE('',*,*,#11889,.F.);
#11891=CARTESIAN_POINT('',(2.422111795,-46.423510938,13.));
#11892=DIRECTION('',(0.,0.,-1.));
#11893=VECTOR('',#11892,12.);
#11894=LINE('',#11891,#11893);
#11895=EDGE_CURVE('',#11884,#11866,#11894,.T.);
#11896=ORIENTED_EDGE('',*,*,#11895,.T.);
#11897=EDGE_LOOP('',(#11874,#11882,#11890,#11896));
#11898=FACE_BOUND('',#11897,.T.);
#11899=ADVANCED_FACE('',(#11898),#11864,.F.);
#11900=CARTESIAN_POINT('',(0.,0.,13.));
#11901=DIRECTION('',(0.,0.,1.));
#11902=DIRECTION('',(-1.,0.,0.));
#11903=AXIS2_PLACEMENT_3D('',#11900,#11901,#11902);
#11904=PLANE('',#11903);
#11905=ORIENTED_EDGE('',*,*,#11889,.T.);
#11906=CARTESIAN_POINT('',(2.408461315,-46.23731517,13.));
#11907=VERTEX_POINT('',#11906);
#11908=CARTESIAN_POINT('',(2.70800302,-46.220739064,13.));
#11909=DIRECTION('',(-0.,-0.,-1.));
#11910=DIRECTION('',(1.,0.,-0.));
#11911=AXIS2_PLACEMENT_3D('',#11908,#11909,#11910);
#11912=CIRCLE('',#11911,0.3);
#11913=EDGE_CURVE('',#11876,#11907,#11912,.T.);
#11914=ORIENTED_EDGE('',*,*,#11913,.T.);
#11915=CARTESIAN_POINT('',(-2.408461315,-46.23731517,13.));
#11916=VERTEX_POINT('',#11915);
#11917=CARTESIAN_POINT('',(0.,0.,13.));
#11918=DIRECTION('',(-0.,-0.,-1.));
#11919=DIRECTION('',(1.,0.,-0.));
#11920=AXIS2_PLACEMENT_3D('',#11917,#11918,#11919);
#11921=CIRCLE('',#11920,46.3);
#11922=EDGE_CURVE('',#11907,#11916,#11921,.T.);
#11923=ORIENTED_EDGE('',*,*,#11922,.T.);
#11924=CARTESIAN_POINT('',(-2.70800302,-46.220739064,13.));
#11925=DIRECTION('',(-0.,-0.,-1.));
#11926=DIRECTION('',(1.,0.,-0.));
#11927=AXIS2_PLACEMENT_3D('',#11924,#11925,#11926);
#11928=CIRCLE('',#11927,0.3);
#11929=EDGE_CURVE('',#11916,#11786,#11928,.T.);
#11930=ORIENTED_EDGE('',*,*,#11929,.T.);
#11931=ORIENTED_EDGE('',*,*,#11791,.F.);
#11932=CARTESIAN_POINT('',(-2.422913434,-46.436833338,13.));
#11933=VERTEX_POINT('',#11932);
#11934=CARTESIAN_POINT('',(-1.923459793,-46.460201274,13.));
#11935=DIRECTION('',(0.,0.,1.));
#11936=DIRECTION('',(-1.,0.,0.));
#11937=AXIS2_PLACEMENT_3D('',#11934,#11935,#11936);
#11938=CIRCLE('',#11937,0.5);
#11939=EDGE_CURVE('',#11784,#11933,#11938,.T.);
#11940=ORIENTED_EDGE('',*,*,#11939,.T.);
#11941=CARTESIAN_POINT('',(2.422913434,-46.436833338,13.));
#11942=VERTEX_POINT('',#11941);
#11943=CARTESIAN_POINT('',(0.,0.,13.));
#11944=DIRECTION('',(0.,0.,1.));
#11945=DIRECTION('',(-1.,0.,0.));
#11946=AXIS2_PLACEMENT_3D('',#11943,#11944,#11945);
#11947=CIRCLE('',#11946,46.5);
#11948=EDGE_CURVE('',#11933,#11942,#11947,.T.);
#11949=ORIENTED_EDGE('',*,*,#11948,.T.);
#11950=CARTESIAN_POINT('',(1.923459793,-46.460201274,13.));
#11951=DIRECTION('',(0.,0.,1.));
#11952=DIRECTION('',(-1.,0.,0.));
#11953=AXIS2_PLACEMENT_3D('',#11950,#11951,#11952);
#11954=CIRCLE('',#11953,0.5);
#11955=EDGE_CURVE('',#11942,#11884,#11954,.T.);
#11956=ORIENTED_EDGE('',*,*,#11955,.T.);
#11957=EDGE_LOOP('',(#11905,#11914,#11923,#11930,#11931,#11940,#11949,#11956));
#11958=FACE_BOUND('',#11957,.T.);
#11959=ADVANCED_FACE('',(#11958),#11904,.T.);
#11960=CARTESIAN_POINT('',(0.,0.,1.));
#11961=DIRECTION('',(0.,0.,1.));
#11962=DIRECTION('',(-1.,0.,0.));
#11963=AXIS2_PLACEMENT_3D('',#11960,#11961,#11962);
#11964=PLANE('',#11963);
#11965=CARTESIAN_POINT('',(-2.408461315,-46.23731517,1.));
#11966=VERTEX_POINT('',#11965);
#11967=CARTESIAN_POINT('',(-2.70800302,-46.220739064,1.));
#11968=DIRECTION('',(0.,0.,1.));
#11969=DIRECTION('',(1.,0.,-0.));
#11970=AXIS2_PLACEMENT_3D('',#11967,#11968,#11969);
#11971=CIRCLE('',#11970,0.3);
#11972=EDGE_CURVE('',#11794,#11966,#11971,.T.);
#11973=ORIENTED_EDGE('',*,*,#11972,.T.);
#11974=CARTESIAN_POINT('',(2.408461315,-46.23731517,1.));
#11975=VERTEX_POINT('',#11974);
#11976=CARTESIAN_POINT('',(0.,0.,1.));
#11977=DIRECTION('',(0.,0.,1.));
#11978=DIRECTION('',(1.,0.,-0.));
#11979=AXIS2_PLACEMENT_3D('',#11976,#11977,#11978);
#11980=CIRCLE('',#11979,46.3);
#11981=EDGE_CURVE('',#11966,#11975,#11980,.T.);
#11982=ORIENTED_EDGE('',*,*,#11981,.T.);
#11983=CARTESIAN_POINT('',(2.70800302,-46.220739064,1.));
#11984=DIRECTION('',(0.,0.,1.));
#11985=DIRECTION('',(1.,0.,-0.));
#11986=AXIS2_PLACEMENT_3D('',#11983,#11984,#11985);
#11987=CIRCLE('',#11986,0.3);
#11988=EDGE_CURVE('',#11975,#11868,#11987,.T.);
#11989=ORIENTED_EDGE('',*,*,#11988,.T.);
#11990=ORIENTED_EDGE('',*,*,#11873,.F.);
#11991=CARTESIAN_POINT('',(2.422913434,-46.436833338,1.));
#11992=VERTEX_POINT('',#11991);
#11993=CARTESIAN_POINT('',(1.923459793,-46.460201274,1.));
#11994=DIRECTION('',(-0.,-0.,-1.));
#11995=DIRECTION('',(-1.,0.,0.));
#11996=AXIS2_PLACEMENT_3D('',#11993,#11994,#11995);
#11997=CIRCLE('',#11996,0.5);
#11998=EDGE_CURVE('',#11866,#11992,#11997,.T.);
#11999=ORIENTED_EDGE('',*,*,#11998,.T.);
#12000=CARTESIAN_POINT('',(-2.422913434,-46.436833338,1.));
#12001=VERTEX_POINT('',#12000);
#12002=CARTESIAN_POINT('',(0.,0.,1.));
#12003=DIRECTION('',(-0.,-0.,-1.));
#12004=DIRECTION('',(-1.,0.,0.));
#12005=AXIS2_PLACEMENT_3D('',#12002,#12003,#12004);
#12006=CIRCLE('',#12005,46.5);
#12007=EDGE_CURVE('',#11992,#12001,#12006,.T.);
#12008=ORIENTED_EDGE('',*,*,#12007,.T.);
#12009=CARTESIAN_POINT('',(-1.923459793,-46.460201274,1.));
#12010=DIRECTION('',(-0.,-0.,-1.));
#12011=DIRECTION('',(-1.,0.,0.));
#12012=AXIS2_PLACEMENT_3D('',#12009,#12010,#12011);
#12013=CIRCLE('',#12012,0.5);
#12014=EDGE_CURVE('',#12001,#11802,#12013,.T.);
#12015=ORIENTED_EDGE('',*,*,#12014,.T.);
#12016=ORIENTED_EDGE('',*,*,#11807,.T.);
#12017=EDGE_LOOP('',(#11973,#11982,#11989,#11990,#11999,#12008,#12015,#12016));
#12018=FACE_BOUND('',#12017,.T.);
#12019=ADVANCED_FACE('',(#12018),#11964,.F.);
#12020=CARTESIAN_POINT('',(1.923459793,-46.460201274,13.));
#12021=DIRECTION('',(0.,0.,-1.));
#12022=DIRECTION('',(1.,-0.,0.));
#12023=AXIS2_PLACEMENT_3D('',#12020,#12021,#12022);
#12024=CYLINDRICAL_SURFACE('',#12023,0.5);
#12025=CARTESIAN_POINT('',(2.423446549,-46.46020126,1.000559165));
#12026=VERTEX_POINT('',#12025);
#12027=CARTESIAN_POINT('',(2.423446549,-46.46020126,12.999440835));
#12028=VERTEX_POINT('',#12027);
#12029=CARTESIAN_POINT('',(2.423459793,-46.460201274,1.000559165));
#12030=DIRECTION('',(-0.,-0.,1.));
#12031=VECTOR('',#12030,11.99888167);
#12032=LINE('',#12029,#12031);
#12033=EDGE_CURVE('',#12026,#12028,#12032,.T.);
#12034=ORIENTED_EDGE('',*,*,#12033,.T.);
#12035=CARTESIAN_POINT('',(1.944142156,-46.959773331,12.5));
#12036=CARTESIAN_POINT('',(2.000904371,-46.957423366,12.556506703));
#12037=CARTESIAN_POINT('',(2.056498082,-46.945714592,12.612239113));
#12038=CARTESIAN_POINT('',(2.11069571,-46.923820421,12.667054059));
#12039=CARTESIAN_POINT('',(2.164893337,-46.901926251,12.721869005));
#12040=CARTESIAN_POINT('',(2.215907106,-46.870713615,12.773952802));
#12041=CARTESIAN_POINT('',(2.262641098,-46.827564912,12.822374902));
#12042=CARTESIAN_POINT('',(2.30937509,-46.784416208,12.870797003));
#12043=CARTESIAN_POINT('',(2.350883026,-46.729747765,12.914603145));
#12044=CARTESIAN_POINT('',(2.380525563,-46.662910134,12.947220808));
#12045=CARTESIAN_POINT('',(2.410168099,-46.596072502,12.979838471));
#12046=CARTESIAN_POINT('',(2.426692033,-46.517595086,13.));
#12047=CARTESIAN_POINT('',(2.422913434,-46.436833338,13.));
#12048=B_SPLINE_CURVE_WITH_KNOTS('',3,(#12035,#12036,#12037,#12038,#12039,#12040,#12041,#12042,#12043,#12044,#12045,#12046,#12047),.UNSPECIFIED.,.F.,.F.,(4,3,3,3,4),(0.,0.000238356,0.000476713,0.000715069,0.000953425),.UNSPECIFIED.);
#12049=EDGE_CURVE('',#11824,#12028,#12048,.T.);
#12050=ORIENTED_EDGE('',*,*,#12049,.F.);
#12051=ORIENTED_EDGE('',*,*,#11855,.F.);
#12052=CARTESIAN_POINT('',(2.422913434,-46.436833338,1.));
#12053=CARTESIAN_POINT('',(2.426692033,-46.517595086,1.));
#12054=CARTESIAN_POINT('',(2.410168099,-46.596072502,1.020161529));
#12055=CARTESIAN_POINT('',(2.380525563,-46.662910134,1.052779192));
#12056=CARTESIAN_POINT('',(2.350883026,-46.729747765,1.085396855));
#12057=CARTESIAN_POINT('',(2.30937509,-46.784416208,1.129202997));
#12058=CARTESIAN_POINT('',(2.262641098,-46.827564912,1.177625098));
#12059=CARTESIAN_POINT('',(2.215907106,-46.870713615,1.226047198));
#12060=CARTESIAN_POINT('',(2.164893337,-46.901926251,1.278130995));
#12061=CARTESIAN_POINT('',(2.11069571,-46.923820421,1.332945941));
#12062=CARTESIAN_POINT('',(2.056498082,-46.945714592,1.387760887));
#12063=CARTESIAN_POINT('',(2.000903229,-46.957423413,1.443492149));
#12064=CARTESIAN_POINT('',(1.944142156,-46.959773331,1.5));
#12065=B_SPLINE_CURVE_WITH_KNOTS('',3,(#12052,#12053,#12054,#12055,#12056,#12057,#12058,#12059,#12060,#12061,#12062,#12063,#12064),.UNSPECIFIED.,.F.,.F.,(4,3,3,3,4),(0.,0.000238356,0.000476713,0.000715069,0.000953425),.UNSPECIFIED.);
#12066=EDGE_CURVE('',#12026,#11843,#12065,.T.);
#12067=ORIENTED_EDGE('',*,*,#12066,.F.);
#12068=EDGE_LOOP('',(#12034,#12050,#12051,#12067));
#12069=FACE_BOUND('',#12068,.T.);
#12070=ADVANCED_FACE('',(#12069),#12024,.T.);
#12071=CARTESIAN_POINT('',(0.,0.,12.5));
#12072=DIRECTION('',(0.,0.,1.));
#12073=DIRECTION('',(-1.,0.,0.));
#12074=AXIS2_PLACEMENT_3D('',#12071,#12072,#12073);
#12075=TOROIDAL_SURFACE('',#12074,46.5,0.5);
#12076=ORIENTED_EDGE('',*,*,#12049,.T.);
#12077=CARTESIAN_POINT('',(1.944142156,-46.959773331,12.5));
#12078=CARTESIAN_POINT('',(2.000904371,-46.957423366,12.556506703));
#12079=CARTESIAN_POINT('',(2.056498082,-46.945714592,12.612239113));
#12080=CARTESIAN_POINT('',(2.11069571,-46.923820421,12.667054059));
#12081=CARTESIAN_POINT('',(2.164893337,-46.901926251,12.721869005));
#12082=CARTESIAN_POINT('',(2.215907106,-46.870713615,12.773952802));
#12083=CARTESIAN_POINT('',(2.262641098,-46.827564912,12.822374902));
#12084=CARTESIAN_POINT('',(2.30937509,-46.784416208,12.870797003));
#12085=CARTESIAN_POINT('',(2.350883026,-46.729747765,12.914603145));
#12086=CARTESIAN_POINT('',(2.380525563,-46.662910134,12.947220808));
#12087=CARTESIAN_POINT('',(2.410168099,-46.596072502,12.979838471));
#12088=CARTESIAN_POINT('',(2.426692033,-46.517595086,13.));
#12089=CARTESIAN_POINT('',(2.422913434,-46.436833338,13.));
#12090=B_SPLINE_CURVE_WITH_KNOTS('',3,(#12077,#12078,#12079,#12080,#12081,#12082,#12083,#12084,#12085,#12086,#12087,#12088,#12089),.UNSPECIFIED.,.F.,.F.,(4,3,3,3,4),(0.,0.000238356,0.000476713,0.000715069,0.000953425),.UNSPECIFIED.);
#12091=EDGE_CURVE('',#12028,#11942,#12090,.T.);
#12092=ORIENTED_EDGE('',*,*,#12091,.T.);
#12093=ORIENTED_EDGE('',*,*,#11948,.F.);
#12094=CARTESIAN_POINT('',(-1.944142156,-46.959773331,12.5));
#12095=CARTESIAN_POINT('',(-2.000903229,-46.957423413,12.556507851));
#12096=CARTESIAN_POINT('',(-2.056498082,-46.945714592,12.612239113));
#12097=CARTESIAN_POINT('',(-2.11069571,-46.923820421,12.667054059));
#12098=CARTESIAN_POINT('',(-2.164893337,-46.901926251,12.721869005));
#12099=CARTESIAN_POINT('',(-2.215907106,-46.870713615,12.773952802));
#12100=CARTESIAN_POINT('',(-2.262641098,-46.827564912,12.822374902));
#12101=CARTESIAN_POINT('',(-2.30937509,-46.784416208,12.870797003));
#12102=CARTESIAN_POINT('',(-2.350883026,-46.729747765,12.914603145));
#12103=CARTESIAN_POINT('',(-2.380525563,-46.662910134,12.947220808));
#12104=CARTESIAN_POINT('',(-2.410168099,-46.596072502,12.979838471));
#12105=CARTESIAN_POINT('',(-2.426692033,-46.517595086,13.));
#12106=CARTESIAN_POINT('',(-2.422913434,-46.436833338,13.));
#12107=B_SPLINE_CURVE_WITH_KNOTS('',3,(#12094,#12095,#12096,#12097,#12098,#12099,#12100,#12101,#12102,#12103,#12104,#12105,#12106),.UNSPECIFIED.,.F.,.F.,(4,3,3,3,4),(0.,0.000238356,0.000476713,0.000715069,0.000953425),.UNSPECIFIED.);
#12108=EDGE_CURVE('',#11826,#11933,#12107,.T.);
#12109=ORIENTED_EDGE('',*,*,#12108,.F.);
#12110=ORIENTED_EDGE('',*,*,#11832,.F.);
#12111=EDGE_LOOP('',(#12076,#12092,#12093,#12109,#12110));
#12112=FACE_BOUND('',#12111,.T.);
#12113=ADVANCED_FACE('',(#12112),#12075,.T.);
#12114=CARTESIAN_POINT('',(0.,0.,1.5));
#12115=DIRECTION('',(0.,0.,1.));
#12116=DIRECTION('',(-1.,0.,0.));
#12117=AXIS2_PLACEMENT_3D('',#12114,#12115,#12116);
#12118=TOROIDAL_SURFACE('',#12117,46.5,0.5);
#12119=CARTESIAN_POINT('',(2.422913434,-46.436833338,1.));
#12120=CARTESIAN_POINT('',(2.426692033,-46.517595086,1.));
#12121=CARTESIAN_POINT('',(2.410168099,-46.596072502,1.020161529));
#12122=CARTESIAN_POINT('',(2.380525563,-46.662910134,1.052779192));
#12123=CARTESIAN_POINT('',(2.350883026,-46.729747765,1.085396855));
#12124=CARTESIAN_POINT('',(2.30937509,-46.784416208,1.129202997));
#12125=CARTESIAN_POINT('',(2.262641098,-46.827564912,1.177625098));
#12126=CARTESIAN_POINT('',(2.215907106,-46.870713615,1.226047198));
#12127=CARTESIAN_POINT('',(2.164893337,-46.901926251,1.278130995));
#12128=CARTESIAN_POINT('',(2.11069571,-46.923820421,1.332945941));
#12129=CARTESIAN_POINT('',(2.056498082,-46.945714592,1.387760887));
#12130=CARTESIAN_POINT('',(2.000903229,-46.957423413,1.443492149));
#12131=CARTESIAN_POINT('',(1.944142156,-46.959773331,1.5));
#12132=B_SPLINE_CURVE_WITH_KNOTS('',3,(#12119,#12120,#12121,#12122,#12123,#12124,#12125,#12126,#12127,#12128,#12129,#12130,#12131),.UNSPECIFIED.,.F.,.F.,(4,3,3,3,4),(0.,0.000238356,0.000476713,0.000715069,0.000953425),.UNSPECIFIED.);
#12133=EDGE_CURVE('',#11992,#12026,#12132,.T.);
#12134=ORIENTED_EDGE('',*,*,#12133,.T.);
#12135=ORIENTED_EDGE('',*,*,#12066,.T.);
#12136=ORIENTED_EDGE('',*,*,#11849,.F.);
#12137=CARTESIAN_POINT('',(-2.422913434,-46.436833338,1.));
#12138=CARTESIAN_POINT('',(-2.426692033,-46.517595086,1.));
#12139=CARTESIAN_POINT('',(-2.410168099,-46.596072502,1.020161529));
#12140=CARTESIAN_POINT('',(-2.380525563,-46.662910134,1.052779192));
#12141=CARTESIAN_POINT('',(-2.350883026,-46.729747765,1.085396855));
#12142=CARTESIAN_POINT('',(-2.30937509,-46.784416208,1.129202997));
#12143=CARTESIAN_POINT('',(-2.262641098,-46.827564912,1.177625098));
#12144=CARTESIAN_POINT('',(-2.215907106,-46.870713615,1.226047198));
#12145=CARTESIAN_POINT('',(-2.164893337,-46.901926251,1.278130995));
#12146=CARTESIAN_POINT('',(-2.11069571,-46.923820421,1.332945941));
#12147=CARTESIAN_POINT('',(-2.056498082,-46.945714592,1.387760887));
#12148=CARTESIAN_POINT('',(-2.000904371,-46.957423366,1.443493297));
#12149=CARTESIAN_POINT('',(-1.944142156,-46.959773331,1.5));
#12150=B_SPLINE_CURVE_WITH_KNOTS('',3,(#12137,#12138,#12139,#12140,#12141,#12142,#12143,#12144,#12145,#12146,#12147,#12148,#12149),.UNSPECIFIED.,.F.,.F.,(4,3,3,3,4),(0.,0.000238356,0.000476713,0.000715069,0.000953425),.UNSPECIFIED.);
#12151=EDGE_CURVE('',#12001,#11835,#12150,.T.);
#12152=ORIENTED_EDGE('',*,*,#12151,.F.);
#12153=ORIENTED_EDGE('',*,*,#12007,.F.);
#12154=EDGE_LOOP('',(#12134,#12135,#12136,#12152,#12153));
#12155=FACE_BOUND('',#12154,.T.);
#12156=ADVANCED_FACE('',(#12155),#12118,.T.);
#12157=CARTESIAN_POINT('',(-1.923459793,-46.460201274,13.));
#12158=DIRECTION('',(0.,0.,-1.));
#12159=DIRECTION('',(1.,-0.,0.));
#12160=AXIS2_PLACEMENT_3D('',#12157,#12158,#12159);
#12161=CYLINDRICAL_SURFACE('',#12160,0.5);
#12162=ORIENTED_EDGE('',*,*,#11939,.F.);
#12163=ORIENTED_EDGE('',*,*,#11813,.F.);
#12164=ORIENTED_EDGE('',*,*,#12014,.F.);
#12165=ORIENTED_EDGE('',*,*,#12151,.T.);
#12166=ORIENTED_EDGE('',*,*,#11840,.F.);
#12167=ORIENTED_EDGE('',*,*,#12108,.T.);
#12168=EDGE_LOOP('',(#12162,#12163,#12164,#12165,#12166,#12167));
#12169=FACE_BOUND('',#12168,.T.);
#12170=ADVANCED_FACE('',(#12169),#12161,.T.);
#12171=CARTESIAN_POINT('',(9.678207705,-45.481668637,13.));
#12172=DIRECTION('',(-0.98231401,-0.187240984,0.));
#12173=DIRECTION('',(0.187240984,-0.98231401,0.));
#12174=AXIS2_PLACEMENT_3D('',#12171,#12172,#12173);
#12175=PLANE('',#12174);
#12176=CARTESIAN_POINT('',(9.675708435,-45.468556824,13.));
#12177=VERTEX_POINT('',#12176);
#12178=CARTESIAN_POINT('',(9.641771697,-45.290516033,13.));
#12179=VERTEX_POINT('',#12178);
#12180=CARTESIAN_POINT('',(9.675708435,-45.468556824,13.));
#12181=DIRECTION('',(-0.187240984,0.98231401,0.));
#12182=VECTOR('',#12181,0.181246312);
#12183=LINE('',#12180,#12182);
#12184=EDGE_CURVE('',#12177,#12179,#12183,.T.);
#12185=ORIENTED_EDGE('',*,*,#12184,.T.);
#12186=CARTESIAN_POINT('',(9.641771697,-45.290516033,1.));
#12187=VERTEX_POINT('',#12186);
#12188=CARTESIAN_POINT('',(9.641771697,-45.290516033,13.));
#12189=DIRECTION('',(0.,0.,-1.));
#12190=VECTOR('',#12189,12.);
#12191=LINE('',#12188,#12190);
#12192=EDGE_CURVE('',#12179,#12187,#12191,.T.);
#12193=ORIENTED_EDGE('',*,*,#12192,.T.);
#12194=CARTESIAN_POINT('',(9.675708435,-45.468556824,1.));
#12195=VERTEX_POINT('',#12194);
#12196=CARTESIAN_POINT('',(9.675708435,-45.468556824,1.));
#12197=DIRECTION('',(-0.187240984,0.98231401,0.));
#12198=VECTOR('',#12197,0.181246312);
#12199=LINE('',#12196,#12198);
#12200=EDGE_CURVE('',#12195,#12187,#12199,.T.);
#12201=ORIENTED_EDGE('',*,*,#12200,.F.);
#12202=CARTESIAN_POINT('',(9.675708435,-45.468556824,1.));
#12203=DIRECTION('',(0.,0.,1.));
#12204=VECTOR('',#12203,12.);
#12205=LINE('',#12202,#12204);
#12206=EDGE_CURVE('',#12195,#12177,#12205,.T.);
#12207=ORIENTED_EDGE('',*,*,#12206,.T.);
#12208=EDGE_LOOP('',(#12185,#12193,#12201,#12207));
#12209=FACE_BOUND('',#12208,.T.);
#12210=ADVANCED_FACE('',(#12209),#12175,.T.);
#12211=CARTESIAN_POINT('',(-0.,0.,13.));
#12212=DIRECTION('',(0.,0.,-1.));
#12213=DIRECTION('',(0.965925826,0.258819045,0.));
#12214=AXIS2_PLACEMENT_3D('',#12211,#12212,#12213);
#12215=CYLINDRICAL_SURFACE('',#12214,47.);
#12216=CARTESIAN_POINT('',(14.03198081,-44.856476841,12.5));
#12217=VERTEX_POINT('',#12216);
#12218=CARTESIAN_POINT('',(10.276186573,-45.862838873,12.5));
#12219=VERTEX_POINT('',#12218);
#12220=CARTESIAN_POINT('',(-0.,0.,12.5));
#12221=DIRECTION('',(-0.,-0.,-1.));
#12222=DIRECTION('',(-0.965925826,-0.258819045,0.));
#12223=AXIS2_PLACEMENT_3D('',#12220,#12221,#12222);
#12224=CIRCLE('',#12223,47.);
#12225=EDGE_CURVE('',#12217,#12219,#12224,.T.);
#12226=ORIENTED_EDGE('',*,*,#12225,.T.);
#12227=CARTESIAN_POINT('',(10.276186573,-45.862838873,1.5));
#12228=VERTEX_POINT('',#12227);
#12229=CARTESIAN_POINT('',(10.276186573,-45.862838873,12.5));
#12230=DIRECTION('',(0.,0.,-1.));
#12231=VECTOR('',#12230,11.);
#12232=LINE('',#12229,#12231);
#12233=EDGE_CURVE('',#12219,#12228,#12232,.T.);
#12234=ORIENTED_EDGE('',*,*,#12233,.T.);
#12235=CARTESIAN_POINT('',(14.03198081,-44.856476841,1.5));
#12236=VERTEX_POINT('',#12235);
#12237=CARTESIAN_POINT('',(-0.,0.,1.5));
#12238=DIRECTION('',(0.,0.,1.));
#12239=DIRECTION('',(-0.965925826,-0.258819045,0.));
#12240=AXIS2_PLACEMENT_3D('',#12237,#12238,#12239);
#12241=CIRCLE('',#12240,47.);
#12242=EDGE_CURVE('',#12228,#12236,#12241,.T.);
#12243=ORIENTED_EDGE('',*,*,#12242,.T.);
#12244=CARTESIAN_POINT('',(14.03198081,-44.856476841,1.5));
#12245=DIRECTION('',(-0.,-0.,1.));
#12246=VECTOR('',#12245,11.);
#12247=LINE('',#12244,#12246);
#12248=EDGE_CURVE('',#12236,#12217,#12247,.T.);
#12249=ORIENTED_EDGE('',*,*,#12248,.T.);
#12250=EDGE_LOOP('',(#12226,#12234,#12243,#12249));
#12251=FACE_BOUND('',#12250,.T.);
#12252=ADVANCED_FACE('',(#12251),#12215,.T.);
#12253=CARTESIAN_POINT('',(14.359260582,-44.227384299,13.));
#12254=DIRECTION('',(-0.944329379,-0.329001556,0.));
#12255=DIRECTION('',(0.329001556,-0.944329379,0.));
#12256=AXIS2_PLACEMENT_3D('',#12253,#12254,#12255);
#12257=PLANE('',#12256);
#12258=CARTESIAN_POINT('',(14.354869108,-44.2147795,1.));
#12259=VERTEX_POINT('',#12258);
#12260=CARTESIAN_POINT('',(14.295238789,-44.043623283,1.));
#12261=VERTEX_POINT('',#12260);
#12262=CARTESIAN_POINT('',(14.354869108,-44.2147795,1.));
#12263=DIRECTION('',(-0.329001556,0.944329379,0.));
#12264=VECTOR('',#12263,0.181246312);
#12265=LINE('',#12262,#12264);
#12266=EDGE_CURVE('',#12259,#12261,#12265,.T.);
#12267=ORIENTED_EDGE('',*,*,#12266,.T.);
#12268=CARTESIAN_POINT('',(14.295238789,-44.043623283,13.));
#12269=VERTEX_POINT('',#12268);
#12270=CARTESIAN_POINT('',(14.295238789,-44.043623283,1.));
#12271=DIRECTION('',(0.,0.,1.));
#12272=VECTOR('',#12271,12.);
#12273=LINE('',#12270,#12272);
#12274=EDGE_CURVE('',#12261,#12269,#12273,.T.);
#12275=ORIENTED_EDGE('',*,*,#12274,.T.);
#12276=CARTESIAN_POINT('',(14.354869108,-44.2147795,13.));
#12277=VERTEX_POINT('',#12276);
#12278=CARTESIAN_POINT('',(14.354869108,-44.2147795,13.));
#12279=DIRECTION('',(-0.329001556,0.944329379,0.));
#12280=VECTOR('',#12279,0.181246312);
#12281=LINE('',#12278,#12280);
#12282=EDGE_CURVE('',#12277,#12269,#12281,.T.);
#12283=ORIENTED_EDGE('',*,*,#12282,.F.);
#12284=CARTESIAN_POINT('',(14.354869108,-44.2147795,13.));
#12285=DIRECTION('',(0.,0.,-1.));
#12286=VECTOR('',#12285,12.);
#12287=LINE('',#12284,#12286);
#12288=EDGE_CURVE('',#12277,#12259,#12287,.T.);
#12289=ORIENTED_EDGE('',*,*,#12288,.T.);
#12290=EDGE_LOOP('',(#12267,#12275,#12283,#12289));
#12291=FACE_BOUND('',#12290,.T.);
#12292=ADVANCED_FACE('',(#12291),#12257,.F.);
#12293=CARTESIAN_POINT('',(0.,0.,13.));
#12294=DIRECTION('',(0.,0.,1.));
#12295=DIRECTION('',(-0.965925826,-0.258819045,0.));
#12296=AXIS2_PLACEMENT_3D('',#12293,#12294,#12295);
#12297=PLANE('',#12296);
#12298=ORIENTED_EDGE('',*,*,#12282,.T.);
#12299=CARTESIAN_POINT('',(14.293492747,-44.038461203,13.));
#12300=VERTEX_POINT('',#12299);
#12301=CARTESIAN_POINT('',(14.578537603,-43.944922817,13.));
#12302=DIRECTION('',(-0.,-0.,-1.));
#12303=DIRECTION('',(1.,0.,-0.));
#12304=AXIS2_PLACEMENT_3D('',#12301,#12302,#12303);
#12305=CIRCLE('',#12304,0.3);
#12306=EDGE_CURVE('',#12269,#12300,#12305,.T.);
#12307=ORIENTED_EDGE('',*,*,#12306,.T.);
#12308=CARTESIAN_POINT('',(9.640702774,-45.285172518,13.));
#12309=VERTEX_POINT('',#12308);
#12310=CARTESIAN_POINT('',(0.,0.,13.));
#12311=DIRECTION('',(-0.,-0.,-1.));
#12312=DIRECTION('',(1.,0.,-0.));
#12313=AXIS2_PLACEMENT_3D('',#12310,#12311,#12312);
#12314=CIRCLE('',#12313,46.3);
#12315=EDGE_CURVE('',#12300,#12309,#12314,.T.);
#12316=ORIENTED_EDGE('',*,*,#12315,.T.);
#12317=CARTESIAN_POINT('',(9.347077494,-45.346688328,13.));
#12318=DIRECTION('',(-0.,-0.,-1.));
#12319=DIRECTION('',(1.,0.,-0.));
#12320=AXIS2_PLACEMENT_3D('',#12317,#12318,#12319);
#12321=CIRCLE('',#12320,0.3);
#12322=EDGE_CURVE('',#12309,#12179,#12321,.T.);
#12323=ORIENTED_EDGE('',*,*,#12322,.T.);
#12324=ORIENTED_EDGE('',*,*,#12184,.F.);
#12325=CARTESIAN_POINT('',(9.678382202,-45.481632754,13.));
#12326=VERTEX_POINT('',#12325);
#12327=CARTESIAN_POINT('',(10.16686544,-45.374936332,13.));
#12328=DIRECTION('',(0.,0.,1.));
#12329=DIRECTION('',(-0.965925826,-0.258819045,0.));
#12330=AXIS2_PLACEMENT_3D('',#12327,#12328,#12329);
#12331=CIRCLE('',#12330,0.5);
#12332=EDGE_CURVE('',#12177,#12326,#12331,.T.);
#12333=ORIENTED_EDGE('',*,*,#12332,.T.);
#12334=CARTESIAN_POINT('',(14.359091523,-44.227440471,13.));
#12335=VERTEX_POINT('',#12334);
#12336=CARTESIAN_POINT('',(-0.,0.,13.));
#12337=DIRECTION('',(0.,0.,1.));
#12338=DIRECTION('',(-0.965925826,-0.258819045,0.));
#12339=AXIS2_PLACEMENT_3D('',#12336,#12337,#12338);
#12340=CIRCLE('',#12339,46.5);
#12341=EDGE_CURVE('',#12326,#12335,#12340,.T.);
#12342=ORIENTED_EDGE('',*,*,#12341,.T.);
#12343=CARTESIAN_POINT('',(13.882704419,-44.379280278,13.));
#12344=DIRECTION('',(0.,0.,1.));
#12345=DIRECTION('',(-0.965925826,-0.258819045,0.));
#12346=AXIS2_PLACEMENT_3D('',#12343,#12344,#12345);
#12347=CIRCLE('',#12346,0.5);
#12348=EDGE_CURVE('',#12335,#12277,#12347,.T.);
#12349=ORIENTED_EDGE('',*,*,#12348,.T.);
#12350=EDGE_LOOP('',(#12298,#12307,#12316,#12323,#12324,#12333,#12342,#12349));
#12351=FACE_BOUND('',#12350,.T.);
#12352=ADVANCED_FACE('',(#12351),#12297,.T.);
#12353=CARTESIAN_POINT('',(0.,0.,1.));
#12354=DIRECTION('',(0.,0.,1.));
#12355=DIRECTION('',(-0.965925826,-0.258819045,0.));
#12356=AXIS2_PLACEMENT_3D('',#12353,#12354,#12355);
#12357=PLANE('',#12356);
#12358=ORIENTED_EDGE('',*,*,#12200,.T.);
#12359=CARTESIAN_POINT('',(9.640702774,-45.285172518,1.));
#12360=VERTEX_POINT('',#12359);
#12361=CARTESIAN_POINT('',(9.347077494,-45.346688328,1.));
#12362=DIRECTION('',(0.,0.,1.));
#12363=DIRECTION('',(1.,0.,-0.));
#12364=AXIS2_PLACEMENT_3D('',#12361,#12362,#12363);
#12365=CIRCLE('',#12364,0.3);
#12366=EDGE_CURVE('',#12187,#12360,#12365,.T.);
#12367=ORIENTED_EDGE('',*,*,#12366,.T.);
#12368=CARTESIAN_POINT('',(14.293492747,-44.038461203,1.));
#12369=VERTEX_POINT('',#12368);
#12370=CARTESIAN_POINT('',(0.,0.,1.));
#12371=DIRECTION('',(0.,0.,1.));
#12372=DIRECTION('',(1.,0.,-0.));
#12373=AXIS2_PLACEMENT_3D('',#12370,#12371,#12372);
#12374=CIRCLE('',#12373,46.3);
#12375=EDGE_CURVE('',#12360,#12369,#12374,.T.);
#12376=ORIENTED_EDGE('',*,*,#12375,.T.);
#12377=CARTESIAN_POINT('',(14.578537603,-43.944922817,1.));
#12378=DIRECTION('',(0.,0.,1.));
#12379=DIRECTION('',(1.,0.,-0.));
#12380=AXIS2_PLACEMENT_3D('',#12377,#12378,#12379);
#12381=CIRCLE('',#12380,0.3);
#12382=EDGE_CURVE('',#12369,#12261,#12381,.T.);
#12383=ORIENTED_EDGE('',*,*,#12382,.T.);
#12384=ORIENTED_EDGE('',*,*,#12266,.F.);
#12385=CARTESIAN_POINT('',(14.359091523,-44.227440471,1.));
#12386=VERTEX_POINT('',#12385);
#12387=CARTESIAN_POINT('',(13.882704419,-44.379280278,1.));
#12388=DIRECTION('',(-0.,-0.,-1.));
#12389=DIRECTION('',(-0.965925826,-0.258819045,0.));
#12390=AXIS2_PLACEMENT_3D('',#12387,#12388,#12389);
#12391=CIRCLE('',#12390,0.5);
#12392=EDGE_CURVE('',#12259,#12386,#12391,.T.);
#12393=ORIENTED_EDGE('',*,*,#12392,.T.);
#12394=CARTESIAN_POINT('',(9.678382202,-45.481632754,1.));
#12395=VERTEX_POINT('',#12394);
#12396=CARTESIAN_POINT('',(-0.,0.,1.));
#12397=DIRECTION('',(-0.,-0.,-1.));
#12398=DIRECTION('',(-0.965925826,-0.258819045,0.));
#12399=AXIS2_PLACEMENT_3D('',#12396,#12397,#12398);
#12400=CIRCLE('',#12399,46.5);
#12401=EDGE_CURVE('',#12386,#12395,#12400,.T.);
#12402=ORIENTED_EDGE('',*,*,#12401,.T.);
#12403=CARTESIAN_POINT('',(10.16686544,-45.374936332,1.));
#12404=DIRECTION('',(-0.,-0.,-1.));
#12405=DIRECTION('',(-0.965925826,-0.258819045,0.));
#12406=AXIS2_PLACEMENT_3D('',#12403,#12404,#12405);
#12407=CIRCLE('',#12406,0.5);
#12408=EDGE_CURVE('',#12395,#12195,#12407,.T.);
#12409=ORIENTED_EDGE('',*,*,#12408,.T.);
#12410=EDGE_LOOP('',(#12358,#12367,#12376,#12383,#12384,#12393,#12402,#12409));
#12411=FACE_BOUND('',#12410,.T.);
#12412=ADVANCED_FACE('',(#12411),#12357,.F.);
#12413=CARTESIAN_POINT('',(13.882704419,-44.379280278,13.));
#12414=DIRECTION('',(0.,0.,-1.));
#12415=DIRECTION('',(0.965925826,0.258819045,0.));
#12416=AXIS2_PLACEMENT_3D('',#12413,#12414,#12415);
#12417=CYLINDRICAL_SURFACE('',#12416,0.5);
#12418=CARTESIAN_POINT('',(14.365654536,-44.24987417,1.000559165));
#12419=VERTEX_POINT('',#12418);
#12420=CARTESIAN_POINT('',(14.365654536,-44.24987417,12.999440835));
#12421=VERTEX_POINT('',#12420);
#12422=CARTESIAN_POINT('',(14.365667332,-44.249870756,1.000559165));
#12423=DIRECTION('',(-0.,-0.,1.));
#12424=VECTOR('',#12423,11.99888167);
#12425=LINE('',#12422,#12424);
#12426=EDGE_CURVE('',#12419,#12421,#12425,.T.);
#12427=ORIENTED_EDGE('',*,*,#12426,.T.);
#12428=CARTESIAN_POINT('',(14.03198081,-44.856476841,12.5));
#12429=CARTESIAN_POINT('',(14.086200684,-44.839515807,12.556506703));
#12430=CARTESIAN_POINT('',(14.136869632,-44.813817288,12.612239113));
#12431=CARTESIAN_POINT('',(14.183553891,-44.778641765,12.667054059));
#12432=CARTESIAN_POINT('',(14.230238151,-44.743466242,12.721869005));
#12433=CARTESIAN_POINT('',(14.271435243,-44.700113816,12.773952802));
#12434=CARTESIAN_POINT('',(14.305409107,-44.646339722,12.822374902));
#12435=CARTESIAN_POINT('',(14.339382971,-44.592565628,12.870797003));
#12436=CARTESIAN_POINT('',(14.365327324,-44.529016923,12.914603145));
#12437=CARTESIAN_POINT('',(14.376660964,-44.456784675,12.947220808));
#12438=CARTESIAN_POINT('',(14.387994604,-44.384552428,12.979838471));
#12439=CARTESIAN_POINT('',(14.383644048,-44.304472355,13.));
#12440=CARTESIAN_POINT('',(14.359091523,-44.227440471,13.));
#12441=B_SPLINE_CURVE_WITH_KNOTS('',3,(#12428,#12429,#12430,#12431,#12432,#12433,#12434,#12435,#12436,#12437,#12438,#12439,#12440),.UNSPECIFIED.,.F.,.F.,(4,3,3,3,4),(0.,0.000238356,0.000476713,0.000715069,0.000953425),.UNSPECIFIED.);
#12442=EDGE_CURVE('',#12217,#12421,#12441,.T.);
#12443=ORIENTED_EDGE('',*,*,#12442,.F.);
#12444=ORIENTED_EDGE('',*,*,#12248,.F.);
#12445=CARTESIAN_POINT('',(14.359091523,-44.227440471,1.));
#12446=CARTESIAN_POINT('',(14.383644048,-44.304472355,1.));
#12447=CARTESIAN_POINT('',(14.387994604,-44.384552428,1.020161529));
#12448=CARTESIAN_POINT('',(14.376660964,-44.456784675,1.052779192));
#12449=CARTESIAN_POINT('',(14.365327324,-44.529016923,1.085396855));
#12450=CARTESIAN_POINT('',(14.339382971,-44.592565628,1.129202997));
#12451=CARTESIAN_POINT('',(14.305409107,-44.646339722,1.177625098));
#12452=CARTESIAN_POINT('',(14.271435243,-44.700113816,1.226047198));
#12453=CARTESIAN_POINT('',(14.230238151,-44.743466242,1.278130995));
#12454=CARTESIAN_POINT('',(14.183553891,-44.778641765,1.332945941));
#12455=CARTESIAN_POINT('',(14.136869632,-44.813817288,1.387760887));
#12456=CARTESIAN_POINT('',(14.086199594,-44.839516148,1.443492149));
#12457=CARTESIAN_POINT('',(14.03198081,-44.856476841,1.5));
#12458=B_SPLINE_CURVE_WITH_KNOTS('',3,(#12445,#12446,#12447,#12448,#12449,#12450,#12451,#12452,#12453,#12454,#12455,#12456,#12457),.UNSPECIFIED.,.F.,.F.,(4,3,3,3,4),(0.,0.000238356,0.000476713,0.000715069,0.000953425),.UNSPECIFIED.);
#12459=EDGE_CURVE('',#12419,#12236,#12458,.T.);
#12460=ORIENTED_EDGE('',*,*,#12459,.F.);
#12461=EDGE_LOOP('',(#12427,#12443,#12444,#12460));
#12462=FACE_BOUND('',#12461,.T.);
#12463=ADVANCED_FACE('',(#12462),#12417,.T.);
#12464=CARTESIAN_POINT('',(-0.,0.,12.5));
#12465=DIRECTION('',(0.,0.,1.));
#12466=DIRECTION('',(-0.965925826,-0.258819045,0.));
#12467=AXIS2_PLACEMENT_3D('',#12464,#12465,#12466);
#12468=TOROIDAL_SURFACE('',#12467,46.5,0.5);
#12469=ORIENTED_EDGE('',*,*,#12442,.T.);
#12470=CARTESIAN_POINT('',(14.03198081,-44.856476841,12.5));
#12471=CARTESIAN_POINT('',(14.086200684,-44.839515807,12.556506703));
#12472=CARTESIAN_POINT('',(14.136869632,-44.813817288,12.612239113));
#12473=CARTESIAN_POINT('',(14.183553891,-44.778641765,12.667054059));
#12474=CARTESIAN_POINT('',(14.230238151,-44.743466242,12.721869005));
#12475=CARTESIAN_POINT('',(14.271435243,-44.700113816,12.773952802));
#12476=CARTESIAN_POINT('',(14.305409107,-44.646339722,12.822374902));
#12477=CARTESIAN_POINT('',(14.339382971,-44.592565628,12.870797003));
#12478=CARTESIAN_POINT('',(14.365327324,-44.529016923,12.914603145));
#12479=CARTESIAN_POINT('',(14.376660964,-44.456784675,12.947220808));
#12480=CARTESIAN_POINT('',(14.387994604,-44.384552428,12.979838471));
#12481=CARTESIAN_POINT('',(14.383644048,-44.304472355,13.));
#12482=CARTESIAN_POINT('',(14.359091523,-44.227440471,13.));
#12483=B_SPLINE_CURVE_WITH_KNOTS('',3,(#12470,#12471,#12472,#12473,#12474,#12475,#12476,#12477,#12478,#12479,#12480,#12481,#12482),.UNSPECIFIED.,.F.,.F.,(4,3,3,3,4),(0.,0.000238356,0.000476713,0.000715069,0.000953425),.UNSPECIFIED.);
#12484=EDGE_CURVE('',#12421,#12335,#12483,.T.);
#12485=ORIENTED_EDGE('',*,*,#12484,.T.);
#12486=ORIENTED_EDGE('',*,*,#12341,.F.);
#12487=CARTESIAN_POINT('',(10.276186573,-45.862838873,12.5));
#12488=CARTESIAN_POINT('',(10.220751383,-45.875259874,12.556507851));
#12489=CARTESIAN_POINT('',(10.164020413,-45.878339028,12.612239113));
#12490=CARTESIAN_POINT('',(10.106002896,-45.871218261,12.667054059));
#12491=CARTESIAN_POINT('',(10.04798538,-45.864097495,12.721869005));
#12492=CARTESIAN_POINT('',(9.990631439,-45.847151738,12.773952802));
#12493=CARTESIAN_POINT('',(9.934322163,-45.817568939,12.822374902));
#12494=CARTESIAN_POINT('',(9.878012887,-45.787986139,12.870797003));
#12495=CARTESIAN_POINT('',(9.823770065,-45.745923522,12.914603145));
#12496=CARTESIAN_POINT('',(9.777838721,-45.689035381,12.947220808));
#12497=CARTESIAN_POINT('',(9.731907378,-45.63214724,12.979838471));
#12498=CARTESIAN_POINT('',(9.695635033,-45.560620585,13.));
#12499=CARTESIAN_POINT('',(9.678382202,-45.481632754,13.));
#12500=B_SPLINE_CURVE_WITH_KNOTS('',3,(#12487,#12488,#12489,#12490,#12491,#12492,#12493,#12494,#12495,#12496,#12497,#12498,#12499),.UNSPECIFIED.,.F.,.F.,(4,3,3,3,4),(0.,0.000238356,0.000476713,0.000715069,0.000953425),.UNSPECIFIED.);
#12501=EDGE_CURVE('',#12219,#12326,#12500,.T.);
#12502=ORIENTED_EDGE('',*,*,#12501,.F.);
#12503=ORIENTED_EDGE('',*,*,#12225,.F.);
#12504=EDGE_LOOP('',(#12469,#12485,#12486,#12502,#12503));
#12505=FACE_BOUND('',#12504,.T.);
#12506=ADVANCED_FACE('',(#12505),#12468,.T.);
#12507=CARTESIAN_POINT('',(-0.,0.,1.5));
#12508=DIRECTION('',(0.,0.,1.));
#12509=DIRECTION('',(-0.965925826,-0.258819045,0.));
#12510=AXIS2_PLACEMENT_3D('',#12507,#12508,#12509);
#12511=TOROIDAL_SURFACE('',#12510,46.5,0.5);
#12512=CARTESIAN_POINT('',(14.359091523,-44.227440471,1.));
#12513=CARTESIAN_POINT('',(14.383644048,-44.304472355,1.));
#12514=CARTESIAN_POINT('',(14.387994604,-44.384552428,1.020161529));
#12515=CARTESIAN_POINT('',(14.376660964,-44.456784675,1.052779192));
#12516=CARTESIAN_POINT('',(14.365327324,-44.529016923,1.085396855));
#12517=CARTESIAN_POINT('',(14.339382971,-44.592565628,1.129202997));
#12518=CARTESIAN_POINT('',(14.305409107,-44.646339722,1.177625098));
#12519=CARTESIAN_POINT('',(14.271435243,-44.700113816,1.226047198));
#12520=CARTESIAN_POINT('',(14.230238151,-44.743466242,1.278130995));
#12521=CARTESIAN_POINT('',(14.183553891,-44.778641765,1.332945941));
#12522=CARTESIAN_POINT('',(14.136869632,-44.813817288,1.387760887));
#12523=CARTESIAN_POINT('',(14.086199594,-44.839516148,1.443492149));
#12524=CARTESIAN_POINT('',(14.03198081,-44.856476841,1.5));
#12525=B_SPLINE_CURVE_WITH_KNOTS('',3,(#12512,#12513,#12514,#12515,#12516,#12517,#12518,#12519,#12520,#12521,#12522,#12523,#12524),.UNSPECIFIED.,.F.,.F.,(4,3,3,3,4),(0.,0.000238356,0.000476713,0.000715069,0.000953425),.UNSPECIFIED.);
#12526=EDGE_CURVE('',#12386,#12419,#12525,.T.);
#12527=ORIENTED_EDGE('',*,*,#12526,.T.);
#12528=ORIENTED_EDGE('',*,*,#12459,.T.);
#12529=ORIENTED_EDGE('',*,*,#12242,.F.);
#12530=CARTESIAN_POINT('',(9.678382202,-45.481632754,1.));
#12531=CARTESIAN_POINT('',(9.695635033,-45.560620585,1.));
#12532=CARTESIAN_POINT('',(9.731907378,-45.63214724,1.020161529));
#12533=CARTESIAN_POINT('',(9.777838721,-45.689035381,1.052779192));
#12534=CARTESIAN_POINT('',(9.823770065,-45.745923522,1.085396855));
#12535=CARTESIAN_POINT('',(9.878012887,-45.787986139,1.129202997));
#12536=CARTESIAN_POINT('',(9.934322163,-45.817568939,1.177625098));
#12537=CARTESIAN_POINT('',(9.990631439,-45.847151738,1.226047198));
#12538=CARTESIAN_POINT('',(10.04798538,-45.864097495,1.278130995));
#12539=CARTESIAN_POINT('',(10.106002896,-45.871218261,1.332945941));
#12540=CARTESIAN_POINT('',(10.164020413,-45.878339028,1.387760887));
#12541=CARTESIAN_POINT('',(10.220750268,-45.875260124,1.443493297));
#12542=CARTESIAN_POINT('',(10.276186573,-45.862838873,1.5));
#12543=B_SPLINE_CURVE_WITH_KNOTS('',3,(#12530,#12531,#12532,#12533,#12534,#12535,#12536,#12537,#12538,#12539,#12540,#12541,#12542),.UNSPECIFIED.,.F.,.F.,(4,3,3,3,4),(0.,0.000238356,0.000476713,0.000715069,0.000953425),.UNSPECIFIED.);
#12544=EDGE_CURVE('',#12395,#12228,#12543,.T.);
#12545=ORIENTED_EDGE('',*,*,#12544,.F.);
#12546=ORIENTED_EDGE('',*,*,#12401,.F.);
#12547=EDGE_LOOP('',(#12527,#12528,#12529,#12545,#12546));
#12548=FACE_BOUND('',#12547,.T.);
#12549=ADVANCED_FACE('',(#12548),#12511,.T.);
#12550=CARTESIAN_POINT('',(10.16686544,-45.374936332,13.));
#12551=DIRECTION('',(0.,0.,-1.));
#12552=DIRECTION('',(0.965925826,0.258819045,0.));
#12553=AXIS2_PLACEMENT_3D('',#12550,#12551,#12552);
#12554=CYLINDRICAL_SURFACE('',#12553,0.5);
#12555=ORIENTED_EDGE('',*,*,#12332,.F.);
#12556=ORIENTED_EDGE('',*,*,#12206,.F.);
#12557=ORIENTED_EDGE('',*,*,#12408,.F.);
#12558=ORIENTED_EDGE('',*,*,#12544,.T.);
#12559=ORIENTED_EDGE('',*,*,#12233,.F.);
#12560=ORIENTED_EDGE('',*,*,#12501,.T.);
#12561=EDGE_LOOP('',(#12555,#12556,#12557,#12558,#12559,#12560));
#12562=FACE_BOUND('',#12561,.T.);
#12563=ADVANCED_FACE('',(#12562),#12554,.T.);
#12564=CARTESIAN_POINT('',(21.119952821,-41.427013882,13.));
#12565=DIRECTION('',(-0.900380939,-0.435102476,0.));
#12566=DIRECTION('',(0.435102476,-0.900380939,0.));
#12567=AXIS2_PLACEMENT_3D('',#12564,#12565,#12566);
#12568=PLANE('',#12567);
#12569=CARTESIAN_POINT('',(21.114145124,-41.414995703,13.));
#12570=VERTEX_POINT('',#12569);
#12571=CARTESIAN_POINT('',(21.035284405,-41.251804978,13.));
#12572=VERTEX_POINT('',#12571);
#12573=CARTESIAN_POINT('',(21.114145124,-41.414995703,13.));
#12574=DIRECTION('',(-0.435102476,0.900380939,0.));
#12575=VECTOR('',#12574,0.181246312);
#12576=LINE('',#12573,#12575);
#12577=EDGE_CURVE('',#12570,#12572,#12576,.T.);
#12578=ORIENTED_EDGE('',*,*,#12577,.T.);
#12579=CARTESIAN_POINT('',(21.035284405,-41.251804978,1.));
#12580=VERTEX_POINT('',#12579);
#12581=CARTESIAN_POINT('',(21.035284405,-41.251804978,13.));
#12582=DIRECTION('',(0.,0.,-1.));
#12583=VECTOR('',#12582,12.);
#12584=LINE('',#12581,#12583);
#12585=EDGE_CURVE('',#12572,#12580,#12584,.T.);
#12586=ORIENTED_EDGE('',*,*,#12585,.T.);
#12587=CARTESIAN_POINT('',(21.114145124,-41.414995703,1.));
#12588=VERTEX_POINT('',#12587);
#12589=CARTESIAN_POINT('',(21.114145124,-41.414995703,1.));
#12590=DIRECTION('',(-0.435102476,0.900380939,0.));
#12591=VECTOR('',#12590,0.181246312);
#12592=LINE('',#12589,#12591);
#12593=EDGE_CURVE('',#12588,#12580,#12592,.T.);
#12594=ORIENTED_EDGE('',*,*,#12593,.F.);
#12595=CARTESIAN_POINT('',(21.114145124,-41.414995703,1.));
#12596=DIRECTION('',(0.,0.,1.));
#12597=VECTOR('',#12596,12.);
#12598=LINE('',#12595,#12597);
#12599=EDGE_CURVE('',#12588,#12570,#12598,.T.);
#12600=ORIENTED_EDGE('',*,*,#12599,.T.);
#12601=EDGE_LOOP('',(#12578,#12586,#12594,#12600));
#12602=FACE_BOUND('',#12601,.T.);
#12603=ADVANCED_FACE('',(#12602),#12568,.T.);
#12604=CARTESIAN_POINT('',(-0.,0.,13.));
#12605=DIRECTION('',(0.,0.,-1.));
#12606=DIRECTION('',(0.866025404,0.5,0.));
#12607=AXIS2_PLACEMENT_3D('',#12604,#12605,#12606);
#12608=CYLINDRICAL_SURFACE('',#12607,47.);
#12609=CARTESIAN_POINT('',(25.163563161,-39.696285582,12.5));
#12610=VERTEX_POINT('',#12609);
#12611=CARTESIAN_POINT('',(21.79621017,-41.640427738,12.5));
#12612=VERTEX_POINT('',#12611);
#12613=CARTESIAN_POINT('',(-0.,0.,12.5));
#12614=DIRECTION('',(-0.,-0.,-1.));
#12615=DIRECTION('',(-0.866025404,-0.5,0.));
#12616=AXIS2_PLACEMENT_3D('',#12613,#12614,#12615);
#12617=CIRCLE('',#12616,47.);
#12618=EDGE_CURVE('',#12610,#12612,#12617,.T.);
#12619=ORIENTED_EDGE('',*,*,#12618,.T.);
#12620=CARTESIAN_POINT('',(21.79621017,-41.640427738,1.5));
#12621=VERTEX_POINT('',#12620);
#12622=CARTESIAN_POINT('',(21.79621017,-41.640427738,12.5));
#12623=DIRECTION('',(0.,0.,-1.));
#12624=VECTOR('',#12623,11.);
#12625=LINE('',#12622,#12624);
#12626=EDGE_CURVE('',#12612,#12621,#12625,.T.);
#12627=ORIENTED_EDGE('',*,*,#12626,.T.);
#12628=CARTESIAN_POINT('',(25.163563161,-39.696285582,1.5));
#12629=VERTEX_POINT('',#12628);
#12630=CARTESIAN_POINT('',(-0.,0.,1.5));
#12631=DIRECTION('',(0.,0.,1.));
#12632=DIRECTION('',(-0.866025404,-0.5,0.));
#12633=AXIS2_PLACEMENT_3D('',#12630,#12631,#12632);
#12634=CIRCLE('',#12633,47.);
#12635=EDGE_CURVE('',#12621,#12629,#12634,.T.);
#12636=ORIENTED_EDGE('',*,*,#12635,.T.);
#12637=CARTESIAN_POINT('',(25.163563161,-39.696285582,1.5));
#12638=DIRECTION('',(-0.,-0.,1.));
#12639=VECTOR('',#12638,11.);
#12640=LINE('',#12637,#12639);
#12641=EDGE_CURVE('',#12629,#12610,#12640,.T.);
#12642=ORIENTED_EDGE('',*,*,#12641,.T.);
#12643=EDGE_LOOP('',(#12619,#12627,#12636,#12642));
#12644=FACE_BOUND('',#12643,.T.);
#12645=ADVANCED_FACE('',(#12644),#12608,.T.);
#12646=CARTESIAN_POINT('',(25.316870015,-39.003922611,13.));
#12647=DIRECTION('',(-0.827000267,-0.562201528,0.));
#12648=DIRECTION('',(0.562201528,-0.827000267,0.));
#12649=AXIS2_PLACEMENT_3D('',#12646,#12647,#12648);
#12650=PLANE('',#12649);
#12651=CARTESIAN_POINT('',(25.309365814,-38.992883908,1.));
#12652=VERTEX_POINT('',#12651);
#12653=CARTESIAN_POINT('',(25.207468861,-38.84299316,1.));
#12654=VERTEX_POINT('',#12653);
#12655=CARTESIAN_POINT('',(25.309365814,-38.992883908,1.));
#12656=DIRECTION('',(-0.562201528,0.827000267,0.));
#12657=VECTOR('',#12656,0.181246312);
#12658=LINE('',#12655,#12657);
#12659=EDGE_CURVE('',#12652,#12654,#12658,.T.);
#12660=ORIENTED_EDGE('',*,*,#12659,.T.);
#12661=CARTESIAN_POINT('',(25.207468861,-38.84299316,13.));
#12662=VERTEX_POINT('',#12661);
#12663=CARTESIAN_POINT('',(25.207468861,-38.84299316,1.));
#12664=DIRECTION('',(0.,0.,1.));
#12665=VECTOR('',#12664,12.);
#12666=LINE('',#12663,#12665);
#12667=EDGE_CURVE('',#12654,#12662,#12666,.T.);
#12668=ORIENTED_EDGE('',*,*,#12667,.T.);
#12669=CARTESIAN_POINT('',(25.309365814,-38.992883908,13.));
#12670=VERTEX_POINT('',#12669);
#12671=CARTESIAN_POINT('',(25.309365814,-38.992883908,13.));
#12672=DIRECTION('',(-0.562201528,0.827000267,0.));
#12673=VECTOR('',#12672,0.181246312);
#12674=LINE('',#12671,#12673);
#12675=EDGE_CURVE('',#12670,#12662,#12674,.T.);
#12676=ORIENTED_EDGE('',*,*,#12675,.F.);
#12677=CARTESIAN_POINT('',(25.309365814,-38.992883908,13.));
#12678=DIRECTION('',(0.,0.,-1.));
#12679=VECTOR('',#12678,12.);
#12680=LINE('',#12677,#12679);
#12681=EDGE_CURVE('',#12670,#12652,#12680,.T.);
#12682=ORIENTED_EDGE('',*,*,#12681,.T.);
#12683=EDGE_LOOP('',(#12660,#12668,#12676,#12682));
#12684=FACE_BOUND('',#12683,.T.);
#12685=ADVANCED_FACE('',(#12684),#12650,.F.);
#12686=CARTESIAN_POINT('',(0.,0.,13.));
#12687=DIRECTION('',(0.,0.,1.));
#12688=DIRECTION('',(-0.866025404,-0.5,0.));
#12689=AXIS2_PLACEMENT_3D('',#12686,#12687,#12688);
#12690=PLANE('',#12689);
#12691=ORIENTED_EDGE('',*,*,#12675,.T.);
#12692=CARTESIAN_POINT('',(25.204446268,-38.838458882,13.));
#12693=VERTEX_POINT('',#12692);
#12694=CARTESIAN_POINT('',(25.455568941,-38.674332701,13.));
#12695=DIRECTION('',(-0.,-0.,-1.));
#12696=DIRECTION('',(1.,0.,-0.));
#12697=AXIS2_PLACEMENT_3D('',#12694,#12695,#12696);
#12698=CIRCLE('',#12697,0.3);
#12699=EDGE_CURVE('',#12662,#12693,#12698,.T.);
#12700=ORIENTED_EDGE('',*,*,#12699,.T.);
#12701=CARTESIAN_POINT('',(21.032868902,-41.246920197,13.));
#12702=VERTEX_POINT('',#12701);
#12703=CARTESIAN_POINT('',(0.,0.,13.));
#12704=DIRECTION('',(-0.,-0.,-1.));
#12705=DIRECTION('',(1.,0.,-0.));
#12706=AXIS2_PLACEMENT_3D('',#12703,#12704,#12705);
#12707=CIRCLE('',#12706,46.3);
#12708=EDGE_CURVE('',#12693,#12702,#12707,.T.);
#12709=ORIENTED_EDGE('',*,*,#12708,.T.);
#12710=CARTESIAN_POINT('',(20.765170123,-41.382335721,13.));
#12711=DIRECTION('',(-0.,-0.,-1.));
#12712=DIRECTION('',(1.,0.,-0.));
#12713=AXIS2_PLACEMENT_3D('',#12710,#12711,#12712);
#12714=CIRCLE('',#12713,0.3);
#12715=EDGE_CURVE('',#12702,#12572,#12714,.T.);
#12716=ORIENTED_EDGE('',*,*,#12715,.T.);
#12717=ORIENTED_EDGE('',*,*,#12577,.F.);
#12718=CARTESIAN_POINT('',(21.120112084,-41.426934059,13.));
#12719=VERTEX_POINT('',#12718);
#12720=CARTESIAN_POINT('',(21.564335593,-41.197444465,13.));
#12721=DIRECTION('',(0.,0.,1.));
#12722=DIRECTION('',(-0.866025404,-0.5,0.));
#12723=AXIS2_PLACEMENT_3D('',#12720,#12721,#12722);
#12724=CIRCLE('',#12723,0.5);
#12725=EDGE_CURVE('',#12570,#12719,#12724,.T.);
#12726=ORIENTED_EDGE('',*,*,#12725,.T.);
#12727=CARTESIAN_POINT('',(25.316721254,-39.004020625,13.));
#12728=VERTEX_POINT('',#12727);
#12729=CARTESIAN_POINT('',(-0.,0.,13.));
#12730=DIRECTION('',(0.,0.,1.));
#12731=DIRECTION('',(-0.866025404,-0.5,0.));
#12732=AXIS2_PLACEMENT_3D('',#12729,#12730,#12731);
#12733=CIRCLE('',#12732,46.5);
#12734=EDGE_CURVE('',#12719,#12728,#12733,.T.);
#12735=ORIENTED_EDGE('',*,*,#12734,.T.);
#12736=CARTESIAN_POINT('',(24.895865681,-39.273984672,13.));
#12737=DIRECTION('',(0.,0.,1.));
#12738=DIRECTION('',(-0.866025404,-0.5,0.));
#12739=AXIS2_PLACEMENT_3D('',#12736,#12737,#12738);
#12740=CIRCLE('',#12739,0.5);
#12741=EDGE_CURVE('',#12728,#12670,#12740,.T.);
#12742=ORIENTED_EDGE('',*,*,#12741,.T.);
#12743=EDGE_LOOP('',(#12691,#12700,#12709,#12716,#12717,#12726,#12735,#12742));
#12744=FACE_BOUND('',#12743,.T.);
#12745=ADVANCED_FACE('',(#12744),#12690,.T.);
#12746=CARTESIAN_POINT('',(0.,0.,1.));
#12747=DIRECTION('',(0.,0.,1.));
#12748=DIRECTION('',(-0.866025404,-0.5,0.));
#12749=AXIS2_PLACEMENT_3D('',#12746,#12747,#12748);
#12750=PLANE('',#12749);
#12751=CARTESIAN_POINT('',(21.032868902,-41.246920197,1.));
#12752=VERTEX_POINT('',#12751);
#12753=CARTESIAN_POINT('',(20.765170123,-41.382335721,1.));
#12754=DIRECTION('',(0.,0.,1.));
#12755=DIRECTION('',(1.,0.,-0.));
#12756=AXIS2_PLACEMENT_3D('',#12753,#12754,#12755);
#12757=CIRCLE('',#12756,0.3);
#12758=EDGE_CURVE('',#12580,#12752,#12757,.T.);
#12759=ORIENTED_EDGE('',*,*,#12758,.T.);
#12760=CARTESIAN_POINT('',(25.204446268,-38.838458882,1.));
#12761=VERTEX_POINT('',#12760);
#12762=CARTESIAN_POINT('',(0.,0.,1.));
#12763=DIRECTION('',(0.,0.,1.));
#12764=DIRECTION('',(1.,0.,-0.));
#12765=AXIS2_PLACEMENT_3D('',#12762,#12763,#12764);
#12766=CIRCLE('',#12765,46.3);
#12767=EDGE_CURVE('',#12752,#12761,#12766,.T.);
#12768=ORIENTED_EDGE('',*,*,#12767,.T.);
#12769=CARTESIAN_POINT('',(25.455568941,-38.674332701,1.));
#12770=DIRECTION('',(0.,0.,1.));
#12771=DIRECTION('',(1.,0.,-0.));
#12772=AXIS2_PLACEMENT_3D('',#12769,#12770,#12771);
#12773=CIRCLE('',#12772,0.3);
#12774=EDGE_CURVE('',#12761,#12654,#12773,.T.);
#12775=ORIENTED_EDGE('',*,*,#12774,.T.);
#12776=ORIENTED_EDGE('',*,*,#12659,.F.);
#12777=CARTESIAN_POINT('',(25.316721254,-39.004020625,1.));
#12778=VERTEX_POINT('',#12777);
#12779=CARTESIAN_POINT('',(24.895865681,-39.273984672,1.));
#12780=DIRECTION('',(-0.,-0.,-1.));
#12781=DIRECTION('',(-0.866025404,-0.5,0.));
#12782=AXIS2_PLACEMENT_3D('',#12779,#12780,#12781);
#12783=CIRCLE('',#12782,0.5);
#12784=EDGE_CURVE('',#12652,#12778,#12783,.T.);
#12785=ORIENTED_EDGE('',*,*,#12784,.T.);
#12786=CARTESIAN_POINT('',(21.120112084,-41.426934059,1.));
#12787=VERTEX_POINT('',#12786);
#12788=CARTESIAN_POINT('',(-0.,0.,1.));
#12789=DIRECTION('',(-0.,-0.,-1.));
#12790=DIRECTION('',(-0.866025404,-0.5,0.));
#12791=AXIS2_PLACEMENT_3D('',#12788,#12789,#12790);
#12792=CIRCLE('',#12791,46.5);
#12793=EDGE_CURVE('',#12778,#12787,#12792,.T.);
#12794=ORIENTED_EDGE('',*,*,#12793,.T.);
#12795=CARTESIAN_POINT('',(21.564335593,-41.197444465,1.));
#12796=DIRECTION('',(-0.,-0.,-1.));
#12797=DIRECTION('',(-0.866025404,-0.5,0.));
#12798=AXIS2_PLACEMENT_3D('',#12795,#12796,#12797);
#12799=CIRCLE('',#12798,0.5);
#12800=EDGE_CURVE('',#12787,#12588,#12799,.T.);
#12801=ORIENTED_EDGE('',*,*,#12800,.T.);
#12802=ORIENTED_EDGE('',*,*,#12593,.T.);
#12803=EDGE_LOOP('',(#12759,#12768,#12775,#12776,#12785,#12794,#12801,#12802));
#12804=FACE_BOUND('',#12803,.T.);
#12805=ADVANCED_FACE('',(#12804),#12750,.F.);
#12806=CARTESIAN_POINT('',(24.895865681,-39.273984672,13.));
#12807=DIRECTION('',(0.,0.,-1.));
#12808=DIRECTION('',(0.866025404,0.5,0.));
#12809=AXIS2_PLACEMENT_3D('',#12806,#12807,#12808);
#12810=CYLINDRICAL_SURFACE('',#12809,0.5);
#12811=CARTESIAN_POINT('',(25.328866907,-39.023991282,1.000559165));
#12812=VERTEX_POINT('',#12811);
#12813=CARTESIAN_POINT('',(25.328866907,-39.023991282,12.999440835));
#12814=VERTEX_POINT('',#12813);
#12815=CARTESIAN_POINT('',(25.328878382,-39.023984672,1.000559165));
#12816=DIRECTION('',(-0.,-0.,1.));
#12817=VECTOR('',#12816,11.99888167);
#12818=LINE('',#12815,#12817);
#12819=EDGE_CURVE('',#12812,#12814,#12818,.T.);
#12820=ORIENTED_EDGE('',*,*,#12819,.T.);
#12821=CARTESIAN_POINT('',(25.163563161,-39.696285582,12.5));
#12822=CARTESIAN_POINT('',(25.211545699,-39.665869346,12.556506703));
#12823=CARTESIAN_POINT('',(25.253836878,-39.627932394,12.612239113));
#12824=CARTESIAN_POINT('',(25.289826315,-39.581872673,12.667054059));
#12825=CARTESIAN_POINT('',(25.325815752,-39.535812951,12.721869005));
#12826=CARTESIAN_POINT('',(25.354388653,-39.483275131,12.773952802));
#12827=CARTESIAN_POINT('',(25.373287126,-39.422540262,12.822374902));
#12828=CARTESIAN_POINT('',(25.392185599,-39.361805392,12.870797003));
#12829=CARTESIAN_POINT('',(25.400798304,-39.293707164,12.914603145));
#12830=CARTESIAN_POINT('',(25.393050679,-39.221002809,12.947220808));
#12831=CARTESIAN_POINT('',(25.385303053,-39.148298454,12.979838471));
#12832=CARTESIAN_POINT('',(25.360374491,-39.072073051,13.));
#12833=CARTESIAN_POINT('',(25.316721254,-39.004020625,13.));
#12834=B_SPLINE_CURVE_WITH_KNOTS('',3,(#12821,#12822,#12823,#12824,#12825,#12826,#12827,#12828,#12829,#12830,#12831,#12832,#12833),.UNSPECIFIED.,.F.,.F.,(4,3,3,3,4),(0.,0.000238356,0.000476713,0.000715069,0.000953425),.UNSPECIFIED.);
#12835=EDGE_CURVE('',#12610,#12814,#12834,.T.);
#12836=ORIENTED_EDGE('',*,*,#12835,.F.);
#12837=ORIENTED_EDGE('',*,*,#12641,.F.);
#12838=CARTESIAN_POINT('',(25.316721254,-39.004020625,1.));
#12839=CARTESIAN_POINT('',(25.360374491,-39.072073051,1.));
#12840=CARTESIAN_POINT('',(25.385303053,-39.148298454,1.020161529));
#12841=CARTESIAN_POINT('',(25.393050679,-39.221002809,1.052779192));
#12842=CARTESIAN_POINT('',(25.400798304,-39.293707164,1.085396855));
#12843=CARTESIAN_POINT('',(25.392185599,-39.361805392,1.129202997));
#12844=CARTESIAN_POINT('',(25.373287126,-39.422540262,1.177625098));
#12845=CARTESIAN_POINT('',(25.354388653,-39.483275131,1.226047198));
#12846=CARTESIAN_POINT('',(25.325815752,-39.535812951,1.278130995));
#12847=CARTESIAN_POINT('',(25.289826315,-39.581872673,1.332945941));
#12848=CARTESIAN_POINT('',(25.253836878,-39.627932394,1.387760887));
#12849=CARTESIAN_POINT('',(25.211544734,-39.665869957,1.443492149));
#12850=CARTESIAN_POINT('',(25.163563161,-39.696285582,1.5));
#12851=B_SPLINE_CURVE_WITH_KNOTS('',3,(#12838,#12839,#12840,#12841,#12842,#12843,#12844,#12845,#12846,#12847,#12848,#12849,#12850),.UNSPECIFIED.,.F.,.F.,(4,3,3,3,4),(0.,0.000238356,0.000476713,0.000715069,0.000953425),.UNSPECIFIED.);
#12852=EDGE_CURVE('',#12812,#12629,#12851,.T.);
#12853=ORIENTED_EDGE('',*,*,#12852,.F.);
#12854=EDGE_LOOP('',(#12820,#12836,#12837,#12853));
#12855=FACE_BOUND('',#12854,.T.);
#12856=ADVANCED_FACE('',(#12855),#12810,.T.);
#12857=CARTESIAN_POINT('',(-0.,0.,12.5));
#12858=DIRECTION('',(0.,0.,1.));
#12859=DIRECTION('',(-0.866025404,-0.5,0.));
#12860=AXIS2_PLACEMENT_3D('',#12857,#12858,#12859);
#12861=TOROIDAL_SURFACE('',#12860,46.5,0.5);
#12862=ORIENTED_EDGE('',*,*,#12835,.T.);
#12863=CARTESIAN_POINT('',(25.163563161,-39.696285582,12.5));
#12864=CARTESIAN_POINT('',(25.211545699,-39.665869346,12.556506703));
#12865=CARTESIAN_POINT('',(25.253836878,-39.627932394,12.612239113));
#12866=CARTESIAN_POINT('',(25.289826315,-39.581872673,12.667054059));
#12867=CARTESIAN_POINT('',(25.325815752,-39.535812951,12.721869005));
#12868=CARTESIAN_POINT('',(25.354388653,-39.483275131,12.773952802));
#12869=CARTESIAN_POINT('',(25.373287126,-39.422540262,12.822374902));
#12870=CARTESIAN_POINT('',(25.392185599,-39.361805392,12.870797003));
#12871=CARTESIAN_POINT('',(25.400798304,-39.293707164,12.914603145));
#12872=CARTESIAN_POINT('',(25.393050679,-39.221002809,12.947220808));
#12873=CARTESIAN_POINT('',(25.385303053,-39.148298454,12.979838471));
#12874=CARTESIAN_POINT('',(25.360374491,-39.072073051,13.));
#12875=CARTESIAN_POINT('',(25.316721254,-39.004020625,13.));
#12876=B_SPLINE_CURVE_WITH_KNOTS('',3,(#12863,#12864,#12865,#12866,#12867,#12868,#12869,#12870,#12871,#12872,#12873,#12874,#12875),.UNSPECIFIED.,.F.,.F.,(4,3,3,3,4),(0.,0.000238356,0.000476713,0.000715069,0.000953425),.UNSPECIFIED.);
#12877=EDGE_CURVE('',#12814,#12728,#12876,.T.);
#12878=ORIENTED_EDGE('',*,*,#12877,.T.);
#12879=ORIENTED_EDGE('',*,*,#12734,.F.);
#12880=CARTESIAN_POINT('',(21.79621017,-41.640427738,12.5));
#12881=CARTESIAN_POINT('',(21.745878679,-41.666773187,12.556507851));
#12882=CARTESIAN_POINT('',(21.691877714,-41.684430476,12.612239113));
#12883=CARTESIAN_POINT('',(21.633994106,-41.692568382,12.667054059));
#12884=CARTESIAN_POINT('',(21.576110499,-41.700706288,12.721869005));
#12885=CARTESIAN_POINT('',(21.516324962,-41.699182237,12.773952802));
#12886=CARTESIAN_POINT('',(21.454277785,-41.68518136,12.822374902));
#12887=CARTESIAN_POINT('',(21.392230609,-41.671180483,12.870797003));
#12888=CARTESIAN_POINT('',(21.328949461,-41.64459019,12.914603145));
#12889=CARTESIAN_POINT('',(21.269859455,-41.601528372,12.947220808));
#12890=CARTESIAN_POINT('',(21.21076945,-41.558466553,12.979838471));
#12891=CARTESIAN_POINT('',(21.157220595,-41.498765084,13.));
#12892=CARTESIAN_POINT('',(21.120112084,-41.426934059,13.));
#12893=B_SPLINE_CURVE_WITH_KNOTS('',3,(#12880,#12881,#12882,#12883,#12884,#12885,#12886,#12887,#12888,#12889,#12890,#12891,#12892),.UNSPECIFIED.,.F.,.F.,(4,3,3,3,4),(0.,0.000238356,0.000476713,0.000715069,0.000953425),.UNSPECIFIED.);
#12894=EDGE_CURVE('',#12612,#12719,#12893,.T.);
#12895=ORIENTED_EDGE('',*,*,#12894,.F.);
#12896=ORIENTED_EDGE('',*,*,#12618,.F.);
#12897=EDGE_LOOP('',(#12862,#12878,#12879,#12895,#12896));
#12898=FACE_BOUND('',#12897,.T.);
#12899=ADVANCED_FACE('',(#12898),#12861,.T.);
#12900=CARTESIAN_POINT('',(-0.,0.,1.5));
#12901=DIRECTION('',(0.,0.,1.));
#12902=DIRECTION('',(-0.866025404,-0.5,0.));
#12903=AXIS2_PLACEMENT_3D('',#12900,#12901,#12902);
#12904=TOROIDAL_SURFACE('',#12903,46.5,0.5);
#12905=CARTESIAN_POINT('',(25.316721254,-39.004020625,1.));
#12906=CARTESIAN_POINT('',(25.360374491,-39.072073051,1.));
#12907=CARTESIAN_POINT('',(25.385303053,-39.148298454,1.020161529));
#12908=CARTESIAN_POINT('',(25.393050679,-39.221002809,1.052779192));
#12909=CARTESIAN_POINT('',(25.400798304,-39.293707164,1.085396855));
#12910=CARTESIAN_POINT('',(25.392185599,-39.361805392,1.129202997));
#12911=CARTESIAN_POINT('',(25.373287126,-39.422540262,1.177625098));
#12912=CARTESIAN_POINT('',(25.354388653,-39.483275131,1.226047198));
#12913=CARTESIAN_POINT('',(25.325815752,-39.535812951,1.278130995));
#12914=CARTESIAN_POINT('',(25.289826315,-39.581872673,1.332945941));
#12915=CARTESIAN_POINT('',(25.253836878,-39.627932394,1.387760887));
#12916=CARTESIAN_POINT('',(25.211544734,-39.665869957,1.443492149));
#12917=CARTESIAN_POINT('',(25.163563161,-39.696285582,1.5));
#12918=B_SPLINE_CURVE_WITH_KNOTS('',3,(#12905,#12906,#12907,#12908,#12909,#12910,#12911,#12912,#12913,#12914,#12915,#12916,#12917),.UNSPECIFIED.,.F.,.F.,(4,3,3,3,4),(0.,0.000238356,0.000476713,0.000715069,0.000953425),.UNSPECIFIED.);
#12919=EDGE_CURVE('',#12778,#12812,#12918,.T.);
#12920=ORIENTED_EDGE('',*,*,#12919,.T.);
#12921=ORIENTED_EDGE('',*,*,#12852,.T.);
#12922=ORIENTED_EDGE('',*,*,#12635,.F.);
#12923=CARTESIAN_POINT('',(21.120112084,-41.426934059,1.));
#12924=CARTESIAN_POINT('',(21.157220595,-41.498765084,1.));
#12925=CARTESIAN_POINT('',(21.21076945,-41.558466553,1.020161529));
#12926=CARTESIAN_POINT('',(21.269859455,-41.601528372,1.052779192));
#12927=CARTESIAN_POINT('',(21.328949461,-41.64459019,1.085396855));
#12928=CARTESIAN_POINT('',(21.392230609,-41.671180483,1.129202997));
#12929=CARTESIAN_POINT('',(21.454277785,-41.68518136,1.177625098));
#12930=CARTESIAN_POINT('',(21.516324962,-41.699182237,1.226047198));
#12931=CARTESIAN_POINT('',(21.576110499,-41.700706288,1.278130995));
#12932=CARTESIAN_POINT('',(21.633994106,-41.692568382,1.332945941));
#12933=CARTESIAN_POINT('',(21.691877714,-41.684430476,1.387760887));
#12934=CARTESIAN_POINT('',(21.745877667,-41.666773717,1.443493297));
#12935=CARTESIAN_POINT('',(21.79621017,-41.640427738,1.5));
#12936=B_SPLINE_CURVE_WITH_KNOTS('',3,(#12923,#12924,#12925,#12926,#12927,#12928,#12929,#12930,#12931,#12932,#12933,#12934,#12935),.UNSPECIFIED.,.F.,.F.,(4,3,3,3,4),(0.,0.000238356,0.000476713,0.000715069,0.000953425),.UNSPECIFIED.);
#12937=EDGE_CURVE('',#12787,#12621,#12936,.T.);
#12938=ORIENTED_EDGE('',*,*,#12937,.F.);
#12939=ORIENTED_EDGE('',*,*,#12793,.F.);
#12940=EDGE_LOOP('',(#12920,#12921,#12922,#12938,#12939));
#12941=FACE_BOUND('',#12940,.T.);
#12942=ADVANCED_FACE('',(#12941),#12904,.T.);
#12943=CARTESIAN_POINT('',(21.564335593,-41.197444465,13.));
#12944=DIRECTION('',(0.,0.,-1.));
#12945=DIRECTION('',(0.866025404,0.5,0.));
#12946=AXIS2_PLACEMENT_3D('',#12943,#12944,#12945);
#12947=CYLINDRICAL_SURFACE('',#12946,0.5);
#12948=ORIENTED_EDGE('',*,*,#12725,.F.);
#12949=ORIENTED_EDGE('',*,*,#12599,.F.);
#12950=ORIENTED_EDGE('',*,*,#12800,.F.);
#12951=ORIENTED_EDGE('',*,*,#12937,.T.);
#12952=ORIENTED_EDGE('',*,*,#12626,.F.);
#12953=ORIENTED_EDGE('',*,*,#12894,.T.);
#12954=EDGE_LOOP('',(#12948,#12949,#12950,#12951,#12952,#12953));
#12955=FACE_BOUND('',#12954,.T.);
#12956=ADVANCED_FACE('',(#12955),#12947,.T.);
#12957=CARTESIAN_POINT('',(31.122408054,-34.549176593,13.));
#12958=DIRECTION('',(-0.757088395,-0.653312454,0.));
#12959=DIRECTION('',(0.653312454,-0.757088395,0.));
#12960=AXIS2_PLACEMENT_3D('',#12957,#12958,#12959);
#12961=PLANE('',#12960);
#12962=CARTESIAN_POINT('',(31.113687716,-34.539071066,13.));
#12963=VERTEX_POINT('',#12962);
#12964=CARTESIAN_POINT('',(30.995277243,-34.401851587,13.));
#12965=VERTEX_POINT('',#12964);
#12966=CARTESIAN_POINT('',(31.113687716,-34.539071066,13.));
#12967=DIRECTION('',(-0.653312454,0.757088395,0.));
#12968=VECTOR('',#12967,0.181246312);
#12969=LINE('',#12966,#12968);
#12970=EDGE_CURVE('',#12963,#12965,#12969,.T.);
#12971=ORIENTED_EDGE('',*,*,#12970,.T.);
#12972=CARTESIAN_POINT('',(30.995277243,-34.401851587,1.));
#12973=VERTEX_POINT('',#12972);
#12974=CARTESIAN_POINT('',(30.995277243,-34.401851587,13.));
#12975=DIRECTION('',(0.,0.,-1.));
#12976=VECTOR('',#12975,12.);
#12977=LINE('',#12974,#12976);
#12978=EDGE_CURVE('',#12965,#12973,#12977,.T.);
#12979=ORIENTED_EDGE('',*,*,#12978,.T.);
#12980=CARTESIAN_POINT('',(31.113687716,-34.539071066,1.));
#12981=VERTEX_POINT('',#12980);
#12982=CARTESIAN_POINT('',(31.113687716,-34.539071066,1.));
#12983=DIRECTION('',(-0.653312454,0.757088395,0.));
#12984=VECTOR('',#12983,0.181246312);
#12985=LINE('',#12982,#12984);
#12986=EDGE_CURVE('',#12981,#12973,#12985,.T.);
#12987=ORIENTED_EDGE('',*,*,#12986,.F.);
#12988=CARTESIAN_POINT('',(31.113687716,-34.539071066,1.));
#12989=DIRECTION('',(0.,0.,1.));
#12990=VECTOR('',#12989,12.);
#12991=LINE('',#12988,#12990);
#12992=EDGE_CURVE('',#12981,#12963,#12991,.T.);
#12993=ORIENTED_EDGE('',*,*,#12992,.T.);
#12994=EDGE_LOOP('',(#12971,#12979,#12987,#12993));
#12995=FACE_BOUND('',#12994,.T.);
#12996=ADVANCED_FACE('',(#12995),#12961,.T.);
#12997=CARTESIAN_POINT('',(-0.,0.,13.));
#12998=DIRECTION('',(0.,0.,-1.));
#12999=DIRECTION('',(0.707106781,0.707106781,0.));
#13000=AXIS2_PLACEMENT_3D('',#12997,#12998,#12999);
#13001=CYLINDRICAL_SURFACE('',#13000,47.);
#13002=CARTESIAN_POINT('',(34.580290267,-31.830858063,12.5));
#13003=VERTEX_POINT('',#13002);
#13004=CARTESIAN_POINT('',(31.830858063,-34.580290267,12.5));
#13005=VERTEX_POINT('',#13004);
#13006=CARTESIAN_POINT('',(-0.,0.,12.5));
#13007=DIRECTION('',(-0.,-0.,-1.));
#13008=DIRECTION('',(-0.707106781,-0.707106781,0.));
#13009=AXIS2_PLACEMENT_3D('',#13006,#13007,#13008);
#13010=CIRCLE('',#13009,47.);
#13011=EDGE_CURVE('',#13003,#13005,#13010,.T.);
#13012=ORIENTED_EDGE('',*,*,#13011,.T.);
#13013=CARTESIAN_POINT('',(31.830858063,-34.580290267,1.5));
#13014=VERTEX_POINT('',#13013);
#13015=CARTESIAN_POINT('',(31.830858063,-34.580290267,12.5));
#13016=DIRECTION('',(0.,0.,-1.));
#13017=VECTOR('',#13016,11.);
#13018=LINE('',#13015,#13017);
#13019=EDGE_CURVE('',#13005,#13014,#13018,.T.);
#13020=ORIENTED_EDGE('',*,*,#13019,.T.);
#13021=CARTESIAN_POINT('',(34.580290267,-31.830858063,1.5));
#13022=VERTEX_POINT('',#13021);
#13023=CARTESIAN_POINT('',(-0.,0.,1.5));
#13024=DIRECTION('',(0.,0.,1.));
#13025=DIRECTION('',(-0.707106781,-0.707106781,0.));
#13026=AXIS2_PLACEMENT_3D('',#13023,#13024,#13025);
#13027=CIRCLE('',#13026,47.);
#13028=EDGE_CURVE('',#13014,#13022,#13027,.T.);
#13029=ORIENTED_EDGE('',*,*,#13028,.T.);
#13030=CARTESIAN_POINT('',(34.580290267,-31.830858063,1.5));
#13031=DIRECTION('',(-0.,-0.,1.));
#13032=VECTOR('',#13031,11.);
#13033=LINE('',#13030,#13032);
#13034=EDGE_CURVE('',#13022,#13003,#13033,.T.);
#13035=ORIENTED_EDGE('',*,*,#13034,.T.);
#13036=EDGE_LOOP('',(#13012,#13020,#13029,#13035));
#13037=FACE_BOUND('',#13036,.T.);
#13038=ADVANCED_FACE('',(#13037),#13001,.T.);
#13039=CARTESIAN_POINT('',(34.549176593,-31.122408054,13.));
#13040=DIRECTION('',(-0.653312454,-0.757088395,0.));
#13041=DIRECTION('',(0.757088395,-0.653312454,0.));
#13042=AXIS2_PLACEMENT_3D('',#13039,#13040,#13041);
#13043=PLANE('',#13042);
#13044=CARTESIAN_POINT('',(34.539071066,-31.113687716,1.));
#13045=VERTEX_POINT('',#13044);
#13046=CARTESIAN_POINT('',(34.401851587,-30.995277243,1.));
#13047=VERTEX_POINT('',#13046);
#13048=CARTESIAN_POINT('',(34.539071066,-31.113687716,1.));
#13049=DIRECTION('',(-0.757088395,0.653312454,0.));
#13050=VECTOR('',#13049,0.181246312);
#13051=LINE('',#13048,#13050);
#13052=EDGE_CURVE('',#13045,#13047,#13051,.T.);
#13053=ORIENTED_EDGE('',*,*,#13052,.T.);
#13054=CARTESIAN_POINT('',(34.401851587,-30.995277243,13.));
#13055=VERTEX_POINT('',#13054);
#13056=CARTESIAN_POINT('',(34.401851587,-30.995277243,1.));
#13057=DIRECTION('',(0.,0.,1.));
#13058=VECTOR('',#13057,12.);
#13059=LINE('',#13056,#13058);
#13060=EDGE_CURVE('',#13047,#13055,#13059,.T.);
#13061=ORIENTED_EDGE('',*,*,#13060,.T.);
#13062=CARTESIAN_POINT('',(34.539071066,-31.113687716,13.));
#13063=VERTEX_POINT('',#13062);
#13064=CARTESIAN_POINT('',(34.539071066,-31.113687716,13.));
#13065=DIRECTION('',(-0.757088395,0.653312454,0.));
#13066=VECTOR('',#13065,0.181246312);
#13067=LINE('',#13064,#13066);
#13068=EDGE_CURVE('',#13063,#13055,#13067,.T.);
#13069=ORIENTED_EDGE('',*,*,#13068,.F.);
#13070=CARTESIAN_POINT('',(34.539071066,-31.113687716,13.));
#13071=DIRECTION('',(0.,0.,-1.));
#13072=VECTOR('',#13071,12.);
#13073=LINE('',#13070,#13072);
#13074=EDGE_CURVE('',#13063,#13045,#13073,.T.);
#13075=ORIENTED_EDGE('',*,*,#13074,.T.);
#13076=EDGE_LOOP('',(#13053,#13061,#13069,#13075));
#13077=FACE_BOUND('',#13076,.T.);
#13078=ADVANCED_FACE('',(#13077),#13043,.F.);
#13079=CARTESIAN_POINT('',(0.,0.,13.));
#13080=DIRECTION('',(0.,0.,1.));
#13081=DIRECTION('',(-0.707106781,-0.707106781,0.));
#13082=AXIS2_PLACEMENT_3D('',#13079,#13080,#13081);
#13083=PLANE('',#13082);
#13084=ORIENTED_EDGE('',*,*,#13068,.T.);
#13085=CARTESIAN_POINT('',(34.397758429,-30.991679772,13.));
#13086=VERTEX_POINT('',#13085);
#13087=CARTESIAN_POINT('',(34.597845323,-30.768150725,13.));
#13088=DIRECTION('',(-0.,-0.,-1.));
#13089=DIRECTION('',(1.,0.,-0.));
#13090=AXIS2_PLACEMENT_3D('',#13087,#13088,#13089);
#13091=CIRCLE('',#13090,0.3);
#13092=EDGE_CURVE('',#13055,#13086,#13091,.T.);
#13093=ORIENTED_EDGE('',*,*,#13092,.T.);
#13094=CARTESIAN_POINT('',(30.991679772,-34.397758429,13.));
#13095=VERTEX_POINT('',#13094);
#13096=CARTESIAN_POINT('',(0.,0.,13.));
#13097=DIRECTION('',(-0.,-0.,-1.));
#13098=DIRECTION('',(1.,0.,-0.));
#13099=AXIS2_PLACEMENT_3D('',#13096,#13097,#13098);
#13100=CIRCLE('',#13099,46.3);
#13101=EDGE_CURVE('',#13086,#13095,#13100,.T.);
#13102=ORIENTED_EDGE('',*,*,#13101,.T.);
#13103=CARTESIAN_POINT('',(30.768150725,-34.597845323,13.));
#13104=DIRECTION('',(-0.,-0.,-1.));
#13105=DIRECTION('',(1.,0.,-0.));
#13106=AXIS2_PLACEMENT_3D('',#13103,#13104,#13105);
#13107=CIRCLE('',#13106,0.3);
#13108=EDGE_CURVE('',#13095,#12965,#13107,.T.);
#13109=ORIENTED_EDGE('',*,*,#13108,.T.);
#13110=ORIENTED_EDGE('',*,*,#12970,.F.);
#13111=CARTESIAN_POINT('',(31.122541231,-34.54905827,13.));
#13112=VERTEX_POINT('',#13111);
#13113=CARTESIAN_POINT('',(31.492231913,-34.212414839,13.));
#13114=DIRECTION('',(0.,0.,1.));
#13115=DIRECTION('',(-0.707106781,-0.707106781,0.));
#13116=AXIS2_PLACEMENT_3D('',#13113,#13114,#13115);
#13117=CIRCLE('',#13116,0.5);
#13118=EDGE_CURVE('',#12963,#13112,#13117,.T.);
#13119=ORIENTED_EDGE('',*,*,#13118,.T.);
#13120=CARTESIAN_POINT('',(34.54905827,-31.122541231,13.));
#13121=VERTEX_POINT('',#13120);
#13122=CARTESIAN_POINT('',(-0.,0.,13.));
#13123=DIRECTION('',(0.,0.,1.));
#13124=DIRECTION('',(-0.707106781,-0.707106781,0.));
#13125=AXIS2_PLACEMENT_3D('',#13122,#13123,#13124);
#13126=CIRCLE('',#13125,46.5);
#13127=EDGE_CURVE('',#13112,#13121,#13126,.T.);
#13128=ORIENTED_EDGE('',*,*,#13127,.T.);
#13129=CARTESIAN_POINT('',(34.212414839,-31.492231913,13.));
#13130=DIRECTION('',(0.,0.,1.));
#13131=DIRECTION('',(-0.707106781,-0.707106781,0.));
#13132=AXIS2_PLACEMENT_3D('',#13129,#13130,#13131);
#13133=CIRCLE('',#13132,0.5);
#13134=EDGE_CURVE('',#13121,#13063,#13133,.T.);
#13135=ORIENTED_EDGE('',*,*,#13134,.T.);
#13136=EDGE_LOOP('',(#13084,#13093,#13102,#13109,#13110,#13119,#13128,#13135));
#13137=FACE_BOUND('',#13136,.T.);
#13138=ADVANCED_FACE('',(#13137),#13083,.T.);
#13139=CARTESIAN_POINT('',(0.,0.,1.));
#13140=DIRECTION('',(0.,0.,1.));
#13141=DIRECTION('',(-0.707106781,-0.707106781,0.));
#13142=AXIS2_PLACEMENT_3D('',#13139,#13140,#13141);
#13143=PLANE('',#13142);
#13144=CARTESIAN_POINT('',(30.991679772,-34.397758429,1.));
#13145=VERTEX_POINT('',#13144);
#13146=CARTESIAN_POINT('',(30.768150725,-34.597845323,1.));
#13147=DIRECTION('',(0.,0.,1.));
#13148=DIRECTION('',(1.,0.,-0.));
#13149=AXIS2_PLACEMENT_3D('',#13146,#13147,#13148);
#13150=CIRCLE('',#13149,0.3);
#13151=EDGE_CURVE('',#12973,#13145,#13150,.T.);
#13152=ORIENTED_EDGE('',*,*,#13151,.T.);
#13153=CARTESIAN_POINT('',(34.397758429,-30.991679772,1.));
#13154=VERTEX_POINT('',#13153);
#13155=CARTESIAN_POINT('',(0.,0.,1.));
#13156=DIRECTION('',(0.,0.,1.));
#13157=DIRECTION('',(1.,0.,-0.));
#13158=AXIS2_PLACEMENT_3D('',#13155,#13156,#13157);
#13159=CIRCLE('',#13158,46.3);
#13160=EDGE_CURVE('',#13145,#13154,#13159,.T.);
#13161=ORIENTED_EDGE('',*,*,#13160,.T.);
#13162=CARTESIAN_POINT('',(34.597845323,-30.768150725,1.));
#13163=DIRECTION('',(0.,0.,1.));
#13164=DIRECTION('',(1.,0.,-0.));
#13165=AXIS2_PLACEMENT_3D('',#13162,#13163,#13164);
#13166=CIRCLE('',#13165,0.3);
#13167=EDGE_CURVE('',#13154,#13047,#13166,.T.);
#13168=ORIENTED_EDGE('',*,*,#13167,.T.);
#13169=ORIENTED_EDGE('',*,*,#13052,.F.);
#13170=CARTESIAN_POINT('',(34.54905827,-31.122541231,1.));
#13171=VERTEX_POINT('',#13170);
#13172=CARTESIAN_POINT('',(34.212414839,-31.492231913,1.));
#13173=DIRECTION('',(-0.,-0.,-1.));
#13174=DIRECTION('',(-0.707106781,-0.707106781,0.));
#13175=AXIS2_PLACEMENT_3D('',#13172,#13173,#13174);
#13176=CIRCLE('',#13175,0.5);
#13177=EDGE_CURVE('',#13045,#13171,#13176,.T.);
#13178=ORIENTED_EDGE('',*,*,#13177,.T.);
#13179=CARTESIAN_POINT('',(31.122541231,-34.54905827,1.));
#13180=VERTEX_POINT('',#13179);
#13181=CARTESIAN_POINT('',(-0.,0.,1.));
#13182=DIRECTION('',(-0.,-0.,-1.));
#13183=DIRECTION('',(-0.707106781,-0.707106781,0.));
#13184=AXIS2_PLACEMENT_3D('',#13181,#13182,#13183);
#13185=CIRCLE('',#13184,46.5);
#13186=EDGE_CURVE('',#13171,#13180,#13185,.T.);
#13187=ORIENTED_EDGE('',*,*,#13186,.T.);
#13188=CARTESIAN_POINT('',(31.492231913,-34.212414839,1.));
#13189=DIRECTION('',(-0.,-0.,-1.));
#13190=DIRECTION('',(-0.707106781,-0.707106781,0.));
#13191=AXIS2_PLACEMENT_3D('',#13188,#13189,#13190);
#13192=CIRCLE('',#13191,0.5);
#13193=EDGE_CURVE('',#13180,#12981,#13192,.T.);
#13194=ORIENTED_EDGE('',*,*,#13193,.T.);
#13195=ORIENTED_EDGE('',*,*,#12986,.T.);
#13196=EDGE_LOOP('',(#13152,#13161,#13168,#13169,#13178,#13187,#13194,#13195));
#13197=FACE_BOUND('',#13196,.T.);
#13198=ADVANCED_FACE('',(#13197),#13143,.F.);
#13199=CARTESIAN_POINT('',(34.212414839,-31.492231913,13.));
#13200=DIRECTION('',(0.,0.,-1.));
#13201=DIRECTION('',(0.707106781,0.707106781,0.));
#13202=AXIS2_PLACEMENT_3D('',#13199,#13200,#13201);
#13203=CYLINDRICAL_SURFACE('',#13202,0.5);
#13204=CARTESIAN_POINT('',(34.565958855,-31.138687878,1.000559165));
#13205=VERTEX_POINT('',#13204);
#13206=CARTESIAN_POINT('',(34.565958856,-31.138687878,12.999440835));
#13207=VERTEX_POINT('',#13206);
#13208=CARTESIAN_POINT('',(34.565968229,-31.138678523,1.000559165));
#13209=DIRECTION('',(-0.,-0.,1.));
#13210=VECTOR('',#13209,11.99888167);
#13211=LINE('',#13208,#13210);
#13212=EDGE_CURVE('',#13205,#13207,#13211,.T.);
#13213=ORIENTED_EDGE('',*,*,#13212,.T.);
#13214=CARTESIAN_POINT('',(34.580290267,-31.830858063,12.5));
#13215=CARTESIAN_POINT('',(34.618765538,-31.78905944,12.556506703));
#13216=CARTESIAN_POINT('',(34.649796875,-31.741469396,12.612239113));
#13217=CARTESIAN_POINT('',(34.672638868,-31.68766437,12.667054059));
#13218=CARTESIAN_POINT('',(34.695480862,-31.633859343,12.721869005));
#13219=CARTESIAN_POINT('',(34.709482377,-31.575716495,12.773952802));
#13220=CARTESIAN_POINT('',(34.712017559,-31.512159832,12.822374902));
#13221=CARTESIAN_POINT('',(34.714552741,-31.448603168,12.870797003));
#13222=CARTESIAN_POINT('',(34.705246857,-31.380596199,12.914603145));
#13223=CARTESIAN_POINT('',(34.678945954,-31.312374417,12.947220808));
#13224=CARTESIAN_POINT('',(34.65264505,-31.244152636,12.979838471));
#13225=CARTESIAN_POINT('',(34.608837322,-31.176976537,13.));
#13226=CARTESIAN_POINT('',(34.54905827,-31.122541231,13.));
#13227=B_SPLINE_CURVE_WITH_KNOTS('',3,(#13214,#13215,#13216,#13217,#13218,#13219,#13220,#13221,#13222,#13223,#13224,#13225,#13226),.UNSPECIFIED.,.F.,.F.,(4,3,3,3,4),(0.,0.000238356,0.000476713,0.000715069,0.000953425),.UNSPECIFIED.);
#13228=EDGE_CURVE('',#13003,#13207,#13227,.T.);
#13229=ORIENTED_EDGE('',*,*,#13228,.F.);
#13230=ORIENTED_EDGE('',*,*,#13034,.F.);
#13231=CARTESIAN_POINT('',(34.54905827,-31.122541231,1.));
#13232=CARTESIAN_POINT('',(34.608837322,-31.176976537,1.));
#13233=CARTESIAN_POINT('',(34.65264505,-31.244152636,1.020161529));
#13234=CARTESIAN_POINT('',(34.678945954,-31.312374417,1.052779192));
#13235=CARTESIAN_POINT('',(34.705246857,-31.380596199,1.085396855));
#13236=CARTESIAN_POINT('',(34.714552741,-31.448603168,1.129202997));
#13237=CARTESIAN_POINT('',(34.712017559,-31.512159832,1.177625098));
#13238=CARTESIAN_POINT('',(34.709482377,-31.575716495,1.226047198));
#13239=CARTESIAN_POINT('',(34.695480862,-31.633859343,1.278130995));
#13240=CARTESIAN_POINT('',(34.672638868,-31.68766437,1.332945941));
#13241=CARTESIAN_POINT('',(34.649796875,-31.741469396,1.387760887));
#13242=CARTESIAN_POINT('',(34.618764765,-31.78906028,1.443492149));
#13243=CARTESIAN_POINT('',(34.580290267,-31.830858063,1.5));
#13244=B_SPLINE_CURVE_WITH_KNOTS('',3,(#13231,#13232,#13233,#13234,#13235,#13236,#13237,#13238,#13239,#13240,#13241,#13242,#13243),.UNSPECIFIED.,.F.,.F.,(4,3,3,3,4),(0.,0.000238356,0.000476713,0.000715069,0.000953425),.UNSPECIFIED.);
#13245=EDGE_CURVE('',#13205,#13022,#13244,.T.);
#13246=ORIENTED_EDGE('',*,*,#13245,.F.);
#13247=EDGE_LOOP('',(#13213,#13229,#13230,#13246));
#13248=FACE_BOUND('',#13247,.T.);
#13249=ADVANCED_FACE('',(#13248),#13203,.T.);
#13250=CARTESIAN_POINT('',(-0.,0.,12.5));
#13251=DIRECTION('',(0.,0.,1.));
#13252=DIRECTION('',(-0.707106781,-0.707106781,0.));
#13253=AXIS2_PLACEMENT_3D('',#13250,#13251,#13252);
#13254=TOROIDAL_SURFACE('',#13253,46.5,0.5);
#13255=ORIENTED_EDGE('',*,*,#13228,.T.);
#13256=CARTESIAN_POINT('',(34.580290267,-31.830858063,12.5));
#13257=CARTESIAN_POINT('',(34.618765538,-31.78905944,12.556506703));
#13258=CARTESIAN_POINT('',(34.649796875,-31.741469396,12.612239113));
#13259=CARTESIAN_POINT('',(34.672638868,-31.68766437,12.667054059));
#13260=CARTESIAN_POINT('',(34.695480862,-31.633859343,12.721869005));
#13261=CARTESIAN_POINT('',(34.709482377,-31.575716495,12.773952802));
#13262=CARTESIAN_POINT('',(34.712017559,-31.512159832,12.822374902));
#13263=CARTESIAN_POINT('',(34.714552741,-31.448603168,12.870797003));
#13264=CARTESIAN_POINT('',(34.705246857,-31.380596199,12.914603145));
#13265=CARTESIAN_POINT('',(34.678945954,-31.312374417,12.947220808));
#13266=CARTESIAN_POINT('',(34.65264505,-31.244152636,12.979838471));
#13267=CARTESIAN_POINT('',(34.608837322,-31.176976537,13.));
#13268=CARTESIAN_POINT('',(34.54905827,-31.122541231,13.));
#13269=B_SPLINE_CURVE_WITH_KNOTS('',3,(#13256,#13257,#13258,#13259,#13260,#13261,#13262,#13263,#13264,#13265,#13266,#13267,#13268),.UNSPECIFIED.,.F.,.F.,(4,3,3,3,4),(0.,0.000238356,0.000476713,0.000715069,0.000953425),.UNSPECIFIED.);
#13270=EDGE_CURVE('',#13207,#13121,#13269,.T.);
#13271=ORIENTED_EDGE('',*,*,#13270,.T.);
#13272=ORIENTED_EDGE('',*,*,#13127,.F.);
#13273=CARTESIAN_POINT('',(31.830858063,-34.580290267,12.5));
#13274=CARTESIAN_POINT('',(31.78906028,-34.618764765,12.556507851));
#13275=CARTESIAN_POINT('',(31.741469396,-34.649796875,12.612239113));
#13276=CARTESIAN_POINT('',(31.68766437,-34.672638868,12.667054059));
#13277=CARTESIAN_POINT('',(31.633859343,-34.695480862,12.721869005));
#13278=CARTESIAN_POINT('',(31.575716495,-34.709482377,12.773952802));
#13279=CARTESIAN_POINT('',(31.512159832,-34.712017559,12.822374902));
#13280=CARTESIAN_POINT('',(31.448603168,-34.714552741,12.870797003));
#13281=CARTESIAN_POINT('',(31.380596199,-34.705246857,12.914603145));
#13282=CARTESIAN_POINT('',(31.312374417,-34.678945954,12.947220808));
#13283=CARTESIAN_POINT('',(31.244152636,-34.65264505,12.979838471));
#13284=CARTESIAN_POINT('',(31.176976537,-34.608837322,13.));
#13285=CARTESIAN_POINT('',(31.122541231,-34.54905827,13.));
#13286=B_SPLINE_CURVE_WITH_KNOTS('',3,(#13273,#13274,#13275,#13276,#13277,#13278,#13279,#13280,#13281,#13282,#13283,#13284,#13285),.UNSPECIFIED.,.F.,.F.,(4,3,3,3,4),(0.,0.000238356,0.000476713,0.000715069,0.000953425),.UNSPECIFIED.);
#13287=EDGE_CURVE('',#13005,#13112,#13286,.T.);
#13288=ORIENTED_EDGE('',*,*,#13287,.F.);
#13289=ORIENTED_EDGE('',*,*,#13011,.F.);
#13290=EDGE_LOOP('',(#13255,#13271,#13272,#13288,#13289));
#13291=FACE_BOUND('',#13290,.T.);
#13292=ADVANCED_FACE('',(#13291),#13254,.T.);
#13293=CARTESIAN_POINT('',(-0.,0.,1.5));
#13294=DIRECTION('',(0.,0.,1.));
#13295=DIRECTION('',(-0.707106781,-0.707106781,0.));
#13296=AXIS2_PLACEMENT_3D('',#13293,#13294,#13295);
#13297=TOROIDAL_SURFACE('',#13296,46.5,0.5);
#13298=CARTESIAN_POINT('',(34.54905827,-31.122541231,1.));
#13299=CARTESIAN_POINT('',(34.608837322,-31.176976537,1.));
#13300=CARTESIAN_POINT('',(34.65264505,-31.244152636,1.020161529));
#13301=CARTESIAN_POINT('',(34.678945954,-31.312374417,1.052779192));
#13302=CARTESIAN_POINT('',(34.705246857,-31.380596199,1.085396855));
#13303=CARTESIAN_POINT('',(34.714552741,-31.448603168,1.129202997));
#13304=CARTESIAN_POINT('',(34.712017559,-31.512159832,1.177625098));
#13305=CARTESIAN_POINT('',(34.709482377,-31.575716495,1.226047198));
#13306=CARTESIAN_POINT('',(34.695480862,-31.633859343,1.278130995));
#13307=CARTESIAN_POINT('',(34.672638868,-31.68766437,1.332945941));
#13308=CARTESIAN_POINT('',(34.649796875,-31.741469396,1.387760887));
#13309=CARTESIAN_POINT('',(34.618764765,-31.78906028,1.443492149));
#13310=CARTESIAN_POINT('',(34.580290267,-31.830858063,1.5));
#13311=B_SPLINE_CURVE_WITH_KNOTS('',3,(#13298,#13299,#13300,#13301,#13302,#13303,#13304,#13305,#13306,#13307,#13308,#13309,#13310),.UNSPECIFIED.,.F.,.F.,(4,3,3,3,4),(0.,0.000238356,0.000476713,0.000715069,0.000953425),.UNSPECIFIED.);
#13312=EDGE_CURVE('',#13171,#13205,#13311,.T.);
#13313=ORIENTED_EDGE('',*,*,#13312,.T.);
#13314=ORIENTED_EDGE('',*,*,#13245,.T.);
#13315=ORIENTED_EDGE('',*,*,#13028,.F.);
#13316=CARTESIAN_POINT('',(31.122541231,-34.54905827,1.));
#13317=CARTESIAN_POINT('',(31.176976537,-34.608837322,1.));
#13318=CARTESIAN_POINT('',(31.244152636,-34.65264505,1.020161529));
#13319=CARTESIAN_POINT('',(31.312374417,-34.678945954,1.052779192));
#13320=CARTESIAN_POINT('',(31.380596199,-34.705246857,1.085396855));
#13321=CARTESIAN_POINT('',(31.448603168,-34.714552741,1.129202997));
#13322=CARTESIAN_POINT('',(31.512159832,-34.712017559,1.177625098));
#13323=CARTESIAN_POINT('',(31.575716495,-34.709482377,1.226047198));
#13324=CARTESIAN_POINT('',(31.633859343,-34.695480862,1.278130995));
#13325=CARTESIAN_POINT('',(31.68766437,-34.672638868,1.332945941));
#13326=CARTESIAN_POINT('',(31.741469396,-34.649796875,1.387760887));
#13327=CARTESIAN_POINT('',(31.78905944,-34.618765538,1.443493297));
#13328=CARTESIAN_POINT('',(31.830858063,-34.580290267,1.5));
#13329=B_SPLINE_CURVE_WITH_KNOTS('',3,(#13316,#13317,#13318,#13319,#13320,#13321,#13322,#13323,#13324,#13325,#13326,#13327,#13328),.UNSPECIFIED.,.F.,.F.,(4,3,3,3,4),(0.,0.000238356,0.000476713,0.000715069,0.000953425),.UNSPECIFIED.);
#13330=EDGE_CURVE('',#13180,#13014,#13329,.T.);
#13331=ORIENTED_EDGE('',*,*,#13330,.F.);
#13332=ORIENTED_EDGE('',*,*,#13186,.F.);
#13333=EDGE_LOOP('',(#13313,#13314,#13315,#13331,#13332));
#13334=FACE_BOUND('',#13333,.T.);
#13335=ADVANCED_FACE('',(#13334),#13297,.T.);
#13336=CARTESIAN_POINT('',(31.492231913,-34.212414839,13.));
#13337=DIRECTION('',(0.,0.,-1.));
#13338=DIRECTION('',(0.707106781,0.707106781,0.));
#13339=AXIS2_PLACEMENT_3D('',#13336,#13337,#13338);
#13340=CYLINDRICAL_SURFACE('',#13339,0.5);
#13341=ORIENTED_EDGE('',*,*,#13118,.F.);
#13342=ORIENTED_EDGE('',*,*,#12992,.F.);
#13343=ORIENTED_EDGE('',*,*,#13193,.F.);
#13344=ORIENTED_EDGE('',*,*,#13330,.T.);
#13345=ORIENTED_EDGE('',*,*,#13019,.F.);
#13346=ORIENTED_EDGE('',*,*,#13287,.T.);
#13347=EDGE_LOOP('',(#13341,#13342,#13343,#13344,#13345,#13346));
#13348=FACE_BOUND('',#13347,.T.);
#13349=ADVANCED_FACE('',(#13348),#13340,.T.);
#13350=CARTESIAN_POINT('',(39.003922611,-25.316870015,13.));
#13351=DIRECTION('',(-0.562201528,-0.827000267,0.));
#13352=DIRECTION('',(0.827000267,-0.562201528,0.));
#13353=AXIS2_PLACEMENT_3D('',#13350,#13351,#13352);
#13354=PLANE('',#13353);
#13355=CARTESIAN_POINT('',(38.992883908,-25.309365814,13.));
#13356=VERTEX_POINT('',#13355);
#13357=CARTESIAN_POINT('',(38.84299316,-25.207468861,13.));
#13358=VERTEX_POINT('',#13357);
#13359=CARTESIAN_POINT('',(38.992883908,-25.309365814,13.));
#13360=DIRECTION('',(-0.827000267,0.562201528,0.));
#13361=VECTOR('',#13360,0.181246312);
#13362=LINE('',#13359,#13361);
#13363=EDGE_CURVE('',#13356,#13358,#13362,.T.);
#13364=ORIENTED_EDGE('',*,*,#13363,.T.);
#13365=CARTESIAN_POINT('',(38.84299316,-25.207468861,1.));
#13366=VERTEX_POINT('',#13365);
#13367=CARTESIAN_POINT('',(38.84299316,-25.207468861,13.));
#13368=DIRECTION('',(0.,0.,-1.));
#13369=VECTOR('',#13368,12.);
#13370=LINE('',#13367,#13369);
#13371=EDGE_CURVE('',#13358,#13366,#13370,.T.);
#13372=ORIENTED_EDGE('',*,*,#13371,.T.);
#13373=CARTESIAN_POINT('',(38.992883908,-25.309365814,1.));
#13374=VERTEX_POINT('',#13373);
#13375=CARTESIAN_POINT('',(38.992883908,-25.309365814,1.));
#13376=DIRECTION('',(-0.827000267,0.562201528,0.));
#13377=VECTOR('',#13376,0.181246312);
#13378=LINE('',#13375,#13377);
#13379=EDGE_CURVE('',#13374,#13366,#13378,.T.);
#13380=ORIENTED_EDGE('',*,*,#13379,.F.);
#13381=CARTESIAN_POINT('',(38.992883908,-25.309365814,1.));
#13382=DIRECTION('',(0.,0.,1.));
#13383=VECTOR('',#13382,12.);
#13384=LINE('',#13381,#13383);
#13385=EDGE_CURVE('',#13374,#13356,#13384,.T.);
#13386=ORIENTED_EDGE('',*,*,#13385,.T.);
#13387=EDGE_LOOP('',(#13364,#13372,#13380,#13386));
#13388=FACE_BOUND('',#13387,.T.);
#13389=ADVANCED_FACE('',(#13388),#13354,.T.);
#13390=CARTESIAN_POINT('',(-0.,0.,13.));
#13391=DIRECTION('',(0.,0.,-1.));
#13392=DIRECTION('',(0.5,0.866025404,0.));
#13393=AXIS2_PLACEMENT_3D('',#13390,#13391,#13392);
#13394=CYLINDRICAL_SURFACE('',#13393,47.);
#13395=CARTESIAN_POINT('',(41.640427738,-21.79621017,12.5));
#13396=VERTEX_POINT('',#13395);
#13397=CARTESIAN_POINT('',(39.696285582,-25.163563161,12.5));
#13398=VERTEX_POINT('',#13397);
#13399=CARTESIAN_POINT('',(-0.,0.,12.5));
#13400=DIRECTION('',(-0.,-0.,-1.));
#13401=DIRECTION('',(-0.5,-0.866025404,0.));
#13402=AXIS2_PLACEMENT_3D('',#13399,#13400,#13401);
#13403=CIRCLE('',#13402,47.);
#13404=EDGE_CURVE('',#13396,#13398,#13403,.T.);
#13405=ORIENTED_EDGE('',*,*,#13404,.T.);
#13406=CARTESIAN_POINT('',(39.696285582,-25.163563161,1.5));
#13407=VERTEX_POINT('',#13406);
#13408=CARTESIAN_POINT('',(39.696285582,-25.163563161,12.5));
#13409=DIRECTION('',(0.,0.,-1.));
#13410=VECTOR('',#13409,11.);
#13411=LINE('',#13408,#13410);
#13412=EDGE_CURVE('',#13398,#13407,#13411,.T.);
#13413=ORIENTED_EDGE('',*,*,#13412,.T.);
#13414=CARTESIAN_POINT('',(41.640427738,-21.79621017,1.5));
#13415=VERTEX_POINT('',#13414);
#13416=CARTESIAN_POINT('',(-0.,0.,1.5));
#13417=DIRECTION('',(0.,0.,1.));
#13418=DIRECTION('',(-0.5,-0.866025404,0.));
#13419=AXIS2_PLACEMENT_3D('',#13416,#13417,#13418);
#13420=CIRCLE('',#13419,47.);
#13421=EDGE_CURVE('',#13407,#13415,#13420,.T.);
#13422=ORIENTED_EDGE('',*,*,#13421,.T.);
#13423=CARTESIAN_POINT('',(41.640427738,-21.79621017,1.5));
#13424=DIRECTION('',(-0.,-0.,1.));
#13425=VECTOR('',#13424,11.);
#13426=LINE('',#13423,#13425);
#13427=EDGE_CURVE('',#13415,#13396,#13426,.T.);
#13428=ORIENTED_EDGE('',*,*,#13427,.T.);
#13429=EDGE_LOOP('',(#13405,#13413,#13422,#13428));
#13430=FACE_BOUND('',#13429,.T.);
#13431=ADVANCED_FACE('',(#13430),#13394,.T.);
#13432=CARTESIAN_POINT('',(41.427013882,-21.119952821,13.));
#13433=DIRECTION('',(-0.435102476,-0.900380939,0.));
#13434=DIRECTION('',(0.900380939,-0.435102476,0.));
#13435=AXIS2_PLACEMENT_3D('',#13432,#13433,#13434);
#13436=PLANE('',#13435);
#13437=CARTESIAN_POINT('',(41.414995703,-21.114145124,1.));
#13438=VERTEX_POINT('',#13437);
#13439=CARTESIAN_POINT('',(41.251804978,-21.035284405,1.));
#13440=VERTEX_POINT('',#13439);
#13441=CARTESIAN_POINT('',(41.414995703,-21.114145124,1.));
#13442=DIRECTION('',(-0.900380939,0.435102476,0.));
#13443=VECTOR('',#13442,0.181246312);
#13444=LINE('',#13441,#13443);
#13445=EDGE_CURVE('',#13438,#13440,#13444,.T.);
#13446=ORIENTED_EDGE('',*,*,#13445,.T.);
#13447=CARTESIAN_POINT('',(41.251804978,-21.035284405,13.));
#13448=VERTEX_POINT('',#13447);
#13449=CARTESIAN_POINT('',(41.251804978,-21.035284405,1.));
#13450=DIRECTION('',(0.,0.,1.));
#13451=VECTOR('',#13450,12.);
#13452=LINE('',#13449,#13451);
#13453=EDGE_CURVE('',#13440,#13448,#13452,.T.);
#13454=ORIENTED_EDGE('',*,*,#13453,.T.);
#13455=CARTESIAN_POINT('',(41.414995703,-21.114145124,13.));
#13456=VERTEX_POINT('',#13455);
#13457=CARTESIAN_POINT('',(41.414995703,-21.114145124,13.));
#13458=DIRECTION('',(-0.900380939,0.435102476,0.));
#13459=VECTOR('',#13458,0.181246312);
#13460=LINE('',#13457,#13459);
#13461=EDGE_CURVE('',#13456,#13448,#13460,.T.);
#13462=ORIENTED_EDGE('',*,*,#13461,.F.);
#13463=CARTESIAN_POINT('',(41.414995703,-21.114145124,13.));
#13464=DIRECTION('',(0.,0.,-1.));
#13465=VECTOR('',#13464,12.);
#13466=LINE('',#13463,#13465);
#13467=EDGE_CURVE('',#13456,#13438,#13466,.T.);
#13468=ORIENTED_EDGE('',*,*,#13467,.T.);
#13469=EDGE_LOOP('',(#13446,#13454,#13462,#13468));
#13470=FACE_BOUND('',#13469,.T.);
#13471=ADVANCED_FACE('',(#13470),#13436,.F.);
#13472=CARTESIAN_POINT('',(0.,0.,13.));
#13473=DIRECTION('',(0.,0.,1.));
#13474=DIRECTION('',(-0.5,-0.866025404,0.));
#13475=AXIS2_PLACEMENT_3D('',#13472,#13473,#13474);
#13476=PLANE('',#13475);
#13477=CARTESIAN_POINT('',(41.246920197,-21.032868902,13.));
#13478=VERTEX_POINT('',#13477);
#13479=CARTESIAN_POINT('',(41.382335721,-20.765170123,13.));
#13480=DIRECTION('',(-0.,-0.,-1.));
#13481=DIRECTION('',(1.,0.,-0.));
#13482=AXIS2_PLACEMENT_3D('',#13479,#13480,#13481);
#13483=CIRCLE('',#13482,0.3);
#13484=EDGE_CURVE('',#13448,#13478,#13483,.T.);
#13485=ORIENTED_EDGE('',*,*,#13484,.T.);
#13486=CARTESIAN_POINT('',(38.838458882,-25.204446268,13.));
#13487=VERTEX_POINT('',#13486);
#13488=CARTESIAN_POINT('',(0.,0.,13.));
#13489=DIRECTION('',(-0.,-0.,-1.));
#13490=DIRECTION('',(1.,0.,-0.));
#13491=AXIS2_PLACEMENT_3D('',#13488,#13489,#13490);
#13492=CIRCLE('',#13491,46.3);
#13493=EDGE_CURVE('',#13478,#13487,#13492,.T.);
#13494=ORIENTED_EDGE('',*,*,#13493,.T.);
#13495=CARTESIAN_POINT('',(38.674332701,-25.455568941,13.));
#13496=DIRECTION('',(-0.,-0.,-1.));
#13497=DIRECTION('',(1.,0.,-0.));
#13498=AXIS2_PLACEMENT_3D('',#13495,#13496,#13497);
#13499=CIRCLE('',#13498,0.3);
#13500=EDGE_CURVE('',#13487,#13358,#13499,.T.);
#13501=ORIENTED_EDGE('',*,*,#13500,.T.);
#13502=ORIENTED_EDGE('',*,*,#13363,.F.);
#13503=CARTESIAN_POINT('',(39.004020625,-25.316721254,13.));
#13504=VERTEX_POINT('',#13503);
#13505=CARTESIAN_POINT('',(39.273984672,-24.895865681,13.));
#13506=DIRECTION('',(0.,0.,1.));
#13507=DIRECTION('',(-0.5,-0.866025404,0.));
#13508=AXIS2_PLACEMENT_3D('',#13505,#13506,#13507);
#13509=CIRCLE('',#13508,0.5);
#13510=EDGE_CURVE('',#13356,#13504,#13509,.T.);
#13511=ORIENTED_EDGE('',*,*,#13510,.T.);
#13512=CARTESIAN_POINT('',(41.426934059,-21.120112084,13.));
#13513=VERTEX_POINT('',#13512);
#13514=CARTESIAN_POINT('',(-0.,0.,13.));
#13515=DIRECTION('',(0.,0.,1.));
#13516=DIRECTION('',(-0.5,-0.866025404,0.));
#13517=AXIS2_PLACEMENT_3D('',#13514,#13515,#13516);
#13518=CIRCLE('',#13517,46.5);
#13519=EDGE_CURVE('',#13504,#13513,#13518,.T.);
#13520=ORIENTED_EDGE('',*,*,#13519,.T.);
#13521=CARTESIAN_POINT('',(41.197444465,-21.564335593,13.));
#13522=DIRECTION('',(0.,0.,1.));
#13523=DIRECTION('',(-0.5,-0.866025404,0.));
#13524=AXIS2_PLACEMENT_3D('',#13521,#13522,#13523);
#13525=CIRCLE('',#13524,0.5);
#13526=EDGE_CURVE('',#13513,#13456,#13525,.T.);
#13527=ORIENTED_EDGE('',*,*,#13526,.T.);
#13528=ORIENTED_EDGE('',*,*,#13461,.T.);
#13529=EDGE_LOOP('',(#13485,#13494,#13501,#13502,#13511,#13520,#13527,#13528));
#13530=FACE_BOUND('',#13529,.T.);
#13531=ADVANCED_FACE('',(#13530),#13476,.T.);
#13532=CARTESIAN_POINT('',(0.,0.,1.));
#13533=DIRECTION('',(0.,0.,1.));
#13534=DIRECTION('',(-0.5,-0.866025404,0.));
#13535=AXIS2_PLACEMENT_3D('',#13532,#13533,#13534);
#13536=PLANE('',#13535);
#13537=CARTESIAN_POINT('',(38.838458882,-25.204446268,1.));
#13538=VERTEX_POINT('',#13537);
#13539=CARTESIAN_POINT('',(38.674332701,-25.455568941,1.));
#13540=DIRECTION('',(0.,0.,1.));
#13541=DIRECTION('',(1.,0.,-0.));
#13542=AXIS2_PLACEMENT_3D('',#13539,#13540,#13541);
#13543=CIRCLE('',#13542,0.3);
#13544=EDGE_CURVE('',#13366,#13538,#13543,.T.);
#13545=ORIENTED_EDGE('',*,*,#13544,.T.);
#13546=CARTESIAN_POINT('',(41.246920197,-21.032868902,1.));
#13547=VERTEX_POINT('',#13546);
#13548=CARTESIAN_POINT('',(0.,0.,1.));
#13549=DIRECTION('',(0.,0.,1.));
#13550=DIRECTION('',(1.,0.,-0.));
#13551=AXIS2_PLACEMENT_3D('',#13548,#13549,#13550);
#13552=CIRCLE('',#13551,46.3);
#13553=EDGE_CURVE('',#13538,#13547,#13552,.T.);
#13554=ORIENTED_EDGE('',*,*,#13553,.T.);
#13555=CARTESIAN_POINT('',(41.382335721,-20.765170123,1.));
#13556=DIRECTION('',(0.,0.,1.));
#13557=DIRECTION('',(1.,0.,-0.));
#13558=AXIS2_PLACEMENT_3D('',#13555,#13556,#13557);
#13559=CIRCLE('',#13558,0.3);
#13560=EDGE_CURVE('',#13547,#13440,#13559,.T.);
#13561=ORIENTED_EDGE('',*,*,#13560,.T.);
#13562=ORIENTED_EDGE('',*,*,#13445,.F.);
#13563=CARTESIAN_POINT('',(41.426934059,-21.120112084,1.));
#13564=VERTEX_POINT('',#13563);
#13565=CARTESIAN_POINT('',(41.197444465,-21.564335593,1.));
#13566=DIRECTION('',(-0.,-0.,-1.));
#13567=DIRECTION('',(-0.5,-0.866025404,0.));
#13568=AXIS2_PLACEMENT_3D('',#13565,#13566,#13567);
#13569=CIRCLE('',#13568,0.5);
#13570=EDGE_CURVE('',#13438,#13564,#13569,.T.);
#13571=ORIENTED_EDGE('',*,*,#13570,.T.);
#13572=CARTESIAN_POINT('',(39.004020625,-25.316721254,1.));
#13573=VERTEX_POINT('',#13572);
#13574=CARTESIAN_POINT('',(-0.,0.,1.));
#13575=DIRECTION('',(-0.,-0.,-1.));
#13576=DIRECTION('',(-0.5,-0.866025404,0.));
#13577=AXIS2_PLACEMENT_3D('',#13574,#13575,#13576);
#13578=CIRCLE('',#13577,46.5);
#13579=EDGE_CURVE('',#13564,#13573,#13578,.T.);
#13580=ORIENTED_EDGE('',*,*,#13579,.T.);
#13581=CARTESIAN_POINT('',(39.273984672,-24.895865681,1.));
#13582=DIRECTION('',(-0.,-0.,-1.));
#13583=DIRECTION('',(-0.5,-0.866025404,0.));
#13584=AXIS2_PLACEMENT_3D('',#13581,#13582,#13583);
#13585=CIRCLE('',#13584,0.5);
#13586=EDGE_CURVE('',#13573,#13374,#13585,.T.);
#13587=ORIENTED_EDGE('',*,*,#13586,.T.);
#13588=ORIENTED_EDGE('',*,*,#13379,.T.);
#13589=EDGE_LOOP('',(#13545,#13554,#13561,#13562,#13571,#13580,#13587,#13588));
#13590=FACE_BOUND('',#13589,.T.);
#13591=ADVANCED_FACE('',(#13590),#13536,.F.);
#13592=CARTESIAN_POINT('',(41.197444465,-21.564335593,13.));
#13593=DIRECTION('',(0.,0.,-1.));
#13594=DIRECTION('',(0.5,0.866025404,0.));
#13595=AXIS2_PLACEMENT_3D('',#13592,#13593,#13594);
#13596=CYLINDRICAL_SURFACE('',#13595,0.5);
#13597=CARTESIAN_POINT('',(41.447437831,-21.131334354,1.000559165));
#13598=VERTEX_POINT('',#13597);
#13599=CARTESIAN_POINT('',(41.447437831,-21.131334354,12.999440835));
#13600=VERTEX_POINT('',#13599);
#13601=CARTESIAN_POINT('',(41.447444465,-21.131322892,1.000559165));
#13602=DIRECTION('',(-0.,-0.,1.));
#13603=VECTOR('',#13602,11.99888167);
#13604=LINE('',#13601,#13603);
#13605=EDGE_CURVE('',#13598,#13600,#13604,.T.);
#13606=ORIENTED_EDGE('',*,*,#13605,.T.);
#13607=CARTESIAN_POINT('',(41.640427738,-21.79621017,12.5));
#13608=CARTESIAN_POINT('',(41.666773717,-21.745877667,12.556506703));
#13609=CARTESIAN_POINT('',(41.684430476,-21.691877714,12.612239113));
#13610=CARTESIAN_POINT('',(41.692568382,-21.633994106,12.667054059));
#13611=CARTESIAN_POINT('',(41.700706288,-21.576110499,12.721869005));
#13612=CARTESIAN_POINT('',(41.699182237,-21.516324962,12.773952802));
#13613=CARTESIAN_POINT('',(41.68518136,-21.454277785,12.822374902));
#13614=CARTESIAN_POINT('',(41.671180483,-21.392230609,12.870797003));
#13615=CARTESIAN_POINT('',(41.64459019,-21.328949461,12.914603145));
#13616=CARTESIAN_POINT('',(41.601528372,-21.269859455,12.947220808));
#13617=CARTESIAN_POINT('',(41.558466553,-21.21076945,12.979838471));
#13618=CARTESIAN_POINT('',(41.498765084,-21.157220595,13.));
#13619=CARTESIAN_POINT('',(41.426934059,-21.120112084,13.));
#13620=B_SPLINE_CURVE_WITH_KNOTS('',3,(#13607,#13608,#13609,#13610,#13611,#13612,#13613,#13614,#13615,#13616,#13617,#13618,#13619),.UNSPECIFIED.,.F.,.F.,(4,3,3,3,4),(0.,0.000238356,0.000476713,0.000715069,0.000953425),.UNSPECIFIED.);
#13621=EDGE_CURVE('',#13396,#13600,#13620,.T.);
#13622=ORIENTED_EDGE('',*,*,#13621,.F.);
#13623=ORIENTED_EDGE('',*,*,#13427,.F.);
#13624=CARTESIAN_POINT('',(41.426934059,-21.120112084,1.));
#13625=CARTESIAN_POINT('',(41.498765084,-21.157220595,1.));
#13626=CARTESIAN_POINT('',(41.558466553,-21.21076945,1.020161529));
#13627=CARTESIAN_POINT('',(41.601528372,-21.269859455,1.052779192));
#13628=CARTESIAN_POINT('',(41.64459019,-21.328949461,1.085396855));
#13629=CARTESIAN_POINT('',(41.671180483,-21.392230609,1.129202997));
#13630=CARTESIAN_POINT('',(41.68518136,-21.454277785,1.177625098));
#13631=CARTESIAN_POINT('',(41.699182237,-21.516324962,1.226047198));
#13632=CARTESIAN_POINT('',(41.700706288,-21.576110499,1.278130995));
#13633=CARTESIAN_POINT('',(41.692568382,-21.633994106,1.332945941));
#13634=CARTESIAN_POINT('',(41.684430476,-21.691877714,1.387760887));
#13635=CARTESIAN_POINT('',(41.666773187,-21.745878679,1.443492149));
#13636=CARTESIAN_POINT('',(41.640427738,-21.79621017,1.5));
#13637=B_SPLINE_CURVE_WITH_KNOTS('',3,(#13624,#13625,#13626,#13627,#13628,#13629,#13630,#13631,#13632,#13633,#13634,#13635,#13636),.UNSPECIFIED.,.F.,.F.,(4,3,3,3,4),(0.,0.000238356,0.000476713,0.000715069,0.000953425),.UNSPECIFIED.);
#13638=EDGE_CURVE('',#13598,#13415,#13637,.T.);
#13639=ORIENTED_EDGE('',*,*,#13638,.F.);
#13640=EDGE_LOOP('',(#13606,#13622,#13623,#13639));
#13641=FACE_BOUND('',#13640,.T.);
#13642=ADVANCED_FACE('',(#13641),#13596,.T.);
#13643=CARTESIAN_POINT('',(-0.,0.,12.5));
#13644=DIRECTION('',(0.,0.,1.));
#13645=DIRECTION('',(-0.5,-0.866025404,0.));
#13646=AXIS2_PLACEMENT_3D('',#13643,#13644,#13645);
#13647=TOROIDAL_SURFACE('',#13646,46.5,0.5);
#13648=ORIENTED_EDGE('',*,*,#13621,.T.);
#13649=CARTESIAN_POINT('',(41.640427738,-21.79621017,12.5));
#13650=CARTESIAN_POINT('',(41.666773717,-21.745877667,12.556506703));
#13651=CARTESIAN_POINT('',(41.684430476,-21.691877714,12.612239113));
#13652=CARTESIAN_POINT('',(41.692568382,-21.633994106,12.667054059));
#13653=CARTESIAN_POINT('',(41.700706288,-21.576110499,12.721869005));
#13654=CARTESIAN_POINT('',(41.699182237,-21.516324962,12.773952802));
#13655=CARTESIAN_POINT('',(41.68518136,-21.454277785,12.822374902));
#13656=CARTESIAN_POINT('',(41.671180483,-21.392230609,12.870797003));
#13657=CARTESIAN_POINT('',(41.64459019,-21.328949461,12.914603145));
#13658=CARTESIAN_POINT('',(41.601528372,-21.269859455,12.947220808));
#13659=CARTESIAN_POINT('',(41.558466553,-21.21076945,12.979838471));
#13660=CARTESIAN_POINT('',(41.498765084,-21.157220595,13.));
#13661=CARTESIAN_POINT('',(41.426934059,-21.120112084,13.));
#13662=B_SPLINE_CURVE_WITH_KNOTS('',3,(#13649,#13650,#13651,#13652,#13653,#13654,#13655,#13656,#13657,#13658,#13659,#13660,#13661),.UNSPECIFIED.,.F.,.F.,(4,3,3,3,4),(0.,0.000238356,0.000476713,0.000715069,0.000953425),.UNSPECIFIED.);
#13663=EDGE_CURVE('',#13600,#13513,#13662,.T.);
#13664=ORIENTED_EDGE('',*,*,#13663,.T.);
#13665=ORIENTED_EDGE('',*,*,#13519,.F.);
#13666=CARTESIAN_POINT('',(39.696285582,-25.163563161,12.5));
#13667=CARTESIAN_POINT('',(39.665869957,-25.211544734,12.556507851));
#13668=CARTESIAN_POINT('',(39.627932394,-25.253836878,12.612239113));
#13669=CARTESIAN_POINT('',(39.581872673,-25.289826315,12.667054059));
#13670=CARTESIAN_POINT('',(39.535812951,-25.325815752,12.721869005));
#13671=CARTESIAN_POINT('',(39.483275131,-25.354388653,12.773952802));
#13672=CARTESIAN_POINT('',(39.422540262,-25.373287126,12.822374902));
#13673=CARTESIAN_POINT('',(39.361805392,-25.392185599,12.870797003));
#13674=CARTESIAN_POINT('',(39.293707164,-25.400798304,12.914603145));
#13675=CARTESIAN_POINT('',(39.221002809,-25.393050679,12.947220808));
#13676=CARTESIAN_POINT('',(39.148298454,-25.385303053,12.979838471));
#13677=CARTESIAN_POINT('',(39.072073051,-25.360374491,13.));
#13678=CARTESIAN_POINT('',(39.004020625,-25.316721254,13.));
#13679=B_SPLINE_CURVE_WITH_KNOTS('',3,(#13666,#13667,#13668,#13669,#13670,#13671,#13672,#13673,#13674,#13675,#13676,#13677,#13678),.UNSPECIFIED.,.F.,.F.,(4,3,3,3,4),(0.,0.000238356,0.000476713,0.000715069,0.000953425),.UNSPECIFIED.);
#13680=EDGE_CURVE('',#13398,#13504,#13679,.T.);
#13681=ORIENTED_EDGE('',*,*,#13680,.F.);
#13682=ORIENTED_EDGE('',*,*,#13404,.F.);
#13683=EDGE_LOOP('',(#13648,#13664,#13665,#13681,#13682));
#13684=FACE_BOUND('',#13683,.T.);
#13685=ADVANCED_FACE('',(#13684),#13647,.T.);
#13686=CARTESIAN_POINT('',(-0.,0.,1.5));
#13687=DIRECTION('',(0.,0.,1.));
#13688=DIRECTION('',(-0.5,-0.866025404,0.));
#13689=AXIS2_PLACEMENT_3D('',#13686,#13687,#13688);
#13690=TOROIDAL_SURFACE('',#13689,46.5,0.5);
#13691=CARTESIAN_POINT('',(41.426934059,-21.120112084,1.));
#13692=CARTESIAN_POINT('',(41.498765084,-21.157220595,1.));
#13693=CARTESIAN_POINT('',(41.558466553,-21.21076945,1.020161529));
#13694=CARTESIAN_POINT('',(41.601528372,-21.269859455,1.052779192));
#13695=CARTESIAN_POINT('',(41.64459019,-21.328949461,1.085396855));
#13696=CARTESIAN_POINT('',(41.671180483,-21.392230609,1.129202997));
#13697=CARTESIAN_POINT('',(41.68518136,-21.454277785,1.177625098));
#13698=CARTESIAN_POINT('',(41.699182237,-21.516324962,1.226047198));
#13699=CARTESIAN_POINT('',(41.700706288,-21.576110499,1.278130995));
#13700=CARTESIAN_POINT('',(41.692568382,-21.633994106,1.332945941));
#13701=CARTESIAN_POINT('',(41.684430476,-21.691877714,1.387760887));
#13702=CARTESIAN_POINT('',(41.666773187,-21.745878679,1.443492149));
#13703=CARTESIAN_POINT('',(41.640427738,-21.79621017,1.5));
#13704=B_SPLINE_CURVE_WITH_KNOTS('',3,(#13691,#13692,#13693,#13694,#13695,#13696,#13697,#13698,#13699,#13700,#13701,#13702,#13703),.UNSPECIFIED.,.F.,.F.,(4,3,3,3,4),(0.,0.000238356,0.000476713,0.000715069,0.000953425),.UNSPECIFIED.);
#13705=EDGE_CURVE('',#13564,#13598,#13704,.T.);
#13706=ORIENTED_EDGE('',*,*,#13705,.T.);
#13707=ORIENTED_EDGE('',*,*,#13638,.T.);
#13708=ORIENTED_EDGE('',*,*,#13421,.F.);
#13709=CARTESIAN_POINT('',(39.004020625,-25.316721254,1.));
#13710=CARTESIAN_POINT('',(39.072073051,-25.360374491,1.));
#13711=CARTESIAN_POINT('',(39.148298454,-25.385303053,1.020161529));
#13712=CARTESIAN_POINT('',(39.221002809,-25.393050679,1.052779192));
#13713=CARTESIAN_POINT('',(39.293707164,-25.400798304,1.085396855));
#13714=CARTESIAN_POINT('',(39.361805392,-25.392185599,1.129202997));
#13715=CARTESIAN_POINT('',(39.422540262,-25.373287126,1.177625098));
#13716=CARTESIAN_POINT('',(39.483275131,-25.354388653,1.226047198));
#13717=CARTESIAN_POINT('',(39.535812951,-25.325815752,1.278130995));
#13718=CARTESIAN_POINT('',(39.581872673,-25.289826315,1.332945941));
#13719=CARTESIAN_POINT('',(39.627932394,-25.253836878,1.387760887));
#13720=CARTESIAN_POINT('',(39.665869346,-25.211545699,1.443493297));
#13721=CARTESIAN_POINT('',(39.696285582,-25.163563161,1.5));
#13722=B_SPLINE_CURVE_WITH_KNOTS('',3,(#13709,#13710,#13711,#13712,#13713,#13714,#13715,#13716,#13717,#13718,#13719,#13720,#13721),.UNSPECIFIED.,.F.,.F.,(4,3,3,3,4),(0.,0.000238356,0.000476713,0.000715069,0.000953425),.UNSPECIFIED.);
#13723=EDGE_CURVE('',#13573,#13407,#13722,.T.);
#13724=ORIENTED_EDGE('',*,*,#13723,.F.);
#13725=ORIENTED_EDGE('',*,*,#13579,.F.);
#13726=EDGE_LOOP('',(#13706,#13707,#13708,#13724,#13725));
#13727=FACE_BOUND('',#13726,.T.);
#13728=ADVANCED_FACE('',(#13727),#13690,.T.);
#13729=CARTESIAN_POINT('',(39.273984672,-24.895865681,13.));
#13730=DIRECTION('',(0.,0.,-1.));
#13731=DIRECTION('',(0.5,0.866025404,0.));
#13732=AXIS2_PLACEMENT_3D('',#13729,#13730,#13731);
#13733=CYLINDRICAL_SURFACE('',#13732,0.5);
#13734=ORIENTED_EDGE('',*,*,#13510,.F.);
#13735=ORIENTED_EDGE('',*,*,#13385,.F.);
#13736=ORIENTED_EDGE('',*,*,#13586,.F.);
#13737=ORIENTED_EDGE('',*,*,#13723,.T.);
#13738=ORIENTED_EDGE('',*,*,#13412,.F.);
#13739=ORIENTED_EDGE('',*,*,#13680,.T.);
#13740=EDGE_LOOP('',(#13734,#13735,#13736,#13737,#13738,#13739));
#13741=FACE_BOUND('',#13740,.T.);
#13742=ADVANCED_FACE('',(#13741),#13733,.T.);
#13743=CARTESIAN_POINT('',(44.227384299,-14.359260582,13.));
#13744=DIRECTION('',(-0.329001556,-0.944329379,0.));
#13745=DIRECTION('',(0.944329379,-0.329001556,0.));
#13746=AXIS2_PLACEMENT_3D('',#13743,#13744,#13745);
#13747=PLANE('',#13746);
#13748=CARTESIAN_POINT('',(44.2147795,-14.354869108,13.));
#13749=VERTEX_POINT('',#13748);
#13750=CARTESIAN_POINT('',(44.043623283,-14.295238789,13.));
#13751=VERTEX_POINT('',#13750);
#13752=CARTESIAN_POINT('',(44.2147795,-14.354869108,13.));
#13753=DIRECTION('',(-0.944329379,0.329001556,0.));
#13754=VECTOR('',#13753,0.181246312);
#13755=LINE('',#13752,#13754);
#13756=EDGE_CURVE('',#13749,#13751,#13755,.T.);
#13757=ORIENTED_EDGE('',*,*,#13756,.T.);
#13758=CARTESIAN_POINT('',(44.043623283,-14.295238789,1.));
#13759=VERTEX_POINT('',#13758);
#13760=CARTESIAN_POINT('',(44.043623283,-14.295238789,13.));
#13761=DIRECTION('',(0.,0.,-1.));
#13762=VECTOR('',#13761,12.);
#13763=LINE('',#13760,#13762);
#13764=EDGE_CURVE('',#13751,#13759,#13763,.T.);
#13765=ORIENTED_EDGE('',*,*,#13764,.T.);
#13766=CARTESIAN_POINT('',(44.2147795,-14.354869108,1.));
#13767=VERTEX_POINT('',#13766);
#13768=CARTESIAN_POINT('',(44.2147795,-14.354869108,1.));
#13769=DIRECTION('',(-0.944329379,0.329001556,0.));
#13770=VECTOR('',#13769,0.181246312);
#13771=LINE('',#13768,#13770);
#13772=EDGE_CURVE('',#13767,#13759,#13771,.T.);
#13773=ORIENTED_EDGE('',*,*,#13772,.F.);
#13774=CARTESIAN_POINT('',(44.2147795,-14.354869108,1.));
#13775=DIRECTION('',(0.,0.,1.));
#13776=VECTOR('',#13775,12.);
#13777=LINE('',#13774,#13776);
#13778=EDGE_CURVE('',#13767,#13749,#13777,.T.);
#13779=ORIENTED_EDGE('',*,*,#13778,.T.);
#13780=EDGE_LOOP('',(#13757,#13765,#13773,#13779));
#13781=FACE_BOUND('',#13780,.T.);
#13782=ADVANCED_FACE('',(#13781),#13747,.T.);
#13783=CARTESIAN_POINT('',(-0.,0.,13.));
#13784=DIRECTION('',(0.,0.,-1.));
#13785=DIRECTION('',(0.258819045,0.965925826,0.));
#13786=AXIS2_PLACEMENT_3D('',#13783,#13784,#13785);
#13787=CYLINDRICAL_SURFACE('',#13786,47.);
#13788=CARTESIAN_POINT('',(45.862838873,-10.276186573,12.5));
#13789=VERTEX_POINT('',#13788);
#13790=CARTESIAN_POINT('',(44.856476841,-14.03198081,12.5));
#13791=VERTEX_POINT('',#13790);
#13792=CARTESIAN_POINT('',(-0.,0.,12.5));
#13793=DIRECTION('',(-0.,-0.,-1.));
#13794=DIRECTION('',(-0.258819045,-0.965925826,0.));
#13795=AXIS2_PLACEMENT_3D('',#13792,#13793,#13794);
#13796=CIRCLE('',#13795,47.);
#13797=EDGE_CURVE('',#13789,#13791,#13796,.T.);
#13798=ORIENTED_EDGE('',*,*,#13797,.T.);
#13799=CARTESIAN_POINT('',(44.856476841,-14.03198081,1.5));
#13800=VERTEX_POINT('',#13799);
#13801=CARTESIAN_POINT('',(44.856476841,-14.03198081,12.5));
#13802=DIRECTION('',(0.,0.,-1.));
#13803=VECTOR('',#13802,11.);
#13804=LINE('',#13801,#13803);
#13805=EDGE_CURVE('',#13791,#13800,#13804,.T.);
#13806=ORIENTED_EDGE('',*,*,#13805,.T.);
#13807=CARTESIAN_POINT('',(45.862838873,-10.276186573,1.5));
#13808=VERTEX_POINT('',#13807);
#13809=CARTESIAN_POINT('',(-0.,0.,1.5));
#13810=DIRECTION('',(0.,0.,1.));
#13811=DIRECTION('',(-0.258819045,-0.965925826,0.));
#13812=AXIS2_PLACEMENT_3D('',#13809,#13810,#13811);
#13813=CIRCLE('',#13812,47.);
#13814=EDGE_CURVE('',#13800,#13808,#13813,.T.);
#13815=ORIENTED_EDGE('',*,*,#13814,.T.);
#13816=CARTESIAN_POINT('',(45.862838873,-10.276186573,1.5));
#13817=DIRECTION('',(-0.,-0.,1.));
#13818=VECTOR('',#13817,11.);
#13819=LINE('',#13816,#13818);
#13820=EDGE_CURVE('',#13808,#13789,#13819,.T.);
#13821=ORIENTED_EDGE('',*,*,#13820,.T.);
#13822=EDGE_LOOP('',(#13798,#13806,#13815,#13821));
#13823=FACE_BOUND('',#13822,.T.);
#13824=ADVANCED_FACE('',(#13823),#13787,.T.);
#13825=CARTESIAN_POINT('',(45.481668637,-9.678207705,13.));
#13826=DIRECTION('',(-0.187240984,-0.98231401,0.));
#13827=DIRECTION('',(0.98231401,-0.187240984,0.));
#13828=AXIS2_PLACEMENT_3D('',#13825,#13826,#13827);
#13829=PLANE('',#13828);
#13830=CARTESIAN_POINT('',(45.468556824,-9.675708435,1.));
#13831=VERTEX_POINT('',#13830);
#13832=CARTESIAN_POINT('',(45.290516033,-9.641771697,1.));
#13833=VERTEX_POINT('',#13832);
#13834=CARTESIAN_POINT('',(45.468556824,-9.675708435,1.));
#13835=DIRECTION('',(-0.98231401,0.187240984,0.));
#13836=VECTOR('',#13835,0.181246312);
#13837=LINE('',#13834,#13836);
#13838=EDGE_CURVE('',#13831,#13833,#13837,.T.);
#13839=ORIENTED_EDGE('',*,*,#13838,.T.);
#13840=CARTESIAN_POINT('',(45.290516033,-9.641771697,13.));
#13841=VERTEX_POINT('',#13840);
#13842=CARTESIAN_POINT('',(45.290516033,-9.641771697,1.));
#13843=DIRECTION('',(0.,0.,1.));
#13844=VECTOR('',#13843,12.);
#13845=LINE('',#13842,#13844);
#13846=EDGE_CURVE('',#13833,#13841,#13845,.T.);
#13847=ORIENTED_EDGE('',*,*,#13846,.T.);
#13848=CARTESIAN_POINT('',(45.468556824,-9.675708435,13.));
#13849=VERTEX_POINT('',#13848);
#13850=CARTESIAN_POINT('',(45.468556824,-9.675708435,13.));
#13851=DIRECTION('',(-0.98231401,0.187240984,0.));
#13852=VECTOR('',#13851,0.181246312);
#13853=LINE('',#13850,#13852);
#13854=EDGE_CURVE('',#13849,#13841,#13853,.T.);
#13855=ORIENTED_EDGE('',*,*,#13854,.F.);
#13856=CARTESIAN_POINT('',(45.468556824,-9.675708435,13.));
#13857=DIRECTION('',(0.,0.,-1.));
#13858=VECTOR('',#13857,12.);
#13859=LINE('',#13856,#13858);
#13860=EDGE_CURVE('',#13849,#13831,#13859,.T.);
#13861=ORIENTED_EDGE('',*,*,#13860,.T.);
#13862=EDGE_LOOP('',(#13839,#13847,#13855,#13861));
#13863=FACE_BOUND('',#13862,.T.);
#13864=ADVANCED_FACE('',(#13863),#13829,.F.);
#13865=CARTESIAN_POINT('',(0.,0.,13.));
#13866=DIRECTION('',(0.,0.,1.));
#13867=DIRECTION('',(-0.258819045,-0.965925826,0.));
#13868=AXIS2_PLACEMENT_3D('',#13865,#13866,#13867);
#13869=PLANE('',#13868);
#13870=CARTESIAN_POINT('',(45.285172518,-9.640702774,13.));
#13871=VERTEX_POINT('',#13870);
#13872=CARTESIAN_POINT('',(45.346688328,-9.347077494,13.));
#13873=DIRECTION('',(-0.,-0.,-1.));
#13874=DIRECTION('',(1.,0.,-0.));
#13875=AXIS2_PLACEMENT_3D('',#13872,#13873,#13874);
#13876=CIRCLE('',#13875,0.3);
#13877=EDGE_CURVE('',#13841,#13871,#13876,.T.);
#13878=ORIENTED_EDGE('',*,*,#13877,.T.);
#13879=CARTESIAN_POINT('',(44.038461203,-14.293492747,13.));
#13880=VERTEX_POINT('',#13879);
#13881=CARTESIAN_POINT('',(0.,0.,13.));
#13882=DIRECTION('',(-0.,-0.,-1.));
#13883=DIRECTION('',(1.,0.,-0.));
#13884=AXIS2_PLACEMENT_3D('',#13881,#13882,#13883);
#13885=CIRCLE('',#13884,46.3);
#13886=EDGE_CURVE('',#13871,#13880,#13885,.T.);
#13887=ORIENTED_EDGE('',*,*,#13886,.T.);
#13888=CARTESIAN_POINT('',(43.944922817,-14.578537603,13.));
#13889=DIRECTION('',(-0.,-0.,-1.));
#13890=DIRECTION('',(1.,0.,-0.));
#13891=AXIS2_PLACEMENT_3D('',#13888,#13889,#13890);
#13892=CIRCLE('',#13891,0.3);
#13893=EDGE_CURVE('',#13880,#13751,#13892,.T.);
#13894=ORIENTED_EDGE('',*,*,#13893,.T.);
#13895=ORIENTED_EDGE('',*,*,#13756,.F.);
#13896=CARTESIAN_POINT('',(44.227440471,-14.359091523,13.));
#13897=VERTEX_POINT('',#13896);
#13898=CARTESIAN_POINT('',(44.379280278,-13.882704419,13.));
#13899=DIRECTION('',(0.,0.,1.));
#13900=DIRECTION('',(-0.258819045,-0.965925826,0.));
#13901=AXIS2_PLACEMENT_3D('',#13898,#13899,#13900);
#13902=CIRCLE('',#13901,0.5);
#13903=EDGE_CURVE('',#13749,#13897,#13902,.T.);
#13904=ORIENTED_EDGE('',*,*,#13903,.T.);
#13905=CARTESIAN_POINT('',(45.481632754,-9.678382202,13.));
#13906=VERTEX_POINT('',#13905);
#13907=CARTESIAN_POINT('',(-0.,0.,13.));
#13908=DIRECTION('',(0.,0.,1.));
#13909=DIRECTION('',(-0.258819045,-0.965925826,0.));
#13910=AXIS2_PLACEMENT_3D('',#13907,#13908,#13909);
#13911=CIRCLE('',#13910,46.5);
#13912=EDGE_CURVE('',#13897,#13906,#13911,.T.);
#13913=ORIENTED_EDGE('',*,*,#13912,.T.);
#13914=CARTESIAN_POINT('',(45.374936332,-10.16686544,13.));
#13915=DIRECTION('',(0.,0.,1.));
#13916=DIRECTION('',(-0.258819045,-0.965925826,0.));
#13917=AXIS2_PLACEMENT_3D('',#13914,#13915,#13916);
#13918=CIRCLE('',#13917,0.5);
#13919=EDGE_CURVE('',#13906,#13849,#13918,.T.);
#13920=ORIENTED_EDGE('',*,*,#13919,.T.);
#13921=ORIENTED_EDGE('',*,*,#13854,.T.);
#13922=EDGE_LOOP('',(#13878,#13887,#13894,#13895,#13904,#13913,#13920,#13921));
#13923=FACE_BOUND('',#13922,.T.);
#13924=ADVANCED_FACE('',(#13923),#13869,.T.);
#13925=CARTESIAN_POINT('',(0.,0.,1.));
#13926=DIRECTION('',(0.,0.,1.));
#13927=DIRECTION('',(-0.258819045,-0.965925826,0.));
#13928=AXIS2_PLACEMENT_3D('',#13925,#13926,#13927);
#13929=PLANE('',#13928);
#13930=CARTESIAN_POINT('',(44.038461203,-14.293492747,1.));
#13931=VERTEX_POINT('',#13930);
#13932=CARTESIAN_POINT('',(43.944922817,-14.578537603,1.));
#13933=DIRECTION('',(0.,0.,1.));
#13934=DIRECTION('',(1.,0.,-0.));
#13935=AXIS2_PLACEMENT_3D('',#13932,#13933,#13934);
#13936=CIRCLE('',#13935,0.3);
#13937=EDGE_CURVE('',#13759,#13931,#13936,.T.);
#13938=ORIENTED_EDGE('',*,*,#13937,.T.);
#13939=CARTESIAN_POINT('',(45.285172518,-9.640702774,1.));
#13940=VERTEX_POINT('',#13939);
#13941=CARTESIAN_POINT('',(0.,0.,1.));
#13942=DIRECTION('',(0.,0.,1.));
#13943=DIRECTION('',(1.,0.,-0.));
#13944=AXIS2_PLACEMENT_3D('',#13941,#13942,#13943);
#13945=CIRCLE('',#13944,46.3);
#13946=EDGE_CURVE('',#13931,#13940,#13945,.T.);
#13947=ORIENTED_EDGE('',*,*,#13946,.T.);
#13948=CARTESIAN_POINT('',(45.346688328,-9.347077494,1.));
#13949=DIRECTION('',(0.,0.,1.));
#13950=DIRECTION('',(1.,0.,-0.));
#13951=AXIS2_PLACEMENT_3D('',#13948,#13949,#13950);
#13952=CIRCLE('',#13951,0.3);
#13953=EDGE_CURVE('',#13940,#13833,#13952,.T.);
#13954=ORIENTED_EDGE('',*,*,#13953,.T.);
#13955=ORIENTED_EDGE('',*,*,#13838,.F.);
#13956=CARTESIAN_POINT('',(45.481632754,-9.678382202,1.));
#13957=VERTEX_POINT('',#13956);
#13958=CARTESIAN_POINT('',(45.374936332,-10.16686544,1.));
#13959=DIRECTION('',(-0.,-0.,-1.));
#13960=DIRECTION('',(-0.258819045,-0.965925826,0.));
#13961=AXIS2_PLACEMENT_3D('',#13958,#13959,#13960);
#13962=CIRCLE('',#13961,0.5);
#13963=EDGE_CURVE('',#13831,#13957,#13962,.T.);
#13964=ORIENTED_EDGE('',*,*,#13963,.T.);
#13965=CARTESIAN_POINT('',(44.227440471,-14.359091523,1.));
#13966=VERTEX_POINT('',#13965);
#13967=CARTESIAN_POINT('',(-0.,0.,1.));
#13968=DIRECTION('',(-0.,-0.,-1.));
#13969=DIRECTION('',(-0.258819045,-0.965925826,0.));
#13970=AXIS2_PLACEMENT_3D('',#13967,#13968,#13969);
#13971=CIRCLE('',#13970,46.5);
#13972=EDGE_CURVE('',#13957,#13966,#13971,.T.);
#13973=ORIENTED_EDGE('',*,*,#13972,.T.);
#13974=CARTESIAN_POINT('',(44.379280278,-13.882704419,1.));
#13975=DIRECTION('',(-0.,-0.,-1.));
#13976=DIRECTION('',(-0.258819045,-0.965925826,0.));
#13977=AXIS2_PLACEMENT_3D('',#13974,#13975,#13976);
#13978=CIRCLE('',#13977,0.5);
#13979=EDGE_CURVE('',#13966,#13767,#13978,.T.);
#13980=ORIENTED_EDGE('',*,*,#13979,.T.);
#13981=ORIENTED_EDGE('',*,*,#13772,.T.);
#13982=EDGE_LOOP('',(#13938,#13947,#13954,#13955,#13964,#13973,#13980,#13981));
#13983=FACE_BOUND('',#13982,.T.);
#13984=ADVANCED_FACE('',(#13983),#13929,.F.);
#13985=CARTESIAN_POINT('',(45.374936332,-10.16686544,13.));
#13986=DIRECTION('',(0.,0.,-1.));
#13987=DIRECTION('',(0.258819045,0.965925826,0.));
#13988=AXIS2_PLACEMENT_3D('',#13985,#13986,#13987);
#13989=CYLINDRICAL_SURFACE('',#13988,0.5);
#13990=CARTESIAN_POINT('',(45.504342414,-9.683915315,1.000559165));
#13991=VERTEX_POINT('',#13990);
#13992=CARTESIAN_POINT('',(45.504342414,-9.683915315,12.999440835));
#13993=VERTEX_POINT('',#13992);
#13994=CARTESIAN_POINT('',(45.504345855,-9.683902526,1.000559165));
#13995=DIRECTION('',(-0.,-0.,1.));
#13996=VECTOR('',#13995,11.99888167);
#13997=LINE('',#13994,#13996);
#13998=EDGE_CURVE('',#13991,#13993,#13997,.T.);
#13999=ORIENTED_EDGE('',*,*,#13998,.T.);
#14000=CARTESIAN_POINT('',(45.862838873,-10.276186573,12.5));
#14001=CARTESIAN_POINT('',(45.875260124,-10.220750268,12.556506703));
#14002=CARTESIAN_POINT('',(45.878339028,-10.164020413,12.612239113));
#14003=CARTESIAN_POINT('',(45.871218261,-10.106002896,12.667054059));
#14004=CARTESIAN_POINT('',(45.864097495,-10.04798538,12.721869005));
#14005=CARTESIAN_POINT('',(45.847151738,-9.990631439,12.773952802));
#14006=CARTESIAN_POINT('',(45.817568939,-9.934322163,12.822374902));
#14007=CARTESIAN_POINT('',(45.787986139,-9.878012887,12.870797003));
#14008=CARTESIAN_POINT('',(45.745923522,-9.823770065,12.914603145));
#14009=CARTESIAN_POINT('',(45.689035381,-9.777838721,12.947220808));
#14010=CARTESIAN_POINT('',(45.63214724,-9.731907378,12.979838471));
#14011=CARTESIAN_POINT('',(45.560620585,-9.695635033,13.));
#14012=CARTESIAN_POINT('',(45.481632754,-9.678382202,13.));
#14013=B_SPLINE_CURVE_WITH_KNOTS('',3,(#14000,#14001,#14002,#14003,#14004,#14005,#14006,#14007,#14008,#14009,#14010,#14011,#14012),.UNSPECIFIED.,.F.,.F.,(4,3,3,3,4),(0.,0.000238356,0.000476713,0.000715069,0.000953425),.UNSPECIFIED.);
#14014=EDGE_CURVE('',#13789,#13993,#14013,.T.);
#14015=ORIENTED_EDGE('',*,*,#14014,.F.);
#14016=ORIENTED_EDGE('',*,*,#13820,.F.);
#14017=CARTESIAN_POINT('',(45.481632754,-9.678382202,1.));
#14018=CARTESIAN_POINT('',(45.560620585,-9.695635033,1.));
#14019=CARTESIAN_POINT('',(45.63214724,-9.731907378,1.020161529));
#14020=CARTESIAN_POINT('',(45.689035381,-9.777838721,1.052779192));
#14021=CARTESIAN_POINT('',(45.745923522,-9.823770065,1.085396855));
#14022=CARTESIAN_POINT('',(45.787986139,-9.878012887,1.129202997));
#14023=CARTESIAN_POINT('',(45.817568939,-9.934322163,1.177625098));
#14024=CARTESIAN_POINT('',(45.847151738,-9.990631439,1.226047198));
#14025=CARTESIAN_POINT('',(45.864097495,-10.04798538,1.278130995));
#14026=CARTESIAN_POINT('',(45.871218261,-10.106002896,1.332945941));
#14027=CARTESIAN_POINT('',(45.878339028,-10.164020413,1.387760887));
#14028=CARTESIAN_POINT('',(45.875259874,-10.220751383,1.443492149));
#14029=CARTESIAN_POINT('',(45.862838873,-10.276186573,1.5));
#14030=B_SPLINE_CURVE_WITH_KNOTS('',3,(#14017,#14018,#14019,#14020,#14021,#14022,#14023,#14024,#14025,#14026,#14027,#14028,#14029),.UNSPECIFIED.,.F.,.F.,(4,3,3,3,4),(0.,0.000238356,0.000476713,0.000715069,0.000953425),.UNSPECIFIED.);
#14031=EDGE_CURVE('',#13991,#13808,#14030,.T.);
#14032=ORIENTED_EDGE('',*,*,#14031,.F.);
#14033=EDGE_LOOP('',(#13999,#14015,#14016,#14032));
#14034=FACE_BOUND('',#14033,.T.);
#14035=ADVANCED_FACE('',(#14034),#13989,.T.);
#14036=CARTESIAN_POINT('',(-0.,0.,12.5));
#14037=DIRECTION('',(0.,0.,1.));
#14038=DIRECTION('',(-0.258819045,-0.965925826,0.));
#14039=AXIS2_PLACEMENT_3D('',#14036,#14037,#14038);
#14040=TOROIDAL_SURFACE('',#14039,46.5,0.5);
#14041=ORIENTED_EDGE('',*,*,#14014,.T.);
#14042=CARTESIAN_POINT('',(45.862838873,-10.276186573,12.5));
#14043=CARTESIAN_POINT('',(45.875260124,-10.220750268,12.556506703));
#14044=CARTESIAN_POINT('',(45.878339028,-10.164020413,12.612239113));
#14045=CARTESIAN_POINT('',(45.871218261,-10.106002896,12.667054059));
#14046=CARTESIAN_POINT('',(45.864097495,-10.04798538,12.721869005));
#14047=CARTESIAN_POINT('',(45.847151738,-9.990631439,12.773952802));
#14048=CARTESIAN_POINT('',(45.817568939,-9.934322163,12.822374902));
#14049=CARTESIAN_POINT('',(45.787986139,-9.878012887,12.870797003));
#14050=CARTESIAN_POINT('',(45.745923522,-9.823770065,12.914603145));
#14051=CARTESIAN_POINT('',(45.689035381,-9.777838721,12.947220808));
#14052=CARTESIAN_POINT('',(45.63214724,-9.731907378,12.979838471));
#14053=CARTESIAN_POINT('',(45.560620585,-9.695635033,13.));
#14054=CARTESIAN_POINT('',(45.481632754,-9.678382202,13.));
#14055=B_SPLINE_CURVE_WITH_KNOTS('',3,(#14042,#14043,#14044,#14045,#14046,#14047,#14048,#14049,#14050,#14051,#14052,#14053,#14054),.UNSPECIFIED.,.F.,.F.,(4,3,3,3,4),(0.,0.000238356,0.000476713,0.000715069,0.000953425),.UNSPECIFIED.);
#14056=EDGE_CURVE('',#13993,#13906,#14055,.T.);
#14057=ORIENTED_EDGE('',*,*,#14056,.T.);
#14058=ORIENTED_EDGE('',*,*,#13912,.F.);
#14059=CARTESIAN_POINT('',(44.856476841,-14.03198081,12.5));
#14060=CARTESIAN_POINT('',(44.839516148,-14.086199594,12.556507851));
#14061=CARTESIAN_POINT('',(44.813817288,-14.136869632,12.612239113));
#14062=CARTESIAN_POINT('',(44.778641765,-14.183553891,12.667054059));
#14063=CARTESIAN_POINT('',(44.743466242,-14.230238151,12.721869005));
#14064=CARTESIAN_POINT('',(44.700113816,-14.271435243,12.773952802));
#14065=CARTESIAN_POINT('',(44.646339722,-14.305409107,12.822374902));
#14066=CARTESIAN_POINT('',(44.592565628,-14.339382971,12.870797003));
#14067=CARTESIAN_POINT('',(44.529016923,-14.365327324,12.914603145));
#14068=CARTESIAN_POINT('',(44.456784675,-14.376660964,12.947220808));
#14069=CARTESIAN_POINT('',(44.384552428,-14.387994604,12.979838471));
#14070=CARTESIAN_POINT('',(44.304472355,-14.383644048,13.));
#14071=CARTESIAN_POINT('',(44.227440471,-14.359091523,13.));
#14072=B_SPLINE_CURVE_WITH_KNOTS('',3,(#14059,#14060,#14061,#14062,#14063,#14064,#14065,#14066,#14067,#14068,#14069,#14070,#14071),.UNSPECIFIED.,.F.,.F.,(4,3,3,3,4),(0.,0.000238356,0.000476713,0.000715069,0.000953425),.UNSPECIFIED.);
#14073=EDGE_CURVE('',#13791,#13897,#14072,.T.);
#14074=ORIENTED_EDGE('',*,*,#14073,.F.);
#14075=ORIENTED_EDGE('',*,*,#13797,.F.);
#14076=EDGE_LOOP('',(#14041,#14057,#14058,#14074,#14075));
#14077=FACE_BOUND('',#14076,.T.);
#14078=ADVANCED_FACE('',(#14077),#14040,.T.);
#14079=CARTESIAN_POINT('',(-0.,0.,1.5));
#14080=DIRECTION('',(0.,0.,1.));
#14081=DIRECTION('',(-0.258819045,-0.965925826,0.));
#14082=AXIS2_PLACEMENT_3D('',#14079,#14080,#14081);
#14083=TOROIDAL_SURFACE('',#14082,46.5,0.5);
#14084=CARTESIAN_POINT('',(45.481632754,-9.678382202,1.));
#14085=CARTESIAN_POINT('',(45.560620585,-9.695635033,1.));
#14086=CARTESIAN_POINT('',(45.63214724,-9.731907378,1.020161529));
#14087=CARTESIAN_POINT('',(45.689035381,-9.777838721,1.052779192));
#14088=CARTESIAN_POINT('',(45.745923522,-9.823770065,1.085396855));
#14089=CARTESIAN_POINT('',(45.787986139,-9.878012887,1.129202997));
#14090=CARTESIAN_POINT('',(45.817568939,-9.934322163,1.177625098));
#14091=CARTESIAN_POINT('',(45.847151738,-9.990631439,1.226047198));
#14092=CARTESIAN_POINT('',(45.864097495,-10.04798538,1.278130995));
#14093=CARTESIAN_POINT('',(45.871218261,-10.106002896,1.332945941));
#14094=CARTESIAN_POINT('',(45.878339028,-10.164020413,1.387760887));
#14095=CARTESIAN_POINT('',(45.875259874,-10.220751383,1.443492149));
#14096=CARTESIAN_POINT('',(45.862838873,-10.276186573,1.5));
#14097=B_SPLINE_CURVE_WITH_KNOTS('',3,(#14084,#14085,#14086,#14087,#14088,#14089,#14090,#14091,#14092,#14093,#14094,#14095,#14096),.UNSPECIFIED.,.F.,.F.,(4,3,3,3,4),(0.,0.000238356,0.000476713,0.000715069,0.000953425),.UNSPECIFIED.);
#14098=EDGE_CURVE('',#13957,#13991,#14097,.T.);
#14099=ORIENTED_EDGE('',*,*,#14098,.T.);
#14100=ORIENTED_EDGE('',*,*,#14031,.T.);
#14101=ORIENTED_EDGE('',*,*,#13814,.F.);
#14102=CARTESIAN_POINT('',(44.227440471,-14.359091523,1.));
#14103=CARTESIAN_POINT('',(44.304472355,-14.383644048,1.));
#14104=CARTESIAN_POINT('',(44.384552428,-14.387994604,1.020161529));
#14105=CARTESIAN_POINT('',(44.456784675,-14.376660964,1.052779192));
#14106=CARTESIAN_POINT('',(44.529016923,-14.365327324,1.085396855));
#14107=CARTESIAN_POINT('',(44.592565628,-14.339382971,1.129202997));
#14108=CARTESIAN_POINT('',(44.646339722,-14.305409107,1.177625098));
#14109=CARTESIAN_POINT('',(44.700113816,-14.271435243,1.226047198));
#14110=CARTESIAN_POINT('',(44.743466242,-14.230238151,1.278130995));
#14111=CARTESIAN_POINT('',(44.778641765,-14.183553891,1.332945941));
#14112=CARTESIAN_POINT('',(44.813817288,-14.136869632,1.387760887));
#14113=CARTESIAN_POINT('',(44.839515807,-14.086200684,1.443493297));
#14114=CARTESIAN_POINT('',(44.856476841,-14.03198081,1.5));
#14115=B_SPLINE_CURVE_WITH_KNOTS('',3,(#14102,#14103,#14104,#14105,#14106,#14107,#14108,#14109,#14110,#14111,#14112,#14113,#14114),.UNSPECIFIED.,.F.,.F.,(4,3,3,3,4),(0.,0.000238356,0.000476713,0.000715069,0.000953425),.UNSPECIFIED.);
#14116=EDGE_CURVE('',#13966,#13800,#14115,.T.);
#14117=ORIENTED_EDGE('',*,*,#14116,.F.);
#14118=ORIENTED_EDGE('',*,*,#13972,.F.);
#14119=EDGE_LOOP('',(#14099,#14100,#14101,#14117,#14118));
#14120=FACE_BOUND('',#14119,.T.);
#14121=ADVANCED_FACE('',(#14120),#14083,.T.);
#14122=CARTESIAN_POINT('',(44.379280278,-13.882704419,13.));
#14123=DIRECTION('',(0.,0.,-1.));
#14124=DIRECTION('',(0.258819045,0.965925826,0.));
#14125=AXIS2_PLACEMENT_3D('',#14122,#14123,#14124);
#14126=CYLINDRICAL_SURFACE('',#14125,0.5);
#14127=ORIENTED_EDGE('',*,*,#13903,.F.);
#14128=ORIENTED_EDGE('',*,*,#13778,.F.);
#14129=ORIENTED_EDGE('',*,*,#13979,.F.);
#14130=ORIENTED_EDGE('',*,*,#14116,.T.);
#14131=ORIENTED_EDGE('',*,*,#13805,.F.);
#14132=ORIENTED_EDGE('',*,*,#14073,.T.);
#14133=EDGE_LOOP('',(#14127,#14128,#14129,#14130,#14131,#14132));
#14134=FACE_BOUND('',#14133,.T.);
#14135=ADVANCED_FACE('',(#14134),#14126,.T.);
#14136=CARTESIAN_POINT('',(46.436822836,-2.423091271,13.));
#14137=DIRECTION('',(-0.073380672,-0.997304004,0.));
#14138=DIRECTION('',(0.997304004,-0.073380672,0.));
#14139=AXIS2_PLACEMENT_3D('',#14136,#14137,#14138);
#14140=PLANE('',#14139);
#14141=CARTESIAN_POINT('',(46.423510938,-2.422111795,13.));
#14142=VERTEX_POINT('',#14141);
#14143=CARTESIAN_POINT('',(46.242753266,-2.408811819,13.));
#14144=VERTEX_POINT('',#14143);
#14145=CARTESIAN_POINT('',(46.423510938,-2.422111795,13.));
#14146=DIRECTION('',(-0.997304004,0.073380672,0.));
#14147=VECTOR('',#14146,0.181246312);
#14148=LINE('',#14145,#14147);
#14149=EDGE_CURVE('',#14142,#14144,#14148,.T.);
#14150=ORIENTED_EDGE('',*,*,#14149,.T.);
#14151=CARTESIAN_POINT('',(46.242753266,-2.408811819,1.));
#14152=VERTEX_POINT('',#14151);
#14153=CARTESIAN_POINT('',(46.242753266,-2.408811819,13.));
#14154=DIRECTION('',(0.,0.,-1.));
#14155=VECTOR('',#14154,12.);
#14156=LINE('',#14153,#14155);
#14157=EDGE_CURVE('',#14144,#14152,#14156,.T.);
#14158=ORIENTED_EDGE('',*,*,#14157,.T.);
#14159=CARTESIAN_POINT('',(46.423510938,-2.422111795,1.));
#14160=VERTEX_POINT('',#14159);
#14161=CARTESIAN_POINT('',(46.423510938,-2.422111795,1.));
#14162=DIRECTION('',(-0.997304004,0.073380672,0.));
#14163=VECTOR('',#14162,0.181246312);
#14164=LINE('',#14161,#14163);
#14165=EDGE_CURVE('',#14160,#14152,#14164,.T.);
#14166=ORIENTED_EDGE('',*,*,#14165,.F.);
#14167=CARTESIAN_POINT('',(46.423510938,-2.422111795,1.));
#14168=DIRECTION('',(0.,0.,1.));
#14169=VECTOR('',#14168,12.);
#14170=LINE('',#14167,#14169);
#14171=EDGE_CURVE('',#14160,#14142,#14170,.T.);
#14172=ORIENTED_EDGE('',*,*,#14171,.T.);
#14173=EDGE_LOOP('',(#14150,#14158,#14166,#14172));
#14174=FACE_BOUND('',#14173,.T.);
#14175=ADVANCED_FACE('',(#14174),#14140,.T.);
#14176=CARTESIAN_POINT('',(-0.,0.,13.));
#14177=DIRECTION('',(0.,0.,-1.));
#14178=DIRECTION('',(0.,1.,0.));
#14179=AXIS2_PLACEMENT_3D('',#14176,#14177,#14178);
#14180=CYLINDRICAL_SURFACE('',#14179,47.);
#14181=CARTESIAN_POINT('',(46.959773331,1.944142156,12.5));
#14182=VERTEX_POINT('',#14181);
#14183=CARTESIAN_POINT('',(46.959773331,-1.944142156,12.5));
#14184=VERTEX_POINT('',#14183);
#14185=CARTESIAN_POINT('',(-0.,0.,12.5));
#14186=DIRECTION('',(-0.,-0.,-1.));
#14187=DIRECTION('',(-0.,-1.,0.));
#14188=AXIS2_PLACEMENT_3D('',#14185,#14186,#14187);
#14189=CIRCLE('',#14188,47.);
#14190=EDGE_CURVE('',#14182,#14184,#14189,.T.);
#14191=ORIENTED_EDGE('',*,*,#14190,.T.);
#14192=CARTESIAN_POINT('',(46.959773331,-1.944142156,1.5));
#14193=VERTEX_POINT('',#14192);
#14194=CARTESIAN_POINT('',(46.959773331,-1.944142156,12.5));
#14195=DIRECTION('',(0.,0.,-1.));
#14196=VECTOR('',#14195,11.);
#14197=LINE('',#14194,#14196);
#14198=EDGE_CURVE('',#14184,#14193,#14197,.T.);
#14199=ORIENTED_EDGE('',*,*,#14198,.T.);
#14200=CARTESIAN_POINT('',(46.959773331,1.944142156,1.5));
#14201=VERTEX_POINT('',#14200);
#14202=CARTESIAN_POINT('',(-0.,0.,1.5));
#14203=DIRECTION('',(0.,0.,1.));
#14204=DIRECTION('',(-0.,-1.,0.));
#14205=AXIS2_PLACEMENT_3D('',#14202,#14203,#14204);
#14206=CIRCLE('',#14205,47.);
#14207=EDGE_CURVE('',#14193,#14201,#14206,.T.);
#14208=ORIENTED_EDGE('',*,*,#14207,.T.);
#14209=CARTESIAN_POINT('',(46.959773331,1.944142156,1.5));
#14210=DIRECTION('',(-0.,-0.,1.));
#14211=VECTOR('',#14210,11.);
#14212=LINE('',#14209,#14211);
#14213=EDGE_CURVE('',#14201,#14182,#14212,.T.);
#14214=ORIENTED_EDGE('',*,*,#14213,.T.);
#14215=EDGE_LOOP('',(#14191,#14199,#14208,#14214));
#14216=FACE_BOUND('',#14215,.T.);
#14217=ADVANCED_FACE('',(#14216),#14180,.T.);
#14218=CARTESIAN_POINT('',(46.436822836,2.423091271,13.));
#14219=DIRECTION('',(0.073380672,-0.997304004,0.));
#14220=DIRECTION('',(0.997304004,0.073380672,0.));
#14221=AXIS2_PLACEMENT_3D('',#14218,#14219,#14220);
#14222=PLANE('',#14221);
#14223=CARTESIAN_POINT('',(46.423510938,2.422111795,1.));
#14224=VERTEX_POINT('',#14223);
#14225=CARTESIAN_POINT('',(46.242753266,2.408811819,1.));
#14226=VERTEX_POINT('',#14225);
#14227=CARTESIAN_POINT('',(46.423510938,2.422111795,1.));
#14228=DIRECTION('',(-0.997304004,-0.073380672,0.));
#14229=VECTOR('',#14228,0.181246312);
#14230=LINE('',#14227,#14229);
#14231=EDGE_CURVE('',#14224,#14226,#14230,.T.);
#14232=ORIENTED_EDGE('',*,*,#14231,.T.);
#14233=CARTESIAN_POINT('',(46.242753266,2.408811819,13.));
#14234=VERTEX_POINT('',#14233);
#14235=CARTESIAN_POINT('',(46.242753266,2.408811819,1.));
#14236=DIRECTION('',(0.,0.,1.));
#14237=VECTOR('',#14236,12.);
#14238=LINE('',#14235,#14237);
#14239=EDGE_CURVE('',#14226,#14234,#14238,.T.);
#14240=ORIENTED_EDGE('',*,*,#14239,.T.);
#14241=CARTESIAN_POINT('',(46.423510938,2.422111795,13.));
#14242=VERTEX_POINT('',#14241);
#14243=CARTESIAN_POINT('',(46.423510938,2.422111795,13.));
#14244=DIRECTION('',(-0.997304004,-0.073380672,0.));
#14245=VECTOR('',#14244,0.181246312);
#14246=LINE('',#14243,#14245);
#14247=EDGE_CURVE('',#14242,#14234,#14246,.T.);
#14248=ORIENTED_EDGE('',*,*,#14247,.F.);
#14249=CARTESIAN_POINT('',(46.423510938,2.422111795,13.));
#14250=DIRECTION('',(0.,0.,-1.));
#14251=VECTOR('',#14250,12.);
#14252=LINE('',#14249,#14251);
#14253=EDGE_CURVE('',#14242,#14224,#14252,.T.);
#14254=ORIENTED_EDGE('',*,*,#14253,.T.);
#14255=EDGE_LOOP('',(#14232,#14240,#14248,#14254));
#14256=FACE_BOUND('',#14255,.T.);
#14257=ADVANCED_FACE('',(#14256),#14222,.F.);
#14258=CARTESIAN_POINT('',(0.,0.,13.));
#14259=DIRECTION('',(0.,0.,1.));
#14260=DIRECTION('',(-0.,-1.,0.));
#14261=AXIS2_PLACEMENT_3D('',#14258,#14259,#14260);
#14262=PLANE('',#14261);
#14263=ORIENTED_EDGE('',*,*,#14247,.T.);
#14264=CARTESIAN_POINT('',(46.23731517,2.408461315,13.));
#14265=VERTEX_POINT('',#14264);
#14266=CARTESIAN_POINT('',(46.220739064,2.70800302,13.));
#14267=DIRECTION('',(-0.,-0.,-1.));
#14268=DIRECTION('',(1.,0.,-0.));
#14269=AXIS2_PLACEMENT_3D('',#14266,#14267,#14268);
#14270=CIRCLE('',#14269,0.3);
#14271=EDGE_CURVE('',#14234,#14265,#14270,.T.);
#14272=ORIENTED_EDGE('',*,*,#14271,.T.);
#14273=CARTESIAN_POINT('',(46.3,-0.,13.));
#14274=VERTEX_POINT('',#14273);
#14275=CARTESIAN_POINT('',(0.,0.,13.));
#14276=DIRECTION('',(-0.,-0.,-1.));
#14277=DIRECTION('',(1.,0.,-0.));
#14278=AXIS2_PLACEMENT_3D('',#14275,#14276,#14277);
#14279=CIRCLE('',#14278,46.3);
#14280=EDGE_CURVE('',#14265,#14274,#14279,.T.);
#14281=ORIENTED_EDGE('',*,*,#14280,.T.);
#14282=CARTESIAN_POINT('',(46.23731517,-2.408461315,13.));
#14283=VERTEX_POINT('',#14282);
#14284=CARTESIAN_POINT('',(0.,0.,13.));
#14285=DIRECTION('',(-0.,-0.,-1.));
#14286=DIRECTION('',(1.,0.,-0.));
#14287=AXIS2_PLACEMENT_3D('',#14284,#14285,#14286);
#14288=CIRCLE('',#14287,46.3);
#14289=EDGE_CURVE('',#14274,#14283,#14288,.T.);
#14290=ORIENTED_EDGE('',*,*,#14289,.T.);
#14291=CARTESIAN_POINT('',(46.220739064,-2.70800302,13.));
#14292=DIRECTION('',(-0.,-0.,-1.));
#14293=DIRECTION('',(1.,0.,-0.));
#14294=AXIS2_PLACEMENT_3D('',#14291,#14292,#14293);
#14295=CIRCLE('',#14294,0.3);
#14296=EDGE_CURVE('',#14283,#14144,#14295,.T.);
#14297=ORIENTED_EDGE('',*,*,#14296,.T.);
#14298=ORIENTED_EDGE('',*,*,#14149,.F.);
#14299=CARTESIAN_POINT('',(46.436833338,-2.422913434,13.));
#14300=VERTEX_POINT('',#14299);
#14301=CARTESIAN_POINT('',(46.460201274,-1.923459793,13.));
#14302=DIRECTION('',(0.,0.,1.));
#14303=DIRECTION('',(-0.,-1.,0.));
#14304=AXIS2_PLACEMENT_3D('',#14301,#14302,#14303);
#14305=CIRCLE('',#14304,0.5);
#14306=EDGE_CURVE('',#14142,#14300,#14305,.T.);
#14307=ORIENTED_EDGE('',*,*,#14306,.T.);
#14308=CARTESIAN_POINT('',(46.436833338,2.422913434,13.));
#14309=VERTEX_POINT('',#14308);
#14310=CARTESIAN_POINT('',(-0.,0.,13.));
#14311=DIRECTION('',(0.,0.,1.));
#14312=DIRECTION('',(-0.,-1.,0.));
#14313=AXIS2_PLACEMENT_3D('',#14310,#14311,#14312);
#14314=CIRCLE('',#14313,46.5);
#14315=EDGE_CURVE('',#14300,#14309,#14314,.T.);
#14316=ORIENTED_EDGE('',*,*,#14315,.T.);
#14317=CARTESIAN_POINT('',(46.460201274,1.923459793,13.));
#14318=DIRECTION('',(0.,0.,1.));
#14319=DIRECTION('',(-0.,-1.,0.));
#14320=AXIS2_PLACEMENT_3D('',#14317,#14318,#14319);
#14321=CIRCLE('',#14320,0.5);
#14322=EDGE_CURVE('',#14309,#14242,#14321,.T.);
#14323=ORIENTED_EDGE('',*,*,#14322,.T.);
#14324=EDGE_LOOP('',(#14263,#14272,#14281,#14290,#14297,#14298,#14307,#14316,#14323));
#14325=FACE_BOUND('',#14324,.T.);
#14326=ADVANCED_FACE('',(#14325),#14262,.T.);
#14327=CARTESIAN_POINT('',(0.,0.,1.));
#14328=DIRECTION('',(0.,0.,1.));
#14329=DIRECTION('',(-0.,-1.,0.));
#14330=AXIS2_PLACEMENT_3D('',#14327,#14328,#14329);
#14331=PLANE('',#14330);
#14332=CARTESIAN_POINT('',(46.23731517,-2.408461315,1.));
#14333=VERTEX_POINT('',#14332);
#14334=CARTESIAN_POINT('',(46.220739064,-2.70800302,1.));
#14335=DIRECTION('',(0.,0.,1.));
#14336=DIRECTION('',(1.,0.,-0.));
#14337=AXIS2_PLACEMENT_3D('',#14334,#14335,#14336);
#14338=CIRCLE('',#14337,0.3);
#14339=EDGE_CURVE('',#14152,#14333,#14338,.T.);
#14340=ORIENTED_EDGE('',*,*,#14339,.T.);
#14341=CARTESIAN_POINT('',(46.3,-0.,1.));
#14342=VERTEX_POINT('',#14341);
#14343=CARTESIAN_POINT('',(0.,0.,1.));
#14344=DIRECTION('',(0.,0.,1.));
#14345=DIRECTION('',(1.,0.,-0.));
#14346=AXIS2_PLACEMENT_3D('',#14343,#14344,#14345);
#14347=CIRCLE('',#14346,46.3);
#14348=EDGE_CURVE('',#14333,#14342,#14347,.T.);
#14349=ORIENTED_EDGE('',*,*,#14348,.T.);
#14350=CARTESIAN_POINT('',(46.23731517,2.408461315,1.));
#14351=VERTEX_POINT('',#14350);
#14352=CARTESIAN_POINT('',(0.,0.,1.));
#14353=DIRECTION('',(0.,0.,1.));
#14354=DIRECTION('',(1.,0.,-0.));
#14355=AXIS2_PLACEMENT_3D('',#14352,#14353,#14354);
#14356=CIRCLE('',#14355,46.3);
#14357=EDGE_CURVE('',#14342,#14351,#14356,.T.);
#14358=ORIENTED_EDGE('',*,*,#14357,.T.);
#14359=CARTESIAN_POINT('',(46.220739064,2.70800302,1.));
#14360=DIRECTION('',(0.,0.,1.));
#14361=DIRECTION('',(1.,0.,-0.));
#14362=AXIS2_PLACEMENT_3D('',#14359,#14360,#14361);
#14363=CIRCLE('',#14362,0.3);
#14364=EDGE_CURVE('',#14351,#14226,#14363,.T.);
#14365=ORIENTED_EDGE('',*,*,#14364,.T.);
#14366=ORIENTED_EDGE('',*,*,#14231,.F.);
#14367=CARTESIAN_POINT('',(46.436833338,2.422913434,1.));
#14368=VERTEX_POINT('',#14367);
#14369=CARTESIAN_POINT('',(46.460201274,1.923459793,1.));
#14370=DIRECTION('',(-0.,-0.,-1.));
#14371=DIRECTION('',(-0.,-1.,0.));
#14372=AXIS2_PLACEMENT_3D('',#14369,#14370,#14371);
#14373=CIRCLE('',#14372,0.5);
#14374=EDGE_CURVE('',#14224,#14368,#14373,.T.);
#14375=ORIENTED_EDGE('',*,*,#14374,.T.);
#14376=CARTESIAN_POINT('',(46.436833338,-2.422913434,1.));
#14377=VERTEX_POINT('',#14376);
#14378=CARTESIAN_POINT('',(-0.,0.,1.));
#14379=DIRECTION('',(-0.,-0.,-1.));
#14380=DIRECTION('',(-0.,-1.,0.));
#14381=AXIS2_PLACEMENT_3D('',#14378,#14379,#14380);
#14382=CIRCLE('',#14381,46.5);
#14383=EDGE_CURVE('',#14368,#14377,#14382,.T.);
#14384=ORIENTED_EDGE('',*,*,#14383,.T.);
#14385=CARTESIAN_POINT('',(46.460201274,-1.923459793,1.));
#14386=DIRECTION('',(-0.,-0.,-1.));
#14387=DIRECTION('',(-0.,-1.,0.));
#14388=AXIS2_PLACEMENT_3D('',#14385,#14386,#14387);
#14389=CIRCLE('',#14388,0.5);
#14390=EDGE_CURVE('',#14377,#14160,#14389,.T.);
#14391=ORIENTED_EDGE('',*,*,#14390,.T.);
#14392=ORIENTED_EDGE('',*,*,#14165,.T.);
#14393=EDGE_LOOP('',(#14340,#14349,#14358,#14365,#14366,#14375,#14384,#14391,#14392));
#14394=FACE_BOUND('',#14393,.T.);
#14395=ADVANCED_FACE('',(#14394),#14331,.F.);
#14396=CARTESIAN_POINT('',(46.460201274,1.923459793,13.));
#14397=DIRECTION('',(0.,0.,-1.));
#14398=DIRECTION('',(0.,1.,0.));
#14399=AXIS2_PLACEMENT_3D('',#14396,#14397,#14398);
#14400=CYLINDRICAL_SURFACE('',#14399,0.5);
#14401=CARTESIAN_POINT('',(46.46020126,2.423446549,1.000559165));
#14402=VERTEX_POINT('',#14401);
#14403=CARTESIAN_POINT('',(46.46020126,2.423446549,12.999440835));
#14404=VERTEX_POINT('',#14403);
#14405=CARTESIAN_POINT('',(46.460201274,2.423459793,1.000559165));
#14406=DIRECTION('',(-0.,-0.,1.));
#14407=VECTOR('',#14406,11.99888167);
#14408=LINE('',#14405,#14407);
#14409=EDGE_CURVE('',#14402,#14404,#14408,.T.);
#14410=ORIENTED_EDGE('',*,*,#14409,.T.);
#14411=CARTESIAN_POINT('',(46.959773331,1.944142156,12.5));
#14412=CARTESIAN_POINT('',(46.957423366,2.000904371,12.556506703));
#14413=CARTESIAN_POINT('',(46.945714592,2.056498082,12.612239113));
#14414=CARTESIAN_POINT('',(46.923820421,2.11069571,12.667054059));
#14415=CARTESIAN_POINT('',(46.901926251,2.164893337,12.721869005));
#14416=CARTESIAN_POINT('',(46.870713615,2.215907106,12.773952802));
#14417=CARTESIAN_POINT('',(46.827564912,2.262641098,12.822374902));
#14418=CARTESIAN_POINT('',(46.784416208,2.30937509,12.870797003));
#14419=CARTESIAN_POINT('',(46.729747765,2.350883026,12.914603145));
#14420=CARTESIAN_POINT('',(46.662910134,2.380525563,12.947220808));
#14421=CARTESIAN_POINT('',(46.596072502,2.410168099,12.979838471));
#14422=CARTESIAN_POINT('',(46.517595086,2.426692033,13.));
#14423=CARTESIAN_POINT('',(46.436833338,2.422913434,13.));
#14424=B_SPLINE_CURVE_WITH_KNOTS('',3,(#14411,#14412,#14413,#14414,#14415,#14416,#14417,#14418,#14419,#14420,#14421,#14422,#14423),.UNSPECIFIED.,.F.,.F.,(4,3,3,3,4),(0.,0.000238356,0.000476713,0.000715069,0.000953425),.UNSPECIFIED.);
#14425=EDGE_CURVE('',#14182,#14404,#14424,.T.);
#14426=ORIENTED_EDGE('',*,*,#14425,.F.);
#14427=ORIENTED_EDGE('',*,*,#14213,.F.);
#14428=CARTESIAN_POINT('',(46.436833338,2.422913434,1.));
#14429=CARTESIAN_POINT('',(46.517595086,2.426692033,1.));
#14430=CARTESIAN_POINT('',(46.596072502,2.410168099,1.020161529));
#14431=CARTESIAN_POINT('',(46.662910134,2.380525563,1.052779192));
#14432=CARTESIAN_POINT('',(46.729747765,2.350883026,1.085396855));
#14433=CARTESIAN_POINT('',(46.784416208,2.30937509,1.129202997));
#14434=CARTESIAN_POINT('',(46.827564912,2.262641098,1.177625098));
#14435=CARTESIAN_POINT('',(46.870713615,2.215907106,1.226047198));
#14436=CARTESIAN_POINT('',(46.901926251,2.164893337,1.278130995));
#14437=CARTESIAN_POINT('',(46.923820421,2.11069571,1.332945941));
#14438=CARTESIAN_POINT('',(46.945714592,2.056498082,1.387760887));
#14439=CARTESIAN_POINT('',(46.957423413,2.000903229,1.443492149));
#14440=CARTESIAN_POINT('',(46.959773331,1.944142156,1.5));
#14441=B_SPLINE_CURVE_WITH_KNOTS('',3,(#14428,#14429,#14430,#14431,#14432,#14433,#14434,#14435,#14436,#14437,#14438,#14439,#14440),.UNSPECIFIED.,.F.,.F.,(4,3,3,3,4),(0.,0.000238356,0.000476713,0.000715069,0.000953425),.UNSPECIFIED.);
#14442=EDGE_CURVE('',#14402,#14201,#14441,.T.);
#14443=ORIENTED_EDGE('',*,*,#14442,.F.);
#14444=EDGE_LOOP('',(#14410,#14426,#14427,#14443));
#14445=FACE_BOUND('',#14444,.T.);
#14446=ADVANCED_FACE('',(#14445),#14400,.T.);
#14447=CARTESIAN_POINT('',(-0.,0.,12.5));
#14448=DIRECTION('',(0.,0.,1.));
#14449=DIRECTION('',(-0.,-1.,0.));
#14450=AXIS2_PLACEMENT_3D('',#14447,#14448,#14449);
#14451=TOROIDAL_SURFACE('',#14450,46.5,0.5);
#14452=ORIENTED_EDGE('',*,*,#14425,.T.);
#14453=CARTESIAN_POINT('',(46.959773331,1.944142156,12.5));
#14454=CARTESIAN_POINT('',(46.957423366,2.000904371,12.556506703));
#14455=CARTESIAN_POINT('',(46.945714592,2.056498082,12.612239113));
#14456=CARTESIAN_POINT('',(46.923820421,2.11069571,12.667054059));
#14457=CARTESIAN_POINT('',(46.901926251,2.164893337,12.721869005));
#14458=CARTESIAN_POINT('',(46.870713615,2.215907106,12.773952802));
#14459=CARTESIAN_POINT('',(46.827564912,2.262641098,12.822374902));
#14460=CARTESIAN_POINT('',(46.784416208,2.30937509,12.870797003));
#14461=CARTESIAN_POINT('',(46.729747765,2.350883026,12.914603145));
#14462=CARTESIAN_POINT('',(46.662910134,2.380525563,12.947220808));
#14463=CARTESIAN_POINT('',(46.596072502,2.410168099,12.979838471));
#14464=CARTESIAN_POINT('',(46.517595086,2.426692033,13.));
#14465=CARTESIAN_POINT('',(46.436833338,2.422913434,13.));
#14466=B_SPLINE_CURVE_WITH_KNOTS('',3,(#14453,#14454,#14455,#14456,#14457,#14458,#14459,#14460,#14461,#14462,#14463,#14464,#14465),.UNSPECIFIED.,.F.,.F.,(4,3,3,3,4),(0.,0.000238356,0.000476713,0.000715069,0.000953425),.UNSPECIFIED.);
#14467=EDGE_CURVE('',#14404,#14309,#14466,.T.);
#14468=ORIENTED_EDGE('',*,*,#14467,.T.);
#14469=ORIENTED_EDGE('',*,*,#14315,.F.);
#14470=CARTESIAN_POINT('',(46.959773331,-1.944142156,12.5));
#14471=CARTESIAN_POINT('',(46.957423413,-2.000903229,12.556507851));
#14472=CARTESIAN_POINT('',(46.945714592,-2.056498082,12.612239113));
#14473=CARTESIAN_POINT('',(46.923820421,-2.11069571,12.667054059));
#14474=CARTESIAN_POINT('',(46.901926251,-2.164893337,12.721869005));
#14475=CARTESIAN_POINT('',(46.870713615,-2.215907106,12.773952802));
#14476=CARTESIAN_POINT('',(46.827564912,-2.262641098,12.822374902));
#14477=CARTESIAN_POINT('',(46.784416208,-2.30937509,12.870797003));
#14478=CARTESIAN_POINT('',(46.729747765,-2.350883026,12.914603145));
#14479=CARTESIAN_POINT('',(46.662910134,-2.380525563,12.947220808));
#14480=CARTESIAN_POINT('',(46.596072502,-2.410168099,12.979838471));
#14481=CARTESIAN_POINT('',(46.517595086,-2.426692033,13.));
#14482=CARTESIAN_POINT('',(46.436833338,-2.422913434,13.));
#14483=B_SPLINE_CURVE_WITH_KNOTS('',3,(#14470,#14471,#14472,#14473,#14474,#14475,#14476,#14477,#14478,#14479,#14480,#14481,#14482),.UNSPECIFIED.,.F.,.F.,(4,3,3,3,4),(0.,0.000238356,0.000476713,0.000715069,0.000953425),.UNSPECIFIED.);
#14484=EDGE_CURVE('',#14184,#14300,#14483,.T.);
#14485=ORIENTED_EDGE('',*,*,#14484,.F.);
#14486=ORIENTED_EDGE('',*,*,#14190,.F.);
#14487=EDGE_LOOP('',(#14452,#14468,#14469,#14485,#14486));
#14488=FACE_BOUND('',#14487,.T.);
#14489=ADVANCED_FACE('',(#14488),#14451,.T.);
#14490=CARTESIAN_POINT('',(-0.,0.,1.5));
#14491=DIRECTION('',(0.,0.,1.));
#14492=DIRECTION('',(-0.,-1.,0.));
#14493=AXIS2_PLACEMENT_3D('',#14490,#14491,#14492);
#14494=TOROIDAL_SURFACE('',#14493,46.5,0.5);
#14495=CARTESIAN_POINT('',(46.436833338,2.422913434,1.));
#14496=CARTESIAN_POINT('',(46.517595086,2.426692033,1.));
#14497=CARTESIAN_POINT('',(46.596072502,2.410168099,1.020161529));
#14498=CARTESIAN_POINT('',(46.662910134,2.380525563,1.052779192));
#14499=CARTESIAN_POINT('',(46.729747765,2.350883026,1.085396855));
#14500=CARTESIAN_POINT('',(46.784416208,2.30937509,1.129202997));
#14501=CARTESIAN_POINT('',(46.827564912,2.262641098,1.177625098));
#14502=CARTESIAN_POINT('',(46.870713615,2.215907106,1.226047198));
#14503=CARTESIAN_POINT('',(46.901926251,2.164893337,1.278130995));
#14504=CARTESIAN_POINT('',(46.923820421,2.11069571,1.332945941));
#14505=CARTESIAN_POINT('',(46.945714592,2.056498082,1.387760887));
#14506=CARTESIAN_POINT('',(46.957423413,2.000903229,1.443492149));
#14507=CARTESIAN_POINT('',(46.959773331,1.944142156,1.5));
#14508=B_SPLINE_CURVE_WITH_KNOTS('',3,(#14495,#14496,#14497,#14498,#14499,#14500,#14501,#14502,#14503,#14504,#14505,#14506,#14507),.UNSPECIFIED.,.F.,.F.,(4,3,3,3,4),(0.,0.000238356,0.000476713,0.000715069,0.000953425),.UNSPECIFIED.);
#14509=EDGE_CURVE('',#14368,#14402,#14508,.T.);
#14510=ORIENTED_EDGE('',*,*,#14509,.T.);
#14511=ORIENTED_EDGE('',*,*,#14442,.T.);
#14512=ORIENTED_EDGE('',*,*,#14207,.F.);
#14513=CARTESIAN_POINT('',(46.436833338,-2.422913434,1.));
#14514=CARTESIAN_POINT('',(46.517595086,-2.426692033,1.));
#14515=CARTESIAN_POINT('',(46.596072502,-2.410168099,1.020161529));
#14516=CARTESIAN_POINT('',(46.662910134,-2.380525563,1.052779192));
#14517=CARTESIAN_POINT('',(46.729747765,-2.350883026,1.085396855));
#14518=CARTESIAN_POINT('',(46.784416208,-2.30937509,1.129202997));
#14519=CARTESIAN_POINT('',(46.827564912,-2.262641098,1.177625098));
#14520=CARTESIAN_POINT('',(46.870713615,-2.215907106,1.226047198));
#14521=CARTESIAN_POINT('',(46.901926251,-2.164893337,1.278130995));
#14522=CARTESIAN_POINT('',(46.923820421,-2.11069571,1.332945941));
#14523=CARTESIAN_POINT('',(46.945714592,-2.056498082,1.387760887));
#14524=CARTESIAN_POINT('',(46.957423366,-2.000904371,1.443493297));
#14525=CARTESIAN_POINT('',(46.959773331,-1.944142156,1.5));
#14526=B_SPLINE_CURVE_WITH_KNOTS('',3,(#14513,#14514,#14515,#14516,#14517,#14518,#14519,#14520,#14521,#14522,#14523,#14524,#14525),.UNSPECIFIED.,.F.,.F.,(4,3,3,3,4),(0.,0.000238356,0.000476713,0.000715069,0.000953425),.UNSPECIFIED.);
#14527=EDGE_CURVE('',#14377,#14193,#14526,.T.);
#14528=ORIENTED_EDGE('',*,*,#14527,.F.);
#14529=ORIENTED_EDGE('',*,*,#14383,.F.);
#14530=EDGE_LOOP('',(#14510,#14511,#14512,#14528,#14529));
#14531=FACE_BOUND('',#14530,.T.);
#14532=ADVANCED_FACE('',(#14531),#14494,.T.);
#14533=CARTESIAN_POINT('',(46.460201274,-1.923459793,13.));
#14534=DIRECTION('',(0.,0.,-1.));
#14535=DIRECTION('',(0.,1.,0.));
#14536=AXIS2_PLACEMENT_3D('',#14533,#14534,#14535);
#14537=CYLINDRICAL_SURFACE('',#14536,0.5);
#14538=ORIENTED_EDGE('',*,*,#14306,.F.);
#14539=ORIENTED_EDGE('',*,*,#14171,.F.);
#14540=ORIENTED_EDGE('',*,*,#14390,.F.);
#14541=ORIENTED_EDGE('',*,*,#14527,.T.);
#14542=ORIENTED_EDGE('',*,*,#14198,.F.);
#14543=ORIENTED_EDGE('',*,*,#14484,.T.);
#14544=EDGE_LOOP('',(#14538,#14539,#14540,#14541,#14542,#14543));
#14545=FACE_BOUND('',#14544,.T.);
#14546=ADVANCED_FACE('',(#14545),#14537,.T.);
#14547=CARTESIAN_POINT('',(45.481668637,9.678207705,13.));
#14548=DIRECTION('',(0.187240984,-0.98231401,0.));
#14549=DIRECTION('',(0.98231401,0.187240984,0.));
#14550=AXIS2_PLACEMENT_3D('',#14547,#14548,#14549);
#14551=PLANE('',#14550);
#14552=CARTESIAN_POINT('',(45.468556824,9.675708435,13.));
#14553=VERTEX_POINT('',#14552);
#14554=CARTESIAN_POINT('',(45.290516033,9.641771697,13.));
#14555=VERTEX_POINT('',#14554);
#14556=CARTESIAN_POINT('',(45.468556824,9.675708435,13.));
#14557=DIRECTION('',(-0.98231401,-0.187240984,0.));
#14558=VECTOR('',#14557,0.181246312);
#14559=LINE('',#14556,#14558);
#14560=EDGE_CURVE('',#14553,#14555,#14559,.T.);
#14561=ORIENTED_EDGE('',*,*,#14560,.T.);
#14562=CARTESIAN_POINT('',(45.290516033,9.641771697,1.));
#14563=VERTEX_POINT('',#14562);
#14564=CARTESIAN_POINT('',(45.290516033,9.641771697,13.));
#14565=DIRECTION('',(0.,0.,-1.));
#14566=VECTOR('',#14565,12.);
#14567=LINE('',#14564,#14566);
#14568=EDGE_CURVE('',#14555,#14563,#14567,.T.);
#14569=ORIENTED_EDGE('',*,*,#14568,.T.);
#14570=CARTESIAN_POINT('',(45.468556824,9.675708435,1.));
#14571=VERTEX_POINT('',#14570);
#14572=CARTESIAN_POINT('',(45.468556824,9.675708435,1.));
#14573=DIRECTION('',(-0.98231401,-0.187240984,0.));
#14574=VECTOR('',#14573,0.181246312);
#14575=LINE('',#14572,#14574);
#14576=EDGE_CURVE('',#14571,#14563,#14575,.T.);
#14577=ORIENTED_EDGE('',*,*,#14576,.F.);
#14578=CARTESIAN_POINT('',(45.468556824,9.675708435,1.));
#14579=DIRECTION('',(0.,0.,1.));
#14580=VECTOR('',#14579,12.);
#14581=LINE('',#14578,#14580);
#14582=EDGE_CURVE('',#14571,#14553,#14581,.T.);
#14583=ORIENTED_EDGE('',*,*,#14582,.T.);
#14584=EDGE_LOOP('',(#14561,#14569,#14577,#14583));
#14585=FACE_BOUND('',#14584,.T.);
#14586=ADVANCED_FACE('',(#14585),#14551,.T.);
#14587=CARTESIAN_POINT('',(-0.,-0.,13.));
#14588=DIRECTION('',(0.,0.,-1.));
#14589=DIRECTION('',(-0.258819045,0.965925826,0.));
#14590=AXIS2_PLACEMENT_3D('',#14587,#14588,#14589);
#14591=CYLINDRICAL_SURFACE('',#14590,47.);
#14592=CARTESIAN_POINT('',(44.856476841,14.03198081,12.5));
#14593=VERTEX_POINT('',#14592);
#14594=CARTESIAN_POINT('',(45.862838873,10.276186573,12.5));
#14595=VERTEX_POINT('',#14594);
#14596=CARTESIAN_POINT('',(-0.,-0.,12.5));
#14597=DIRECTION('',(-0.,-0.,-1.));
#14598=DIRECTION('',(0.258819045,-0.965925826,0.));
#14599=AXIS2_PLACEMENT_3D('',#14596,#14597,#14598);
#14600=CIRCLE('',#14599,47.);
#14601=EDGE_CURVE('',#14593,#14595,#14600,.T.);
#14602=ORIENTED_EDGE('',*,*,#14601,.T.);
#14603=CARTESIAN_POINT('',(45.862838873,10.276186573,1.5));
#14604=VERTEX_POINT('',#14603);
#14605=CARTESIAN_POINT('',(45.862838873,10.276186573,12.5));
#14606=DIRECTION('',(0.,0.,-1.));
#14607=VECTOR('',#14606,11.);
#14608=LINE('',#14605,#14607);
#14609=EDGE_CURVE('',#14595,#14604,#14608,.T.);
#14610=ORIENTED_EDGE('',*,*,#14609,.T.);
#14611=CARTESIAN_POINT('',(44.856476841,14.03198081,1.5));
#14612=VERTEX_POINT('',#14611);
#14613=CARTESIAN_POINT('',(-0.,-0.,1.5));
#14614=DIRECTION('',(0.,0.,1.));
#14615=DIRECTION('',(0.258819045,-0.965925826,0.));
#14616=AXIS2_PLACEMENT_3D('',#14613,#14614,#14615);
#14617=CIRCLE('',#14616,47.);
#14618=EDGE_CURVE('',#14604,#14612,#14617,.T.);
#14619=ORIENTED_EDGE('',*,*,#14618,.T.);
#14620=CARTESIAN_POINT('',(44.856476841,14.03198081,1.5));
#14621=DIRECTION('',(-0.,-0.,1.));
#14622=VECTOR('',#14621,11.);
#14623=LINE('',#14620,#14622);
#14624=EDGE_CURVE('',#14612,#14593,#14623,.T.);
#14625=ORIENTED_EDGE('',*,*,#14624,.T.);
#14626=EDGE_LOOP('',(#14602,#14610,#14619,#14625));
#14627=FACE_BOUND('',#14626,.T.);
#14628=ADVANCED_FACE('',(#14627),#14591,.T.);
#14629=CARTESIAN_POINT('',(44.227384299,14.359260582,13.));
#14630=DIRECTION('',(0.329001556,-0.944329379,0.));
#14631=DIRECTION('',(0.944329379,0.329001556,0.));
#14632=AXIS2_PLACEMENT_3D('',#14629,#14630,#14631);
#14633=PLANE('',#14632);
#14634=CARTESIAN_POINT('',(44.2147795,14.354869108,1.));
#14635=VERTEX_POINT('',#14634);
#14636=CARTESIAN_POINT('',(44.043623283,14.295238789,1.));
#14637=VERTEX_POINT('',#14636);
#14638=CARTESIAN_POINT('',(44.2147795,14.354869108,1.));
#14639=DIRECTION('',(-0.944329379,-0.329001556,0.));
#14640=VECTOR('',#14639,0.181246312);
#14641=LINE('',#14638,#14640);
#14642=EDGE_CURVE('',#14635,#14637,#14641,.T.);
#14643=ORIENTED_EDGE('',*,*,#14642,.T.);
#14644=CARTESIAN_POINT('',(44.043623283,14.295238789,13.));
#14645=VERTEX_POINT('',#14644);
#14646=CARTESIAN_POINT('',(44.043623283,14.295238789,1.));
#14647=DIRECTION('',(0.,0.,1.));
#14648=VECTOR('',#14647,12.);
#14649=LINE('',#14646,#14648);
#14650=EDGE_CURVE('',#14637,#14645,#14649,.T.);
#14651=ORIENTED_EDGE('',*,*,#14650,.T.);
#14652=CARTESIAN_POINT('',(44.2147795,14.354869108,13.));
#14653=VERTEX_POINT('',#14652);
#14654=CARTESIAN_POINT('',(44.2147795,14.354869108,13.));
#14655=DIRECTION('',(-0.944329379,-0.329001556,0.));
#14656=VECTOR('',#14655,0.181246312);
#14657=LINE('',#14654,#14656);
#14658=EDGE_CURVE('',#14653,#14645,#14657,.T.);
#14659=ORIENTED_EDGE('',*,*,#14658,.F.);
#14660=CARTESIAN_POINT('',(44.2147795,14.354869108,13.));
#14661=DIRECTION('',(0.,0.,-1.));
#14662=VECTOR('',#14661,12.);
#14663=LINE('',#14660,#14662);
#14664=EDGE_CURVE('',#14653,#14635,#14663,.T.);
#14665=ORIENTED_EDGE('',*,*,#14664,.T.);
#14666=EDGE_LOOP('',(#14643,#14651,#14659,#14665));
#14667=FACE_BOUND('',#14666,.T.);
#14668=ADVANCED_FACE('',(#14667),#14633,.F.);
#14669=CARTESIAN_POINT('',(0.,0.,13.));
#14670=DIRECTION('',(0.,0.,1.));
#14671=DIRECTION('',(0.258819045,-0.965925826,0.));
#14672=AXIS2_PLACEMENT_3D('',#14669,#14670,#14671);
#14673=PLANE('',#14672);
#14674=ORIENTED_EDGE('',*,*,#14658,.T.);
#14675=CARTESIAN_POINT('',(44.038461203,14.293492747,13.));
#14676=VERTEX_POINT('',#14675);
#14677=CARTESIAN_POINT('',(43.944922817,14.578537603,13.));
#14678=DIRECTION('',(-0.,-0.,-1.));
#14679=DIRECTION('',(1.,0.,-0.));
#14680=AXIS2_PLACEMENT_3D('',#14677,#14678,#14679);
#14681=CIRCLE('',#14680,0.3);
#14682=EDGE_CURVE('',#14645,#14676,#14681,.T.);
#14683=ORIENTED_EDGE('',*,*,#14682,.T.);
#14684=CARTESIAN_POINT('',(45.285172518,9.640702774,13.));
#14685=VERTEX_POINT('',#14684);
#14686=CARTESIAN_POINT('',(0.,0.,13.));
#14687=DIRECTION('',(-0.,-0.,-1.));
#14688=DIRECTION('',(1.,0.,-0.));
#14689=AXIS2_PLACEMENT_3D('',#14686,#14687,#14688);
#14690=CIRCLE('',#14689,46.3);
#14691=EDGE_CURVE('',#14676,#14685,#14690,.T.);
#14692=ORIENTED_EDGE('',*,*,#14691,.T.);
#14693=CARTESIAN_POINT('',(45.346688328,9.347077494,13.));
#14694=DIRECTION('',(-0.,-0.,-1.));
#14695=DIRECTION('',(1.,0.,-0.));
#14696=AXIS2_PLACEMENT_3D('',#14693,#14694,#14695);
#14697=CIRCLE('',#14696,0.3);
#14698=EDGE_CURVE('',#14685,#14555,#14697,.T.);
#14699=ORIENTED_EDGE('',*,*,#14698,.T.);
#14700=ORIENTED_EDGE('',*,*,#14560,.F.);
#14701=CARTESIAN_POINT('',(45.481632754,9.678382202,13.));
#14702=VERTEX_POINT('',#14701);
#14703=CARTESIAN_POINT('',(45.374936332,10.16686544,13.));
#14704=DIRECTION('',(0.,0.,1.));
#14705=DIRECTION('',(0.258819045,-0.965925826,0.));
#14706=AXIS2_PLACEMENT_3D('',#14703,#14704,#14705);
#14707=CIRCLE('',#14706,0.5);
#14708=EDGE_CURVE('',#14553,#14702,#14707,.T.);
#14709=ORIENTED_EDGE('',*,*,#14708,.T.);
#14710=CARTESIAN_POINT('',(44.227440471,14.359091523,13.));
#14711=VERTEX_POINT('',#14710);
#14712=CARTESIAN_POINT('',(-0.,-0.,13.));
#14713=DIRECTION('',(0.,0.,1.));
#14714=DIRECTION('',(0.258819045,-0.965925826,0.));
#14715=AXIS2_PLACEMENT_3D('',#14712,#14713,#14714);
#14716=CIRCLE('',#14715,46.5);
#14717=EDGE_CURVE('',#14702,#14711,#14716,.T.);
#14718=ORIENTED_EDGE('',*,*,#14717,.T.);
#14719=CARTESIAN_POINT('',(44.379280278,13.882704419,13.));
#14720=DIRECTION('',(0.,0.,1.));
#14721=DIRECTION('',(0.258819045,-0.965925826,0.));
#14722=AXIS2_PLACEMENT_3D('',#14719,#14720,#14721);
#14723=CIRCLE('',#14722,0.5);
#14724=EDGE_CURVE('',#14711,#14653,#14723,.T.);
#14725=ORIENTED_EDGE('',*,*,#14724,.T.);
#14726=EDGE_LOOP('',(#14674,#14683,#14692,#14699,#14700,#14709,#14718,#14725));
#14727=FACE_BOUND('',#14726,.T.);
#14728=ADVANCED_FACE('',(#14727),#14673,.T.);
#14729=CARTESIAN_POINT('',(0.,0.,1.));
#14730=DIRECTION('',(0.,0.,1.));
#14731=DIRECTION('',(0.258819045,-0.965925826,0.));
#14732=AXIS2_PLACEMENT_3D('',#14729,#14730,#14731);
#14733=PLANE('',#14732);
#14734=ORIENTED_EDGE('',*,*,#14576,.T.);
#14735=CARTESIAN_POINT('',(45.285172518,9.640702774,1.));
#14736=VERTEX_POINT('',#14735);
#14737=CARTESIAN_POINT('',(45.346688328,9.347077494,1.));
#14738=DIRECTION('',(0.,0.,1.));
#14739=DIRECTION('',(1.,0.,-0.));
#14740=AXIS2_PLACEMENT_3D('',#14737,#14738,#14739);
#14741=CIRCLE('',#14740,0.3);
#14742=EDGE_CURVE('',#14563,#14736,#14741,.T.);
#14743=ORIENTED_EDGE('',*,*,#14742,.T.);
#14744=CARTESIAN_POINT('',(44.038461203,14.293492747,1.));
#14745=VERTEX_POINT('',#14744);
#14746=CARTESIAN_POINT('',(0.,0.,1.));
#14747=DIRECTION('',(0.,0.,1.));
#14748=DIRECTION('',(1.,0.,-0.));
#14749=AXIS2_PLACEMENT_3D('',#14746,#14747,#14748);
#14750=CIRCLE('',#14749,46.3);
#14751=EDGE_CURVE('',#14736,#14745,#14750,.T.);
#14752=ORIENTED_EDGE('',*,*,#14751,.T.);
#14753=CARTESIAN_POINT('',(43.944922817,14.578537603,1.));
#14754=DIRECTION('',(0.,0.,1.));
#14755=DIRECTION('',(1.,0.,-0.));
#14756=AXIS2_PLACEMENT_3D('',#14753,#14754,#14755);
#14757=CIRCLE('',#14756,0.3);
#14758=EDGE_CURVE('',#14745,#14637,#14757,.T.);
#14759=ORIENTED_EDGE('',*,*,#14758,.T.);
#14760=ORIENTED_EDGE('',*,*,#14642,.F.);
#14761=CARTESIAN_POINT('',(44.227440471,14.359091523,1.));
#14762=VERTEX_POINT('',#14761);
#14763=CARTESIAN_POINT('',(44.379280278,13.882704419,1.));
#14764=DIRECTION('',(-0.,-0.,-1.));
#14765=DIRECTION('',(0.258819045,-0.965925826,0.));
#14766=AXIS2_PLACEMENT_3D('',#14763,#14764,#14765);
#14767=CIRCLE('',#14766,0.5);
#14768=EDGE_CURVE('',#14635,#14762,#14767,.T.);
#14769=ORIENTED_EDGE('',*,*,#14768,.T.);
#14770=CARTESIAN_POINT('',(45.481632754,9.678382202,1.));
#14771=VERTEX_POINT('',#14770);
#14772=CARTESIAN_POINT('',(-0.,-0.,1.));
#14773=DIRECTION('',(-0.,-0.,-1.));
#14774=DIRECTION('',(0.258819045,-0.965925826,0.));
#14775=AXIS2_PLACEMENT_3D('',#14772,#14773,#14774);
#14776=CIRCLE('',#14775,46.5);
#14777=EDGE_CURVE('',#14762,#14771,#14776,.T.);
#14778=ORIENTED_EDGE('',*,*,#14777,.T.);
#14779=CARTESIAN_POINT('',(45.374936332,10.16686544,1.));
#14780=DIRECTION('',(-0.,-0.,-1.));
#14781=DIRECTION('',(0.258819045,-0.965925826,0.));
#14782=AXIS2_PLACEMENT_3D('',#14779,#14780,#14781);
#14783=CIRCLE('',#14782,0.5);
#14784=EDGE_CURVE('',#14771,#14571,#14783,.T.);
#14785=ORIENTED_EDGE('',*,*,#14784,.T.);
#14786=EDGE_LOOP('',(#14734,#14743,#14752,#14759,#14760,#14769,#14778,#14785));
#14787=FACE_BOUND('',#14786,.T.);
#14788=ADVANCED_FACE('',(#14787),#14733,.F.);
#14789=CARTESIAN_POINT('',(44.379280278,13.882704419,13.));
#14790=DIRECTION('',(0.,0.,-1.));
#14791=DIRECTION('',(-0.258819045,0.965925826,0.));
#14792=AXIS2_PLACEMENT_3D('',#14789,#14790,#14791);
#14793=CYLINDRICAL_SURFACE('',#14792,0.5);
#14794=CARTESIAN_POINT('',(44.24987417,14.365654536,1.000559165));
#14795=VERTEX_POINT('',#14794);
#14796=CARTESIAN_POINT('',(44.24987417,14.365654536,12.999440835));
#14797=VERTEX_POINT('',#14796);
#14798=CARTESIAN_POINT('',(44.249870756,14.365667332,1.000559165));
#14799=DIRECTION('',(-0.,-0.,1.));
#14800=VECTOR('',#14799,11.99888167);
#14801=LINE('',#14798,#14800);
#14802=EDGE_CURVE('',#14795,#14797,#14801,.T.);
#14803=ORIENTED_EDGE('',*,*,#14802,.T.);
#14804=CARTESIAN_POINT('',(44.856476841,14.03198081,12.5));
#14805=CARTESIAN_POINT('',(44.839515807,14.086200684,12.556506703));
#14806=CARTESIAN_POINT('',(44.813817288,14.136869632,12.612239113));
#14807=CARTESIAN_POINT('',(44.778641765,14.183553891,12.667054059));
#14808=CARTESIAN_POINT('',(44.743466242,14.230238151,12.721869005));
#14809=CARTESIAN_POINT('',(44.700113816,14.271435243,12.773952802));
#14810=CARTESIAN_POINT('',(44.646339722,14.305409107,12.822374902));
#14811=CARTESIAN_POINT('',(44.592565628,14.339382971,12.870797003));
#14812=CARTESIAN_POINT('',(44.529016923,14.365327324,12.914603145));
#14813=CARTESIAN_POINT('',(44.456784675,14.376660964,12.947220808));
#14814=CARTESIAN_POINT('',(44.384552428,14.387994604,12.979838471));
#14815=CARTESIAN_POINT('',(44.304472355,14.383644048,13.));
#14816=CARTESIAN_POINT('',(44.227440471,14.359091523,13.));
#14817=B_SPLINE_CURVE_WITH_KNOTS('',3,(#14804,#14805,#14806,#14807,#14808,#14809,#14810,#14811,#14812,#14813,#14814,#14815,#14816),.UNSPECIFIED.,.F.,.F.,(4,3,3,3,4),(0.,0.000238356,0.000476713,0.000715069,0.000953425),.UNSPECIFIED.);
#14818=EDGE_CURVE('',#14593,#14797,#14817,.T.);
#14819=ORIENTED_EDGE('',*,*,#14818,.F.);
#14820=ORIENTED_EDGE('',*,*,#14624,.F.);
#14821=CARTESIAN_POINT('',(44.227440471,14.359091523,1.));
#14822=CARTESIAN_POINT('',(44.304472355,14.383644048,1.));
#14823=CARTESIAN_POINT('',(44.384552428,14.387994604,1.020161529));
#14824=CARTESIAN_POINT('',(44.456784675,14.376660964,1.052779192));
#14825=CARTESIAN_POINT('',(44.529016923,14.365327324,1.085396855));
#14826=CARTESIAN_POINT('',(44.592565628,14.339382971,1.129202997));
#14827=CARTESIAN_POINT('',(44.646339722,14.305409107,1.177625098));
#14828=CARTESIAN_POINT('',(44.700113816,14.271435243,1.226047198));
#14829=CARTESIAN_POINT('',(44.743466242,14.230238151,1.278130995));
#14830=CARTESIAN_POINT('',(44.778641765,14.183553891,1.332945941));
#14831=CARTESIAN_POINT('',(44.813817288,14.136869632,1.387760887));
#14832=CARTESIAN_POINT('',(44.839516148,14.086199594,1.443492149));
#14833=CARTESIAN_POINT('',(44.856476841,14.03198081,1.5));
#14834=B_SPLINE_CURVE_WITH_KNOTS('',3,(#14821,#14822,#14823,#14824,#14825,#14826,#14827,#14828,#14829,#14830,#14831,#14832,#14833),.UNSPECIFIED.,.F.,.F.,(4,3,3,3,4),(0.,0.000238356,0.000476713,0.000715069,0.000953425),.UNSPECIFIED.);
#14835=EDGE_CURVE('',#14795,#14612,#14834,.T.);
#14836=ORIENTED_EDGE('',*,*,#14835,.F.);
#14837=EDGE_LOOP('',(#14803,#14819,#14820,#14836));
#14838=FACE_BOUND('',#14837,.T.);
#14839=ADVANCED_FACE('',(#14838),#14793,.T.);
#14840=CARTESIAN_POINT('',(-0.,-0.,12.5));
#14841=DIRECTION('',(0.,0.,1.));
#14842=DIRECTION('',(0.258819045,-0.965925826,0.));
#14843=AXIS2_PLACEMENT_3D('',#14840,#14841,#14842);
#14844=TOROIDAL_SURFACE('',#14843,46.5,0.5);
#14845=ORIENTED_EDGE('',*,*,#14818,.T.);
#14846=CARTESIAN_POINT('',(44.856476841,14.03198081,12.5));
#14847=CARTESIAN_POINT('',(44.839515807,14.086200684,12.556506703));
#14848=CARTESIAN_POINT('',(44.813817288,14.136869632,12.612239113));
#14849=CARTESIAN_POINT('',(44.778641765,14.183553891,12.667054059));
#14850=CARTESIAN_POINT('',(44.743466242,14.230238151,12.721869005));
#14851=CARTESIAN_POINT('',(44.700113816,14.271435243,12.773952802));
#14852=CARTESIAN_POINT('',(44.646339722,14.305409107,12.822374902));
#14853=CARTESIAN_POINT('',(44.592565628,14.339382971,12.870797003));
#14854=CARTESIAN_POINT('',(44.529016923,14.365327324,12.914603145));
#14855=CARTESIAN_POINT('',(44.456784675,14.376660964,12.947220808));
#14856=CARTESIAN_POINT('',(44.384552428,14.387994604,12.979838471));
#14857=CARTESIAN_POINT('',(44.304472355,14.383644048,13.));
#14858=CARTESIAN_POINT('',(44.227440471,14.359091523,13.));
#14859=B_SPLINE_CURVE_WITH_KNOTS('',3,(#14846,#14847,#14848,#14849,#14850,#14851,#14852,#14853,#14854,#14855,#14856,#14857,#14858),.UNSPECIFIED.,.F.,.F.,(4,3,3,3,4),(0.,0.000238356,0.000476713,0.000715069,0.000953425),.UNSPECIFIED.);
#14860=EDGE_CURVE('',#14797,#14711,#14859,.T.);
#14861=ORIENTED_EDGE('',*,*,#14860,.T.);
#14862=ORIENTED_EDGE('',*,*,#14717,.F.);
#14863=CARTESIAN_POINT('',(45.862838873,10.276186573,12.5));
#14864=CARTESIAN_POINT('',(45.875259874,10.220751383,12.556507851));
#14865=CARTESIAN_POINT('',(45.878339028,10.164020413,12.612239113));
#14866=CARTESIAN_POINT('',(45.871218261,10.106002896,12.667054059));
#14867=CARTESIAN_POINT('',(45.864097495,10.04798538,12.721869005));
#14868=CARTESIAN_POINT('',(45.847151738,9.990631439,12.773952802));
#14869=CARTESIAN_POINT('',(45.817568939,9.934322163,12.822374902));
#14870=CARTESIAN_POINT('',(45.787986139,9.878012887,12.870797003));
#14871=CARTESIAN_POINT('',(45.745923522,9.823770065,12.914603145));
#14872=CARTESIAN_POINT('',(45.689035381,9.777838721,12.947220808));
#14873=CARTESIAN_POINT('',(45.63214724,9.731907378,12.979838471));
#14874=CARTESIAN_POINT('',(45.560620585,9.695635033,13.));
#14875=CARTESIAN_POINT('',(45.481632754,9.678382202,13.));
#14876=B_SPLINE_CURVE_WITH_KNOTS('',3,(#14863,#14864,#14865,#14866,#14867,#14868,#14869,#14870,#14871,#14872,#14873,#14874,#14875),.UNSPECIFIED.,.F.,.F.,(4,3,3,3,4),(0.,0.000238356,0.000476713,0.000715069,0.000953425),.UNSPECIFIED.);
#14877=EDGE_CURVE('',#14595,#14702,#14876,.T.);
#14878=ORIENTED_EDGE('',*,*,#14877,.F.);
#14879=ORIENTED_EDGE('',*,*,#14601,.F.);
#14880=EDGE_LOOP('',(#14845,#14861,#14862,#14878,#14879));
#14881=FACE_BOUND('',#14880,.T.);
#14882=ADVANCED_FACE('',(#14881),#14844,.T.);
#14883=CARTESIAN_POINT('',(-0.,-0.,1.5));
#14884=DIRECTION('',(0.,0.,1.));
#14885=DIRECTION('',(0.258819045,-0.965925826,0.));
#14886=AXIS2_PLACEMENT_3D('',#14883,#14884,#14885);
#14887=TOROIDAL_SURFACE('',#14886,46.5,0.5);
#14888=CARTESIAN_POINT('',(44.227440471,14.359091523,1.));
#14889=CARTESIAN_POINT('',(44.304472355,14.383644048,1.));
#14890=CARTESIAN_POINT('',(44.384552428,14.387994604,1.020161529));
#14891=CARTESIAN_POINT('',(44.456784675,14.376660964,1.052779192));
#14892=CARTESIAN_POINT('',(44.529016923,14.365327324,1.085396855));
#14893=CARTESIAN_POINT('',(44.592565628,14.339382971,1.129202997));
#14894=CARTESIAN_POINT('',(44.646339722,14.305409107,1.177625098));
#14895=CARTESIAN_POINT('',(44.700113816,14.271435243,1.226047198));
#14896=CARTESIAN_POINT('',(44.743466242,14.230238151,1.278130995));
#14897=CARTESIAN_POINT('',(44.778641765,14.183553891,1.332945941));
#14898=CARTESIAN_POINT('',(44.813817288,14.136869632,1.387760887));
#14899=CARTESIAN_POINT('',(44.839516148,14.086199594,1.443492149));
#14900=CARTESIAN_POINT('',(44.856476841,14.03198081,1.5));
#14901=B_SPLINE_CURVE_WITH_KNOTS('',3,(#14888,#14889,#14890,#14891,#14892,#14893,#14894,#14895,#14896,#14897,#14898,#14899,#14900),.UNSPECIFIED.,.F.,.F.,(4,3,3,3,4),(0.,0.000238356,0.000476713,0.000715069,0.000953425),.UNSPECIFIED.);
#14902=EDGE_CURVE('',#14762,#14795,#14901,.T.);
#14903=ORIENTED_EDGE('',*,*,#14902,.T.);
#14904=ORIENTED_EDGE('',*,*,#14835,.T.);
#14905=ORIENTED_EDGE('',*,*,#14618,.F.);
#14906=CARTESIAN_POINT('',(45.481632754,9.678382202,1.));
#14907=CARTESIAN_POINT('',(45.560620585,9.695635033,1.));
#14908=CARTESIAN_POINT('',(45.63214724,9.731907378,1.020161529));
#14909=CARTESIAN_POINT('',(45.689035381,9.777838721,1.052779192));
#14910=CARTESIAN_POINT('',(45.745923522,9.823770065,1.085396855));
#14911=CARTESIAN_POINT('',(45.787986139,9.878012887,1.129202997));
#14912=CARTESIAN_POINT('',(45.817568939,9.934322163,1.177625098));
#14913=CARTESIAN_POINT('',(45.847151738,9.990631439,1.226047198));
#14914=CARTESIAN_POINT('',(45.864097495,10.04798538,1.278130995));
#14915=CARTESIAN_POINT('',(45.871218261,10.106002896,1.332945941));
#14916=CARTESIAN_POINT('',(45.878339028,10.164020413,1.387760887));
#14917=CARTESIAN_POINT('',(45.875260124,10.220750268,1.443493297));
#14918=CARTESIAN_POINT('',(45.862838873,10.276186573,1.5));
#14919=B_SPLINE_CURVE_WITH_KNOTS('',3,(#14906,#14907,#14908,#14909,#14910,#14911,#14912,#14913,#14914,#14915,#14916,#14917,#14918),.UNSPECIFIED.,.F.,.F.,(4,3,3,3,4),(0.,0.000238356,0.000476713,0.000715069,0.000953425),.UNSPECIFIED.);
#14920=EDGE_CURVE('',#14771,#14604,#14919,.T.);
#14921=ORIENTED_EDGE('',*,*,#14920,.F.);
#14922=ORIENTED_EDGE('',*,*,#14777,.F.);
#14923=EDGE_LOOP('',(#14903,#14904,#14905,#14921,#14922));
#14924=FACE_BOUND('',#14923,.T.);
#14925=ADVANCED_FACE('',(#14924),#14887,.T.);
#14926=CARTESIAN_POINT('',(45.374936332,10.16686544,13.));
#14927=DIRECTION('',(0.,0.,-1.));
#14928=DIRECTION('',(-0.258819045,0.965925826,0.));
#14929=AXIS2_PLACEMENT_3D('',#14926,#14927,#14928);
#14930=CYLINDRICAL_SURFACE('',#14929,0.5);
#14931=ORIENTED_EDGE('',*,*,#14708,.F.);
#14932=ORIENTED_EDGE('',*,*,#14582,.F.);
#14933=ORIENTED_EDGE('',*,*,#14784,.F.);
#14934=ORIENTED_EDGE('',*,*,#14920,.T.);
#14935=ORIENTED_EDGE('',*,*,#14609,.F.);
#14936=ORIENTED_EDGE('',*,*,#14877,.T.);
#14937=EDGE_LOOP('',(#14931,#14932,#14933,#14934,#14935,#14936));
#14938=FACE_BOUND('',#14937,.T.);
#14939=ADVANCED_FACE('',(#14938),#14930,.T.);
#14940=CARTESIAN_POINT('',(41.427013882,21.119952821,13.));
#14941=DIRECTION('',(0.435102476,-0.900380939,0.));
#14942=DIRECTION('',(0.900380939,0.435102476,0.));
#14943=AXIS2_PLACEMENT_3D('',#14940,#14941,#14942);
#14944=PLANE('',#14943);
#14945=CARTESIAN_POINT('',(41.414995703,21.114145124,13.));
#14946=VERTEX_POINT('',#14945);
#14947=CARTESIAN_POINT('',(41.251804978,21.035284405,13.));
#14948=VERTEX_POINT('',#14947);
#14949=CARTESIAN_POINT('',(41.414995703,21.114145124,13.));
#14950=DIRECTION('',(-0.900380939,-0.435102476,0.));
#14951=VECTOR('',#14950,0.181246312);
#14952=LINE('',#14949,#14951);
#14953=EDGE_CURVE('',#14946,#14948,#14952,.T.);
#14954=ORIENTED_EDGE('',*,*,#14953,.T.);
#14955=CARTESIAN_POINT('',(41.251804978,21.035284405,1.));
#14956=VERTEX_POINT('',#14955);
#14957=CARTESIAN_POINT('',(41.251804978,21.035284405,13.));
#14958=DIRECTION('',(0.,0.,-1.));
#14959=VECTOR('',#14958,12.);
#14960=LINE('',#14957,#14959);
#14961=EDGE_CURVE('',#14948,#14956,#14960,.T.);
#14962=ORIENTED_EDGE('',*,*,#14961,.T.);
#14963=CARTESIAN_POINT('',(41.414995703,21.114145124,1.));
#14964=VERTEX_POINT('',#14963);
#14965=CARTESIAN_POINT('',(41.414995703,21.114145124,1.));
#14966=DIRECTION('',(-0.900380939,-0.435102476,0.));
#14967=VECTOR('',#14966,0.181246312);
#14968=LINE('',#14965,#14967);
#14969=EDGE_CURVE('',#14964,#14956,#14968,.T.);
#14970=ORIENTED_EDGE('',*,*,#14969,.F.);
#14971=CARTESIAN_POINT('',(41.414995703,21.114145124,1.));
#14972=DIRECTION('',(0.,0.,1.));
#14973=VECTOR('',#14972,12.);
#14974=LINE('',#14971,#14973);
#14975=EDGE_CURVE('',#14964,#14946,#14974,.T.);
#14976=ORIENTED_EDGE('',*,*,#14975,.T.);
#14977=EDGE_LOOP('',(#14954,#14962,#14970,#14976));
#14978=FACE_BOUND('',#14977,.T.);
#14979=ADVANCED_FACE('',(#14978),#14944,.T.);
#14980=CARTESIAN_POINT('',(-0.,-0.,13.));
#14981=DIRECTION('',(0.,0.,-1.));
#14982=DIRECTION('',(-0.5,0.866025404,0.));
#14983=AXIS2_PLACEMENT_3D('',#14980,#14981,#14982);
#14984=CYLINDRICAL_SURFACE('',#14983,47.);
#14985=CARTESIAN_POINT('',(39.696285582,25.163563161,12.5));
#14986=VERTEX_POINT('',#14985);
#14987=CARTESIAN_POINT('',(41.640427738,21.79621017,12.5));
#14988=VERTEX_POINT('',#14987);
#14989=CARTESIAN_POINT('',(-0.,-0.,12.5));
#14990=DIRECTION('',(-0.,-0.,-1.));
#14991=DIRECTION('',(0.5,-0.866025404,0.));
#14992=AXIS2_PLACEMENT_3D('',#14989,#14990,#14991);
#14993=CIRCLE('',#14992,47.);
#14994=EDGE_CURVE('',#14986,#14988,#14993,.T.);
#14995=ORIENTED_EDGE('',*,*,#14994,.T.);
#14996=CARTESIAN_POINT('',(41.640427738,21.79621017,1.5));
#14997=VERTEX_POINT('',#14996);
#14998=CARTESIAN_POINT('',(41.640427738,21.79621017,12.5));
#14999=DIRECTION('',(0.,0.,-1.));
#15000=VECTOR('',#14999,11.);
#15001=LINE('',#14998,#15000);
#15002=EDGE_CURVE('',#14988,#14997,#15001,.T.);
#15003=ORIENTED_EDGE('',*,*,#15002,.T.);
#15004=CARTESIAN_POINT('',(39.696285582,25.163563161,1.5));
#15005=VERTEX_POINT('',#15004);
#15006=CARTESIAN_POINT('',(-0.,-0.,1.5));
#15007=DIRECTION('',(0.,0.,1.));
#15008=DIRECTION('',(0.5,-0.866025404,0.));
#15009=AXIS2_PLACEMENT_3D('',#15006,#15007,#15008);
#15010=CIRCLE('',#15009,47.);
#15011=EDGE_CURVE('',#14997,#15005,#15010,.T.);
#15012=ORIENTED_EDGE('',*,*,#15011,.T.);
#15013=CARTESIAN_POINT('',(39.696285582,25.163563161,1.5));
#15014=DIRECTION('',(-0.,-0.,1.));
#15015=VECTOR('',#15014,11.);
#15016=LINE('',#15013,#15015);
#15017=EDGE_CURVE('',#15005,#14986,#15016,.T.);
#15018=ORIENTED_EDGE('',*,*,#15017,.T.);
#15019=EDGE_LOOP('',(#14995,#15003,#15012,#15018));
#15020=FACE_BOUND('',#15019,.T.);
#15021=ADVANCED_FACE('',(#15020),#14984,.T.);
#15022=CARTESIAN_POINT('',(39.003922611,25.316870015,13.));
#15023=DIRECTION('',(0.562201528,-0.827000267,0.));
#15024=DIRECTION('',(0.827000267,0.562201528,0.));
#15025=AXIS2_PLACEMENT_3D('',#15022,#15023,#15024);
#15026=PLANE('',#15025);
#15027=CARTESIAN_POINT('',(38.992883908,25.309365814,1.));
#15028=VERTEX_POINT('',#15027);
#15029=CARTESIAN_POINT('',(38.84299316,25.207468861,1.));
#15030=VERTEX_POINT('',#15029);
#15031=CARTESIAN_POINT('',(38.992883908,25.309365814,1.));
#15032=DIRECTION('',(-0.827000267,-0.562201528,0.));
#15033=VECTOR('',#15032,0.181246312);
#15034=LINE('',#15031,#15033);
#15035=EDGE_CURVE('',#15028,#15030,#15034,.T.);
#15036=ORIENTED_EDGE('',*,*,#15035,.T.);
#15037=CARTESIAN_POINT('',(38.84299316,25.207468861,13.));
#15038=VERTEX_POINT('',#15037);
#15039=CARTESIAN_POINT('',(38.84299316,25.207468861,1.));
#15040=DIRECTION('',(0.,0.,1.));
#15041=VECTOR('',#15040,12.);
#15042=LINE('',#15039,#15041);
#15043=EDGE_CURVE('',#15030,#15038,#15042,.T.);
#15044=ORIENTED_EDGE('',*,*,#15043,.T.);
#15045=CARTESIAN_POINT('',(38.992883908,25.309365814,13.));
#15046=VERTEX_POINT('',#15045);
#15047=CARTESIAN_POINT('',(38.992883908,25.309365814,13.));
#15048=DIRECTION('',(-0.827000267,-0.562201528,0.));
#15049=VECTOR('',#15048,0.181246312);
#15050=LINE('',#15047,#15049);
#15051=EDGE_CURVE('',#15046,#15038,#15050,.T.);
#15052=ORIENTED_EDGE('',*,*,#15051,.F.);
#15053=CARTESIAN_POINT('',(38.992883908,25.309365814,13.));
#15054=DIRECTION('',(0.,0.,-1.));
#15055=VECTOR('',#15054,12.);
#15056=LINE('',#15053,#15055);
#15057=EDGE_CURVE('',#15046,#15028,#15056,.T.);
#15058=ORIENTED_EDGE('',*,*,#15057,.T.);
#15059=EDGE_LOOP('',(#15036,#15044,#15052,#15058));
#15060=FACE_BOUND('',#15059,.T.);
#15061=ADVANCED_FACE('',(#15060),#15026,.F.);
#15062=CARTESIAN_POINT('',(0.,0.,13.));
#15063=DIRECTION('',(0.,0.,1.));
#15064=DIRECTION('',(0.5,-0.866025404,0.));
#15065=AXIS2_PLACEMENT_3D('',#15062,#15063,#15064);
#15066=PLANE('',#15065);
#15067=CARTESIAN_POINT('',(38.838458882,25.204446268,13.));
#15068=VERTEX_POINT('',#15067);
#15069=CARTESIAN_POINT('',(38.674332701,25.455568941,13.));
#15070=DIRECTION('',(-0.,-0.,-1.));
#15071=DIRECTION('',(1.,0.,-0.));
#15072=AXIS2_PLACEMENT_3D('',#15069,#15070,#15071);
#15073=CIRCLE('',#15072,0.3);
#15074=EDGE_CURVE('',#15038,#15068,#15073,.T.);
#15075=ORIENTED_EDGE('',*,*,#15074,.T.);
#15076=CARTESIAN_POINT('',(41.246920197,21.032868902,13.));
#15077=VERTEX_POINT('',#15076);
#15078=CARTESIAN_POINT('',(0.,0.,13.));
#15079=DIRECTION('',(-0.,-0.,-1.));
#15080=DIRECTION('',(1.,0.,-0.));
#15081=AXIS2_PLACEMENT_3D('',#15078,#15079,#15080);
#15082=CIRCLE('',#15081,46.3);
#15083=EDGE_CURVE('',#15068,#15077,#15082,.T.);
#15084=ORIENTED_EDGE('',*,*,#15083,.T.);
#15085=CARTESIAN_POINT('',(41.382335721,20.765170123,13.));
#15086=DIRECTION('',(-0.,-0.,-1.));
#15087=DIRECTION('',(1.,0.,-0.));
#15088=AXIS2_PLACEMENT_3D('',#15085,#15086,#15087);
#15089=CIRCLE('',#15088,0.3);
#15090=EDGE_CURVE('',#15077,#14948,#15089,.T.);
#15091=ORIENTED_EDGE('',*,*,#15090,.T.);
#15092=ORIENTED_EDGE('',*,*,#14953,.F.);
#15093=CARTESIAN_POINT('',(41.426934059,21.120112084,13.));
#15094=VERTEX_POINT('',#15093);
#15095=CARTESIAN_POINT('',(41.197444465,21.564335593,13.));
#15096=DIRECTION('',(0.,0.,1.));
#15097=DIRECTION('',(0.5,-0.866025404,0.));
#15098=AXIS2_PLACEMENT_3D('',#15095,#15096,#15097);
#15099=CIRCLE('',#15098,0.5);
#15100=EDGE_CURVE('',#14946,#15094,#15099,.T.);
#15101=ORIENTED_EDGE('',*,*,#15100,.T.);
#15102=CARTESIAN_POINT('',(39.004020625,25.316721254,13.));
#15103=VERTEX_POINT('',#15102);
#15104=CARTESIAN_POINT('',(-0.,-0.,13.));
#15105=DIRECTION('',(0.,0.,1.));
#15106=DIRECTION('',(0.5,-0.866025404,0.));
#15107=AXIS2_PLACEMENT_3D('',#15104,#15105,#15106);
#15108=CIRCLE('',#15107,46.5);
#15109=EDGE_CURVE('',#15094,#15103,#15108,.T.);
#15110=ORIENTED_EDGE('',*,*,#15109,.T.);
#15111=CARTESIAN_POINT('',(39.273984672,24.895865681,13.));
#15112=DIRECTION('',(0.,0.,1.));
#15113=DIRECTION('',(0.5,-0.866025404,0.));
#15114=AXIS2_PLACEMENT_3D('',#15111,#15112,#15113);
#15115=CIRCLE('',#15114,0.5);
#15116=EDGE_CURVE('',#15103,#15046,#15115,.T.);
#15117=ORIENTED_EDGE('',*,*,#15116,.T.);
#15118=ORIENTED_EDGE('',*,*,#15051,.T.);
#15119=EDGE_LOOP('',(#15075,#15084,#15091,#15092,#15101,#15110,#15117,#15118));
#15120=FACE_BOUND('',#15119,.T.);
#15121=ADVANCED_FACE('',(#15120),#15066,.T.);
#15122=CARTESIAN_POINT('',(0.,0.,1.));
#15123=DIRECTION('',(0.,0.,1.));
#15124=DIRECTION('',(0.5,-0.866025404,0.));
#15125=AXIS2_PLACEMENT_3D('',#15122,#15123,#15124);
#15126=PLANE('',#15125);
#15127=CARTESIAN_POINT('',(41.246920197,21.032868902,1.));
#15128=VERTEX_POINT('',#15127);
#15129=CARTESIAN_POINT('',(41.382335721,20.765170123,1.));
#15130=DIRECTION('',(0.,0.,1.));
#15131=DIRECTION('',(1.,0.,-0.));
#15132=AXIS2_PLACEMENT_3D('',#15129,#15130,#15131);
#15133=CIRCLE('',#15132,0.3);
#15134=EDGE_CURVE('',#14956,#15128,#15133,.T.);
#15135=ORIENTED_EDGE('',*,*,#15134,.T.);
#15136=CARTESIAN_POINT('',(38.838458882,25.204446268,1.));
#15137=VERTEX_POINT('',#15136);
#15138=CARTESIAN_POINT('',(0.,0.,1.));
#15139=DIRECTION('',(0.,0.,1.));
#15140=DIRECTION('',(1.,0.,-0.));
#15141=AXIS2_PLACEMENT_3D('',#15138,#15139,#15140);
#15142=CIRCLE('',#15141,46.3);
#15143=EDGE_CURVE('',#15128,#15137,#15142,.T.);
#15144=ORIENTED_EDGE('',*,*,#15143,.T.);
#15145=CARTESIAN_POINT('',(38.674332701,25.455568941,1.));
#15146=DIRECTION('',(0.,0.,1.));
#15147=DIRECTION('',(1.,0.,-0.));
#15148=AXIS2_PLACEMENT_3D('',#15145,#15146,#15147);
#15149=CIRCLE('',#15148,0.3);
#15150=EDGE_CURVE('',#15137,#15030,#15149,.T.);
#15151=ORIENTED_EDGE('',*,*,#15150,.T.);
#15152=ORIENTED_EDGE('',*,*,#15035,.F.);
#15153=CARTESIAN_POINT('',(39.004020625,25.316721254,1.));
#15154=VERTEX_POINT('',#15153);
#15155=CARTESIAN_POINT('',(39.273984672,24.895865681,1.));
#15156=DIRECTION('',(-0.,-0.,-1.));
#15157=DIRECTION('',(0.5,-0.866025404,0.));
#15158=AXIS2_PLACEMENT_3D('',#15155,#15156,#15157);
#15159=CIRCLE('',#15158,0.5);
#15160=EDGE_CURVE('',#15028,#15154,#15159,.T.);
#15161=ORIENTED_EDGE('',*,*,#15160,.T.);
#15162=CARTESIAN_POINT('',(41.426934059,21.120112084,1.));
#15163=VERTEX_POINT('',#15162);
#15164=CARTESIAN_POINT('',(-0.,-0.,1.));
#15165=DIRECTION('',(-0.,-0.,-1.));
#15166=DIRECTION('',(0.5,-0.866025404,0.));
#15167=AXIS2_PLACEMENT_3D('',#15164,#15165,#15166);
#15168=CIRCLE('',#15167,46.5);
#15169=EDGE_CURVE('',#15154,#15163,#15168,.T.);
#15170=ORIENTED_EDGE('',*,*,#15169,.T.);
#15171=CARTESIAN_POINT('',(41.197444465,21.564335593,1.));
#15172=DIRECTION('',(-0.,-0.,-1.));
#15173=DIRECTION('',(0.5,-0.866025404,0.));
#15174=AXIS2_PLACEMENT_3D('',#15171,#15172,#15173);
#15175=CIRCLE('',#15174,0.5);
#15176=EDGE_CURVE('',#15163,#14964,#15175,.T.);
#15177=ORIENTED_EDGE('',*,*,#15176,.T.);
#15178=ORIENTED_EDGE('',*,*,#14969,.T.);
#15179=EDGE_LOOP('',(#15135,#15144,#15151,#15152,#15161,#15170,#15177,#15178));
#15180=FACE_BOUND('',#15179,.T.);
#15181=ADVANCED_FACE('',(#15180),#15126,.F.);
#15182=CARTESIAN_POINT('',(39.273984672,24.895865681,13.));
#15183=DIRECTION('',(0.,0.,-1.));
#15184=DIRECTION('',(-0.5,0.866025404,0.));
#15185=AXIS2_PLACEMENT_3D('',#15182,#15183,#15184);
#15186=CYLINDRICAL_SURFACE('',#15185,0.5);
#15187=CARTESIAN_POINT('',(39.023991282,25.328866907,1.000559165));
#15188=VERTEX_POINT('',#15187);
#15189=CARTESIAN_POINT('',(39.023991282,25.328866907,12.999440835));
#15190=VERTEX_POINT('',#15189);
#15191=CARTESIAN_POINT('',(39.023984672,25.328878382,1.000559165));
#15192=DIRECTION('',(-0.,-0.,1.));
#15193=VECTOR('',#15192,11.99888167);
#15194=LINE('',#15191,#15193);
#15195=EDGE_CURVE('',#15188,#15190,#15194,.T.);
#15196=ORIENTED_EDGE('',*,*,#15195,.T.);
#15197=CARTESIAN_POINT('',(39.696285582,25.163563161,12.5));
#15198=CARTESIAN_POINT('',(39.665869346,25.211545699,12.556506703));
#15199=CARTESIAN_POINT('',(39.627932394,25.253836878,12.612239113));
#15200=CARTESIAN_POINT('',(39.581872673,25.289826315,12.667054059));
#15201=CARTESIAN_POINT('',(39.535812951,25.325815752,12.721869005));
#15202=CARTESIAN_POINT('',(39.483275131,25.354388653,12.773952802));
#15203=CARTESIAN_POINT('',(39.422540262,25.373287126,12.822374902));
#15204=CARTESIAN_POINT('',(39.361805392,25.392185599,12.870797003));
#15205=CARTESIAN_POINT('',(39.293707164,25.400798304,12.914603145));
#15206=CARTESIAN_POINT('',(39.221002809,25.393050679,12.947220808));
#15207=CARTESIAN_POINT('',(39.148298454,25.385303053,12.979838471));
#15208=CARTESIAN_POINT('',(39.072073051,25.360374491,13.));
#15209=CARTESIAN_POINT('',(39.004020625,25.316721254,13.));
#15210=B_SPLINE_CURVE_WITH_KNOTS('',3,(#15197,#15198,#15199,#15200,#15201,#15202,#15203,#15204,#15205,#15206,#15207,#15208,#15209),.UNSPECIFIED.,.F.,.F.,(4,3,3,3,4),(0.,0.000238356,0.000476713,0.000715069,0.000953425),.UNSPECIFIED.);
#15211=EDGE_CURVE('',#14986,#15190,#15210,.T.);
#15212=ORIENTED_EDGE('',*,*,#15211,.F.);
#15213=ORIENTED_EDGE('',*,*,#15017,.F.);
#15214=CARTESIAN_POINT('',(39.004020625,25.316721254,1.));
#15215=CARTESIAN_POINT('',(39.072073051,25.360374491,1.));
#15216=CARTESIAN_POINT('',(39.148298454,25.385303053,1.020161529));
#15217=CARTESIAN_POINT('',(39.221002809,25.393050679,1.052779192));
#15218=CARTESIAN_POINT('',(39.293707164,25.400798304,1.085396855));
#15219=CARTESIAN_POINT('',(39.361805392,25.392185599,1.129202997));
#15220=CARTESIAN_POINT('',(39.422540262,25.373287126,1.177625098));
#15221=CARTESIAN_POINT('',(39.483275131,25.354388653,1.226047198));
#15222=CARTESIAN_POINT('',(39.535812951,25.325815752,1.278130995));
#15223=CARTESIAN_POINT('',(39.581872673,25.289826315,1.332945941));
#15224=CARTESIAN_POINT('',(39.627932394,25.253836878,1.387760887));
#15225=CARTESIAN_POINT('',(39.665869957,25.211544734,1.443492149));
#15226=CARTESIAN_POINT('',(39.696285582,25.163563161,1.5));
#15227=B_SPLINE_CURVE_WITH_KNOTS('',3,(#15214,#15215,#15216,#15217,#15218,#15219,#15220,#15221,#15222,#15223,#15224,#15225,#15226),.UNSPECIFIED.,.F.,.F.,(4,3,3,3,4),(0.,0.000238356,0.000476713,0.000715069,0.000953425),.UNSPECIFIED.);
#15228=EDGE_CURVE('',#15188,#15005,#15227,.T.);
#15229=ORIENTED_EDGE('',*,*,#15228,.F.);
#15230=EDGE_LOOP('',(#15196,#15212,#15213,#15229));
#15231=FACE_BOUND('',#15230,.T.);
#15232=ADVANCED_FACE('',(#15231),#15186,.T.);
#15233=CARTESIAN_POINT('',(-0.,-0.,12.5));
#15234=DIRECTION('',(0.,0.,1.));
#15235=DIRECTION('',(0.5,-0.866025404,0.));
#15236=AXIS2_PLACEMENT_3D('',#15233,#15234,#15235);
#15237=TOROIDAL_SURFACE('',#15236,46.5,0.5);
#15238=ORIENTED_EDGE('',*,*,#15211,.T.);
#15239=CARTESIAN_POINT('',(39.696285582,25.163563161,12.5));
#15240=CARTESIAN_POINT('',(39.665869346,25.211545699,12.556506703));
#15241=CARTESIAN_POINT('',(39.627932394,25.253836878,12.612239113));
#15242=CARTESIAN_POINT('',(39.581872673,25.289826315,12.667054059));
#15243=CARTESIAN_POINT('',(39.535812951,25.325815752,12.721869005));
#15244=CARTESIAN_POINT('',(39.483275131,25.354388653,12.773952802));
#15245=CARTESIAN_POINT('',(39.422540262,25.373287126,12.822374902));
#15246=CARTESIAN_POINT('',(39.361805392,25.392185599,12.870797003));
#15247=CARTESIAN_POINT('',(39.293707164,25.400798304,12.914603145));
#15248=CARTESIAN_POINT('',(39.221002809,25.393050679,12.947220808));
#15249=CARTESIAN_POINT('',(39.148298454,25.385303053,12.979838471));
#15250=CARTESIAN_POINT('',(39.072073051,25.360374491,13.));
#15251=CARTESIAN_POINT('',(39.004020625,25.316721254,13.));
#15252=B_SPLINE_CURVE_WITH_KNOTS('',3,(#15239,#15240,#15241,#15242,#15243,#15244,#15245,#15246,#15247,#15248,#15249,#15250,#15251),.UNSPECIFIED.,.F.,.F.,(4,3,3,3,4),(0.,0.000238356,0.000476713,0.000715069,0.000953425),.UNSPECIFIED.);
#15253=EDGE_CURVE('',#15190,#15103,#15252,.T.);
#15254=ORIENTED_EDGE('',*,*,#15253,.T.);
#15255=ORIENTED_EDGE('',*,*,#15109,.F.);
#15256=CARTESIAN_POINT('',(41.640427738,21.79621017,12.5));
#15257=CARTESIAN_POINT('',(41.666773187,21.745878679,12.556507851));
#15258=CARTESIAN_POINT('',(41.684430476,21.691877714,12.612239113));
#15259=CARTESIAN_POINT('',(41.692568382,21.633994106,12.667054059));
#15260=CARTESIAN_POINT('',(41.700706288,21.576110499,12.721869005));
#15261=CARTESIAN_POINT('',(41.699182237,21.516324962,12.773952802));
#15262=CARTESIAN_POINT('',(41.68518136,21.454277785,12.822374902));
#15263=CARTESIAN_POINT('',(41.671180483,21.392230609,12.870797003));
#15264=CARTESIAN_POINT('',(41.64459019,21.328949461,12.914603145));
#15265=CARTESIAN_POINT('',(41.601528372,21.269859455,12.947220808));
#15266=CARTESIAN_POINT('',(41.558466553,21.21076945,12.979838471));
#15267=CARTESIAN_POINT('',(41.498765084,21.157220595,13.));
#15268=CARTESIAN_POINT('',(41.426934059,21.120112084,13.));
#15269=B_SPLINE_CURVE_WITH_KNOTS('',3,(#15256,#15257,#15258,#15259,#15260,#15261,#15262,#15263,#15264,#15265,#15266,#15267,#15268),.UNSPECIFIED.,.F.,.F.,(4,3,3,3,4),(0.,0.000238356,0.000476713,0.000715069,0.000953425),.UNSPECIFIED.);
#15270=EDGE_CURVE('',#14988,#15094,#15269,.T.);
#15271=ORIENTED_EDGE('',*,*,#15270,.F.);
#15272=ORIENTED_EDGE('',*,*,#14994,.F.);
#15273=EDGE_LOOP('',(#15238,#15254,#15255,#15271,#15272));
#15274=FACE_BOUND('',#15273,.T.);
#15275=ADVANCED_FACE('',(#15274),#15237,.T.);
#15276=CARTESIAN_POINT('',(-0.,-0.,1.5));
#15277=DIRECTION('',(0.,0.,1.));
#15278=DIRECTION('',(0.5,-0.866025404,0.));
#15279=AXIS2_PLACEMENT_3D('',#15276,#15277,#15278);
#15280=TOROIDAL_SURFACE('',#15279,46.5,0.5);
#15281=CARTESIAN_POINT('',(39.004020625,25.316721254,1.));
#15282=CARTESIAN_POINT('',(39.072073051,25.360374491,1.));
#15283=CARTESIAN_POINT('',(39.148298454,25.385303053,1.020161529));
#15284=CARTESIAN_POINT('',(39.221002809,25.393050679,1.052779192));
#15285=CARTESIAN_POINT('',(39.293707164,25.400798304,1.085396855));
#15286=CARTESIAN_POINT('',(39.361805392,25.392185599,1.129202997));
#15287=CARTESIAN_POINT('',(39.422540262,25.373287126,1.177625098));
#15288=CARTESIAN_POINT('',(39.483275131,25.354388653,1.226047198));
#15289=CARTESIAN_POINT('',(39.535812951,25.325815752,1.278130995));
#15290=CARTESIAN_POINT('',(39.581872673,25.289826315,1.332945941));
#15291=CARTESIAN_POINT('',(39.627932394,25.253836878,1.387760887));
#15292=CARTESIAN_POINT('',(39.665869957,25.211544734,1.443492149));
#15293=CARTESIAN_POINT('',(39.696285582,25.163563161,1.5));
#15294=B_SPLINE_CURVE_WITH_KNOTS('',3,(#15281,#15282,#15283,#15284,#15285,#15286,#15287,#15288,#15289,#15290,#15291,#15292,#15293),.UNSPECIFIED.,.F.,.F.,(4,3,3,3,4),(0.,0.000238356,0.000476713,0.000715069,0.000953425),.UNSPECIFIED.);
#15295=EDGE_CURVE('',#15154,#15188,#15294,.T.);
#15296=ORIENTED_EDGE('',*,*,#15295,.T.);
#15297=ORIENTED_EDGE('',*,*,#15228,.T.);
#15298=ORIENTED_EDGE('',*,*,#15011,.F.);
#15299=CARTESIAN_POINT('',(41.426934059,21.120112084,1.));
#15300=CARTESIAN_POINT('',(41.498765084,21.157220595,1.));
#15301=CARTESIAN_POINT('',(41.558466553,21.21076945,1.020161529));
#15302=CARTESIAN_POINT('',(41.601528372,21.269859455,1.052779192));
#15303=CARTESIAN_POINT('',(41.64459019,21.328949461,1.085396855));
#15304=CARTESIAN_POINT('',(41.671180483,21.392230609,1.129202997));
#15305=CARTESIAN_POINT('',(41.68518136,21.454277785,1.177625098));
#15306=CARTESIAN_POINT('',(41.699182237,21.516324962,1.226047198));
#15307=CARTESIAN_POINT('',(41.700706288,21.576110499,1.278130995));
#15308=CARTESIAN_POINT('',(41.692568382,21.633994106,1.332945941));
#15309=CARTESIAN_POINT('',(41.684430476,21.691877714,1.387760887));
#15310=CARTESIAN_POINT('',(41.666773717,21.745877667,1.443493297));
#15311=CARTESIAN_POINT('',(41.640427738,21.79621017,1.5));
#15312=B_SPLINE_CURVE_WITH_KNOTS('',3,(#15299,#15300,#15301,#15302,#15303,#15304,#15305,#15306,#15307,#15308,#15309,#15310,#15311),.UNSPECIFIED.,.F.,.F.,(4,3,3,3,4),(0.,0.000238356,0.000476713,0.000715069,0.000953425),.UNSPECIFIED.);
#15313=EDGE_CURVE('',#15163,#14997,#15312,.T.);
#15314=ORIENTED_EDGE('',*,*,#15313,.F.);
#15315=ORIENTED_EDGE('',*,*,#15169,.F.);
#15316=EDGE_LOOP('',(#15296,#15297,#15298,#15314,#15315));
#15317=FACE_BOUND('',#15316,.T.);
#15318=ADVANCED_FACE('',(#15317),#15280,.T.);
#15319=CARTESIAN_POINT('',(41.197444465,21.564335593,13.));
#15320=DIRECTION('',(0.,0.,-1.));
#15321=DIRECTION('',(-0.5,0.866025404,0.));
#15322=AXIS2_PLACEMENT_3D('',#15319,#15320,#15321);
#15323=CYLINDRICAL_SURFACE('',#15322,0.5);
#15324=ORIENTED_EDGE('',*,*,#15100,.F.);
#15325=ORIENTED_EDGE('',*,*,#14975,.F.);
#15326=ORIENTED_EDGE('',*,*,#15176,.F.);
#15327=ORIENTED_EDGE('',*,*,#15313,.T.);
#15328=ORIENTED_EDGE('',*,*,#15002,.F.);
#15329=ORIENTED_EDGE('',*,*,#15270,.T.);
#15330=EDGE_LOOP('',(#15324,#15325,#15326,#15327,#15328,#15329));
#15331=FACE_BOUND('',#15330,.T.);
#15332=ADVANCED_FACE('',(#15331),#15323,.T.);
#15333=CARTESIAN_POINT('',(34.549176593,31.122408054,13.));
#15334=DIRECTION('',(0.653312454,-0.757088395,0.));
#15335=DIRECTION('',(0.757088395,0.653312454,0.));
#15336=AXIS2_PLACEMENT_3D('',#15333,#15334,#15335);
#15337=PLANE('',#15336);
#15338=CARTESIAN_POINT('',(34.539071066,31.113687716,13.));
#15339=VERTEX_POINT('',#15338);
#15340=CARTESIAN_POINT('',(34.401851587,30.995277243,13.));
#15341=VERTEX_POINT('',#15340);
#15342=CARTESIAN_POINT('',(34.539071066,31.113687716,13.));
#15343=DIRECTION('',(-0.757088395,-0.653312454,0.));
#15344=VECTOR('',#15343,0.181246312);
#15345=LINE('',#15342,#15344);
#15346=EDGE_CURVE('',#15339,#15341,#15345,.T.);
#15347=ORIENTED_EDGE('',*,*,#15346,.T.);
#15348=CARTESIAN_POINT('',(34.401851587,30.995277243,1.));
#15349=VERTEX_POINT('',#15348);
#15350=CARTESIAN_POINT('',(34.401851587,30.995277243,13.));
#15351=DIRECTION('',(0.,0.,-1.));
#15352=VECTOR('',#15351,12.);
#15353=LINE('',#15350,#15352);
#15354=EDGE_CURVE('',#15341,#15349,#15353,.T.);
#15355=ORIENTED_EDGE('',*,*,#15354,.T.);
#15356=CARTESIAN_POINT('',(34.539071066,31.113687716,1.));
#15357=VERTEX_POINT('',#15356);
#15358=CARTESIAN_POINT('',(34.539071066,31.113687716,1.));
#15359=DIRECTION('',(-0.757088395,-0.653312454,0.));
#15360=VECTOR('',#15359,0.181246312);
#15361=LINE('',#15358,#15360);
#15362=EDGE_CURVE('',#15357,#15349,#15361,.T.);
#15363=ORIENTED_EDGE('',*,*,#15362,.F.);
#15364=CARTESIAN_POINT('',(34.539071066,31.113687716,1.));
#15365=DIRECTION('',(0.,0.,1.));
#15366=VECTOR('',#15365,12.);
#15367=LINE('',#15364,#15366);
#15368=EDGE_CURVE('',#15357,#15339,#15367,.T.);
#15369=ORIENTED_EDGE('',*,*,#15368,.T.);
#15370=EDGE_LOOP('',(#15347,#15355,#15363,#15369));
#15371=FACE_BOUND('',#15370,.T.);
#15372=ADVANCED_FACE('',(#15371),#15337,.T.);
#15373=CARTESIAN_POINT('',(-0.,-0.,13.));
#15374=DIRECTION('',(0.,0.,-1.));
#15375=DIRECTION('',(-0.707106781,0.707106781,0.));
#15376=AXIS2_PLACEMENT_3D('',#15373,#15374,#15375);
#15377=CYLINDRICAL_SURFACE('',#15376,47.);
#15378=CARTESIAN_POINT('',(31.830858063,34.580290267,12.5));
#15379=VERTEX_POINT('',#15378);
#15380=CARTESIAN_POINT('',(34.580290267,31.830858063,12.5));
#15381=VERTEX_POINT('',#15380);
#15382=CARTESIAN_POINT('',(-0.,-0.,12.5));
#15383=DIRECTION('',(-0.,-0.,-1.));
#15384=DIRECTION('',(0.707106781,-0.707106781,0.));
#15385=AXIS2_PLACEMENT_3D('',#15382,#15383,#15384);
#15386=CIRCLE('',#15385,47.);
#15387=EDGE_CURVE('',#15379,#15381,#15386,.T.);
#15388=ORIENTED_EDGE('',*,*,#15387,.T.);
#15389=CARTESIAN_POINT('',(34.580290267,31.830858063,1.5));
#15390=VERTEX_POINT('',#15389);
#15391=CARTESIAN_POINT('',(34.580290267,31.830858063,12.5));
#15392=DIRECTION('',(0.,0.,-1.));
#15393=VECTOR('',#15392,11.);
#15394=LINE('',#15391,#15393);
#15395=EDGE_CURVE('',#15381,#15390,#15394,.T.);
#15396=ORIENTED_EDGE('',*,*,#15395,.T.);
#15397=CARTESIAN_POINT('',(31.830858063,34.580290267,1.5));
#15398=VERTEX_POINT('',#15397);
#15399=CARTESIAN_POINT('',(-0.,-0.,1.5));
#15400=DIRECTION('',(0.,0.,1.));
#15401=DIRECTION('',(0.707106781,-0.707106781,0.));
#15402=AXIS2_PLACEMENT_3D('',#15399,#15400,#15401);
#15403=CIRCLE('',#15402,47.);
#15404=EDGE_CURVE('',#15390,#15398,#15403,.T.);
#15405=ORIENTED_EDGE('',*,*,#15404,.T.);
#15406=CARTESIAN_POINT('',(31.830858063,34.580290267,1.5));
#15407=DIRECTION('',(-0.,-0.,1.));
#15408=VECTOR('',#15407,11.);
#15409=LINE('',#15406,#15408);
#15410=EDGE_CURVE('',#15398,#15379,#15409,.T.);
#15411=ORIENTED_EDGE('',*,*,#15410,.T.);
#15412=EDGE_LOOP('',(#15388,#15396,#15405,#15411));
#15413=FACE_BOUND('',#15412,.T.);
#15414=ADVANCED_FACE('',(#15413),#15377,.T.);
#15415=CARTESIAN_POINT('',(31.122408054,34.549176593,13.));
#15416=DIRECTION('',(0.757088395,-0.653312454,0.));
#15417=DIRECTION('',(0.653312454,0.757088395,0.));
#15418=AXIS2_PLACEMENT_3D('',#15415,#15416,#15417);
#15419=PLANE('',#15418);
#15420=CARTESIAN_POINT('',(31.113687716,34.539071066,1.));
#15421=VERTEX_POINT('',#15420);
#15422=CARTESIAN_POINT('',(30.995277243,34.401851587,1.));
#15423=VERTEX_POINT('',#15422);
#15424=CARTESIAN_POINT('',(31.113687716,34.539071066,1.));
#15425=DIRECTION('',(-0.653312454,-0.757088395,0.));
#15426=VECTOR('',#15425,0.181246312);
#15427=LINE('',#15424,#15426);
#15428=EDGE_CURVE('',#15421,#15423,#15427,.T.);
#15429=ORIENTED_EDGE('',*,*,#15428,.T.);
#15430=CARTESIAN_POINT('',(30.995277243,34.401851587,13.));
#15431=VERTEX_POINT('',#15430);
#15432=CARTESIAN_POINT('',(30.995277243,34.401851587,1.));
#15433=DIRECTION('',(0.,0.,1.));
#15434=VECTOR('',#15433,12.);
#15435=LINE('',#15432,#15434);
#15436=EDGE_CURVE('',#15423,#15431,#15435,.T.);
#15437=ORIENTED_EDGE('',*,*,#15436,.T.);
#15438=CARTESIAN_POINT('',(31.113687716,34.539071066,13.));
#15439=VERTEX_POINT('',#15438);
#15440=CARTESIAN_POINT('',(31.113687716,34.539071066,13.));
#15441=DIRECTION('',(-0.653312454,-0.757088395,0.));
#15442=VECTOR('',#15441,0.181246312);
#15443=LINE('',#15440,#15442);
#15444=EDGE_CURVE('',#15439,#15431,#15443,.T.);
#15445=ORIENTED_EDGE('',*,*,#15444,.F.);
#15446=CARTESIAN_POINT('',(31.113687716,34.539071066,13.));
#15447=DIRECTION('',(0.,0.,-1.));
#15448=VECTOR('',#15447,12.);
#15449=LINE('',#15446,#15448);
#15450=EDGE_CURVE('',#15439,#15421,#15449,.T.);
#15451=ORIENTED_EDGE('',*,*,#15450,.T.);
#15452=EDGE_LOOP('',(#15429,#15437,#15445,#15451));
#15453=FACE_BOUND('',#15452,.T.);
#15454=ADVANCED_FACE('',(#15453),#15419,.F.);
#15455=CARTESIAN_POINT('',(0.,0.,13.));
#15456=DIRECTION('',(0.,0.,1.));
#15457=DIRECTION('',(0.707106781,-0.707106781,0.));
#15458=AXIS2_PLACEMENT_3D('',#15455,#15456,#15457);
#15459=PLANE('',#15458);
#15460=CARTESIAN_POINT('',(30.991679772,34.397758429,13.));
#15461=VERTEX_POINT('',#15460);
#15462=CARTESIAN_POINT('',(30.768150725,34.597845323,13.));
#15463=DIRECTION('',(-0.,-0.,-1.));
#15464=DIRECTION('',(1.,0.,-0.));
#15465=AXIS2_PLACEMENT_3D('',#15462,#15463,#15464);
#15466=CIRCLE('',#15465,0.3);
#15467=EDGE_CURVE('',#15431,#15461,#15466,.T.);
#15468=ORIENTED_EDGE('',*,*,#15467,.T.);
#15469=CARTESIAN_POINT('',(34.397758429,30.991679772,13.));
#15470=VERTEX_POINT('',#15469);
#15471=CARTESIAN_POINT('',(0.,0.,13.));
#15472=DIRECTION('',(-0.,-0.,-1.));
#15473=DIRECTION('',(1.,0.,-0.));
#15474=AXIS2_PLACEMENT_3D('',#15471,#15472,#15473);
#15475=CIRCLE('',#15474,46.3);
#15476=EDGE_CURVE('',#15461,#15470,#15475,.T.);
#15477=ORIENTED_EDGE('',*,*,#15476,.T.);
#15478=CARTESIAN_POINT('',(34.597845323,30.768150725,13.));
#15479=DIRECTION('',(-0.,-0.,-1.));
#15480=DIRECTION('',(1.,0.,-0.));
#15481=AXIS2_PLACEMENT_3D('',#15478,#15479,#15480);
#15482=CIRCLE('',#15481,0.3);
#15483=EDGE_CURVE('',#15470,#15341,#15482,.T.);
#15484=ORIENTED_EDGE('',*,*,#15483,.T.);
#15485=ORIENTED_EDGE('',*,*,#15346,.F.);
#15486=CARTESIAN_POINT('',(34.54905827,31.122541231,13.));
#15487=VERTEX_POINT('',#15486);
#15488=CARTESIAN_POINT('',(34.212414839,31.492231913,13.));
#15489=DIRECTION('',(0.,0.,1.));
#15490=DIRECTION('',(0.707106781,-0.707106781,0.));
#15491=AXIS2_PLACEMENT_3D('',#15488,#15489,#15490);
#15492=CIRCLE('',#15491,0.5);
#15493=EDGE_CURVE('',#15339,#15487,#15492,.T.);
#15494=ORIENTED_EDGE('',*,*,#15493,.T.);
#15495=CARTESIAN_POINT('',(31.122541231,34.54905827,13.));
#15496=VERTEX_POINT('',#15495);
#15497=CARTESIAN_POINT('',(-0.,-0.,13.));
#15498=DIRECTION('',(0.,0.,1.));
#15499=DIRECTION('',(0.707106781,-0.707106781,0.));
#15500=AXIS2_PLACEMENT_3D('',#15497,#15498,#15499);
#15501=CIRCLE('',#15500,46.5);
#15502=EDGE_CURVE('',#15487,#15496,#15501,.T.);
#15503=ORIENTED_EDGE('',*,*,#15502,.T.);
#15504=CARTESIAN_POINT('',(31.492231913,34.212414839,13.));
#15505=DIRECTION('',(0.,0.,1.));
#15506=DIRECTION('',(0.707106781,-0.707106781,0.));
#15507=AXIS2_PLACEMENT_3D('',#15504,#15505,#15506);
#15508=CIRCLE('',#15507,0.5);
#15509=EDGE_CURVE('',#15496,#15439,#15508,.T.);
#15510=ORIENTED_EDGE('',*,*,#15509,.T.);
#15511=ORIENTED_EDGE('',*,*,#15444,.T.);
#15512=EDGE_LOOP('',(#15468,#15477,#15484,#15485,#15494,#15503,#15510,#15511));
#15513=FACE_BOUND('',#15512,.T.);
#15514=ADVANCED_FACE('',(#15513),#15459,.T.);
#15515=CARTESIAN_POINT('',(0.,0.,1.));
#15516=DIRECTION('',(0.,0.,1.));
#15517=DIRECTION('',(0.707106781,-0.707106781,0.));
#15518=AXIS2_PLACEMENT_3D('',#15515,#15516,#15517);
#15519=PLANE('',#15518);
#15520=CARTESIAN_POINT('',(34.397758429,30.991679772,1.));
#15521=VERTEX_POINT('',#15520);
#15522=CARTESIAN_POINT('',(34.597845323,30.768150725,1.));
#15523=DIRECTION('',(0.,0.,1.));
#15524=DIRECTION('',(1.,0.,-0.));
#15525=AXIS2_PLACEMENT_3D('',#15522,#15523,#15524);
#15526=CIRCLE('',#15525,0.3);
#15527=EDGE_CURVE('',#15349,#15521,#15526,.T.);
#15528=ORIENTED_EDGE('',*,*,#15527,.T.);
#15529=CARTESIAN_POINT('',(30.991679772,34.397758429,1.));
#15530=VERTEX_POINT('',#15529);
#15531=CARTESIAN_POINT('',(0.,0.,1.));
#15532=DIRECTION('',(0.,0.,1.));
#15533=DIRECTION('',(1.,0.,-0.));
#15534=AXIS2_PLACEMENT_3D('',#15531,#15532,#15533);
#15535=CIRCLE('',#15534,46.3);
#15536=EDGE_CURVE('',#15521,#15530,#15535,.T.);
#15537=ORIENTED_EDGE('',*,*,#15536,.T.);
#15538=CARTESIAN_POINT('',(30.768150725,34.597845323,1.));
#15539=DIRECTION('',(0.,0.,1.));
#15540=DIRECTION('',(1.,0.,-0.));
#15541=AXIS2_PLACEMENT_3D('',#15538,#15539,#15540);
#15542=CIRCLE('',#15541,0.3);
#15543=EDGE_CURVE('',#15530,#15423,#15542,.T.);
#15544=ORIENTED_EDGE('',*,*,#15543,.T.);
#15545=ORIENTED_EDGE('',*,*,#15428,.F.);
#15546=CARTESIAN_POINT('',(31.122541231,34.54905827,1.));
#15547=VERTEX_POINT('',#15546);
#15548=CARTESIAN_POINT('',(31.492231913,34.212414839,1.));
#15549=DIRECTION('',(-0.,-0.,-1.));
#15550=DIRECTION('',(0.707106781,-0.707106781,0.));
#15551=AXIS2_PLACEMENT_3D('',#15548,#15549,#15550);
#15552=CIRCLE('',#15551,0.5);
#15553=EDGE_CURVE('',#15421,#15547,#15552,.T.);
#15554=ORIENTED_EDGE('',*,*,#15553,.T.);
#15555=CARTESIAN_POINT('',(34.54905827,31.122541231,1.));
#15556=VERTEX_POINT('',#15555);
#15557=CARTESIAN_POINT('',(-0.,-0.,1.));
#15558=DIRECTION('',(-0.,-0.,-1.));
#15559=DIRECTION('',(0.707106781,-0.707106781,0.));
#15560=AXIS2_PLACEMENT_3D('',#15557,#15558,#15559);
#15561=CIRCLE('',#15560,46.5);
#15562=EDGE_CURVE('',#15547,#15556,#15561,.T.);
#15563=ORIENTED_EDGE('',*,*,#15562,.T.);
#15564=CARTESIAN_POINT('',(34.212414839,31.492231913,1.));
#15565=DIRECTION('',(-0.,-0.,-1.));
#15566=DIRECTION('',(0.707106781,-0.707106781,0.));
#15567=AXIS2_PLACEMENT_3D('',#15564,#15565,#15566);
#15568=CIRCLE('',#15567,0.5);
#15569=EDGE_CURVE('',#15556,#15357,#15568,.T.);
#15570=ORIENTED_EDGE('',*,*,#15569,.T.);
#15571=ORIENTED_EDGE('',*,*,#15362,.T.);
#15572=EDGE_LOOP('',(#15528,#15537,#15544,#15545,#15554,#15563,#15570,#15571));
#15573=FACE_BOUND('',#15572,.T.);
#15574=ADVANCED_FACE('',(#15573),#15519,.F.);
#15575=CARTESIAN_POINT('',(31.492231913,34.212414839,13.));
#15576=DIRECTION('',(0.,0.,-1.));
#15577=DIRECTION('',(-0.707106781,0.707106781,0.));
#15578=AXIS2_PLACEMENT_3D('',#15575,#15576,#15577);
#15579=CYLINDRICAL_SURFACE('',#15578,0.5);
#15580=CARTESIAN_POINT('',(31.138687878,34.565958855,1.000559165));
#15581=VERTEX_POINT('',#15580);
#15582=CARTESIAN_POINT('',(31.138687878,34.565958855,12.999440835));
#15583=VERTEX_POINT('',#15582);
#15584=CARTESIAN_POINT('',(31.138678523,34.565968229,1.000559165));
#15585=DIRECTION('',(-0.,-0.,1.));
#15586=VECTOR('',#15585,11.99888167);
#15587=LINE('',#15584,#15586);
#15588=EDGE_CURVE('',#15581,#15583,#15587,.T.);
#15589=ORIENTED_EDGE('',*,*,#15588,.T.);
#15590=CARTESIAN_POINT('',(31.830858063,34.580290267,12.5));
#15591=CARTESIAN_POINT('',(31.78905944,34.618765538,12.556506703));
#15592=CARTESIAN_POINT('',(31.741469396,34.649796875,12.612239113));
#15593=CARTESIAN_POINT('',(31.68766437,34.672638868,12.667054059));
#15594=CARTESIAN_POINT('',(31.633859343,34.695480862,12.721869005));
#15595=CARTESIAN_POINT('',(31.575716495,34.709482377,12.773952802));
#15596=CARTESIAN_POINT('',(31.512159832,34.712017559,12.822374902));
#15597=CARTESIAN_POINT('',(31.448603168,34.714552741,12.870797003));
#15598=CARTESIAN_POINT('',(31.380596199,34.705246857,12.914603145));
#15599=CARTESIAN_POINT('',(31.312374417,34.678945954,12.947220808));
#15600=CARTESIAN_POINT('',(31.244152636,34.65264505,12.979838471));
#15601=CARTESIAN_POINT('',(31.176976537,34.608837322,13.));
#15602=CARTESIAN_POINT('',(31.122541231,34.54905827,13.));
#15603=B_SPLINE_CURVE_WITH_KNOTS('',3,(#15590,#15591,#15592,#15593,#15594,#15595,#15596,#15597,#15598,#15599,#15600,#15601,#15602),.UNSPECIFIED.,.F.,.F.,(4,3,3,3,4),(0.,0.000238356,0.000476713,0.000715069,0.000953425),.UNSPECIFIED.);
#15604=EDGE_CURVE('',#15379,#15583,#15603,.T.);
#15605=ORIENTED_EDGE('',*,*,#15604,.F.);
#15606=ORIENTED_EDGE('',*,*,#15410,.F.);
#15607=CARTESIAN_POINT('',(31.122541231,34.54905827,1.));
#15608=CARTESIAN_POINT('',(31.176976537,34.608837322,1.));
#15609=CARTESIAN_POINT('',(31.244152636,34.65264505,1.020161529));
#15610=CARTESIAN_POINT('',(31.312374417,34.678945954,1.052779192));
#15611=CARTESIAN_POINT('',(31.380596199,34.705246857,1.085396855));
#15612=CARTESIAN_POINT('',(31.448603168,34.714552741,1.129202997));
#15613=CARTESIAN_POINT('',(31.512159832,34.712017559,1.177625098));
#15614=CARTESIAN_POINT('',(31.575716495,34.709482377,1.226047198));
#15615=CARTESIAN_POINT('',(31.633859343,34.695480862,1.278130995));
#15616=CARTESIAN_POINT('',(31.68766437,34.672638868,1.332945941));
#15617=CARTESIAN_POINT('',(31.741469396,34.649796875,1.387760887));
#15618=CARTESIAN_POINT('',(31.78906028,34.618764765,1.443492149));
#15619=CARTESIAN_POINT('',(31.830858063,34.580290267,1.5));
#15620=B_SPLINE_CURVE_WITH_KNOTS('',3,(#15607,#15608,#15609,#15610,#15611,#15612,#15613,#15614,#15615,#15616,#15617,#15618,#15619),.UNSPECIFIED.,.F.,.F.,(4,3,3,3,4),(0.,0.000238356,0.000476713,0.000715069,0.000953425),.UNSPECIFIED.);
#15621=EDGE_CURVE('',#15581,#15398,#15620,.T.);
#15622=ORIENTED_EDGE('',*,*,#15621,.F.);
#15623=EDGE_LOOP('',(#15589,#15605,#15606,#15622));
#15624=FACE_BOUND('',#15623,.T.);
#15625=ADVANCED_FACE('',(#15624),#15579,.T.);
#15626=CARTESIAN_POINT('',(-0.,-0.,12.5));
#15627=DIRECTION('',(0.,0.,1.));
#15628=DIRECTION('',(0.707106781,-0.707106781,0.));
#15629=AXIS2_PLACEMENT_3D('',#15626,#15627,#15628);
#15630=TOROIDAL_SURFACE('',#15629,46.5,0.5);
#15631=ORIENTED_EDGE('',*,*,#15604,.T.);
#15632=CARTESIAN_POINT('',(31.830858063,34.580290267,12.5));
#15633=CARTESIAN_POINT('',(31.78905944,34.618765538,12.556506703));
#15634=CARTESIAN_POINT('',(31.741469396,34.649796875,12.612239113));
#15635=CARTESIAN_POINT('',(31.68766437,34.672638868,12.667054059));
#15636=CARTESIAN_POINT('',(31.633859343,34.695480862,12.721869005));
#15637=CARTESIAN_POINT('',(31.575716495,34.709482377,12.773952802));
#15638=CARTESIAN_POINT('',(31.512159832,34.712017559,12.822374902));
#15639=CARTESIAN_POINT('',(31.448603168,34.714552741,12.870797003));
#15640=CARTESIAN_POINT('',(31.380596199,34.705246857,12.914603145));
#15641=CARTESIAN_POINT('',(31.312374417,34.678945954,12.947220808));
#15642=CARTESIAN_POINT('',(31.244152636,34.65264505,12.979838471));
#15643=CARTESIAN_POINT('',(31.176976537,34.608837322,13.));
#15644=CARTESIAN_POINT('',(31.122541231,34.54905827,13.));
#15645=B_SPLINE_CURVE_WITH_KNOTS('',3,(#15632,#15633,#15634,#15635,#15636,#15637,#15638,#15639,#15640,#15641,#15642,#15643,#15644),.UNSPECIFIED.,.F.,.F.,(4,3,3,3,4),(0.,0.000238356,0.000476713,0.000715069,0.000953425),.UNSPECIFIED.);
#15646=EDGE_CURVE('',#15583,#15496,#15645,.T.);
#15647=ORIENTED_EDGE('',*,*,#15646,.T.);
#15648=ORIENTED_EDGE('',*,*,#15502,.F.);
#15649=CARTESIAN_POINT('',(34.580290267,31.830858063,12.5));
#15650=CARTESIAN_POINT('',(34.618764765,31.78906028,12.556507851));
#15651=CARTESIAN_POINT('',(34.649796875,31.741469396,12.612239113));
#15652=CARTESIAN_POINT('',(34.672638868,31.68766437,12.667054059));
#15653=CARTESIAN_POINT('',(34.695480862,31.633859343,12.721869005));
#15654=CARTESIAN_POINT('',(34.709482377,31.575716495,12.773952802));
#15655=CARTESIAN_POINT('',(34.712017559,31.512159832,12.822374902));
#15656=CARTESIAN_POINT('',(34.714552741,31.448603168,12.870797003));
#15657=CARTESIAN_POINT('',(34.705246857,31.380596199,12.914603145));
#15658=CARTESIAN_POINT('',(34.678945954,31.312374417,12.947220808));
#15659=CARTESIAN_POINT('',(34.65264505,31.244152636,12.979838471));
#15660=CARTESIAN_POINT('',(34.608837322,31.176976537,13.));
#15661=CARTESIAN_POINT('',(34.54905827,31.122541231,13.));
#15662=B_SPLINE_CURVE_WITH_KNOTS('',3,(#15649,#15650,#15651,#15652,#15653,#15654,#15655,#15656,#15657,#15658,#15659,#15660,#15661),.UNSPECIFIED.,.F.,.F.,(4,3,3,3,4),(0.,0.000238356,0.000476713,0.000715069,0.000953425),.UNSPECIFIED.);
#15663=EDGE_CURVE('',#15381,#15487,#15662,.T.);
#15664=ORIENTED_EDGE('',*,*,#15663,.F.);
#15665=ORIENTED_EDGE('',*,*,#15387,.F.);
#15666=EDGE_LOOP('',(#15631,#15647,#15648,#15664,#15665));
#15667=FACE_BOUND('',#15666,.T.);
#15668=ADVANCED_FACE('',(#15667),#15630,.T.);
#15669=CARTESIAN_POINT('',(-0.,-0.,1.5));
#15670=DIRECTION('',(0.,0.,1.));
#15671=DIRECTION('',(0.707106781,-0.707106781,0.));
#15672=AXIS2_PLACEMENT_3D('',#15669,#15670,#15671);
#15673=TOROIDAL_SURFACE('',#15672,46.5,0.5);
#15674=CARTESIAN_POINT('',(31.122541231,34.54905827,1.));
#15675=CARTESIAN_POINT('',(31.176976537,34.608837322,1.));
#15676=CARTESIAN_POINT('',(31.244152636,34.65264505,1.020161529));
#15677=CARTESIAN_POINT('',(31.312374417,34.678945954,1.052779192));
#15678=CARTESIAN_POINT('',(31.380596199,34.705246857,1.085396855));
#15679=CARTESIAN_POINT('',(31.448603168,34.714552741,1.129202997));
#15680=CARTESIAN_POINT('',(31.512159832,34.712017559,1.177625098));
#15681=CARTESIAN_POINT('',(31.575716495,34.709482377,1.226047198));
#15682=CARTESIAN_POINT('',(31.633859343,34.695480862,1.278130995));
#15683=CARTESIAN_POINT('',(31.68766437,34.672638868,1.332945941));
#15684=CARTESIAN_POINT('',(31.741469396,34.649796875,1.387760887));
#15685=CARTESIAN_POINT('',(31.78906028,34.618764765,1.443492149));
#15686=CARTESIAN_POINT('',(31.830858063,34.580290267,1.5));
#15687=B_SPLINE_CURVE_WITH_KNOTS('',3,(#15674,#15675,#15676,#15677,#15678,#15679,#15680,#15681,#15682,#15683,#15684,#15685,#15686),.UNSPECIFIED.,.F.,.F.,(4,3,3,3,4),(0.,0.000238356,0.000476713,0.000715069,0.000953425),.UNSPECIFIED.);
#15688=EDGE_CURVE('',#15547,#15581,#15687,.T.);
#15689=ORIENTED_EDGE('',*,*,#15688,.T.);
#15690=ORIENTED_EDGE('',*,*,#15621,.T.);
#15691=ORIENTED_EDGE('',*,*,#15404,.F.);
#15692=CARTESIAN_POINT('',(34.54905827,31.122541231,1.));
#15693=CARTESIAN_POINT('',(34.608837322,31.176976537,1.));
#15694=CARTESIAN_POINT('',(34.65264505,31.244152636,1.020161529));
#15695=CARTESIAN_POINT('',(34.678945954,31.312374417,1.052779192));
#15696=CARTESIAN_POINT('',(34.705246857,31.380596199,1.085396855));
#15697=CARTESIAN_POINT('',(34.714552741,31.448603168,1.129202997));
#15698=CARTESIAN_POINT('',(34.712017559,31.512159832,1.177625098));
#15699=CARTESIAN_POINT('',(34.709482377,31.575716495,1.226047198));
#15700=CARTESIAN_POINT('',(34.695480862,31.633859343,1.278130995));
#15701=CARTESIAN_POINT('',(34.672638868,31.68766437,1.332945941));
#15702=CARTESIAN_POINT('',(34.649796875,31.741469396,1.387760887));
#15703=CARTESIAN_POINT('',(34.618765538,31.78905944,1.443493297));
#15704=CARTESIAN_POINT('',(34.580290267,31.830858063,1.5));
#15705=B_SPLINE_CURVE_WITH_KNOTS('',3,(#15692,#15693,#15694,#15695,#15696,#15697,#15698,#15699,#15700,#15701,#15702,#15703,#15704),.UNSPECIFIED.,.F.,.F.,(4,3,3,3,4),(0.,0.000238356,0.000476713,0.000715069,0.000953425),.UNSPECIFIED.);
#15706=EDGE_CURVE('',#15556,#15390,#15705,.T.);
#15707=ORIENTED_EDGE('',*,*,#15706,.F.);
#15708=ORIENTED_EDGE('',*,*,#15562,.F.);
#15709=EDGE_LOOP('',(#15689,#15690,#15691,#15707,#15708));
#15710=FACE_BOUND('',#15709,.T.);
#15711=ADVANCED_FACE('',(#15710),#15673,.T.);
#15712=CARTESIAN_POINT('',(34.212414839,31.492231913,13.));
#15713=DIRECTION('',(0.,0.,-1.));
#15714=DIRECTION('',(-0.707106781,0.707106781,0.));
#15715=AXIS2_PLACEMENT_3D('',#15712,#15713,#15714);
#15716=CYLINDRICAL_SURFACE('',#15715,0.5);
#15717=ORIENTED_EDGE('',*,*,#15493,.F.);
#15718=ORIENTED_EDGE('',*,*,#15368,.F.);
#15719=ORIENTED_EDGE('',*,*,#15569,.F.);
#15720=ORIENTED_EDGE('',*,*,#15706,.T.);
#15721=ORIENTED_EDGE('',*,*,#15395,.F.);
#15722=ORIENTED_EDGE('',*,*,#15663,.T.);
#15723=EDGE_LOOP('',(#15717,#15718,#15719,#15720,#15721,#15722));
#15724=FACE_BOUND('',#15723,.T.);
#15725=ADVANCED_FACE('',(#15724),#15716,.T.);
#15726=CARTESIAN_POINT('',(-0.687263309,48.38654497,6.95));
#15727=DIRECTION('',(-1.,0.,0.));
#15728=DIRECTION('',(0.,0.,1.));
#15729=AXIS2_PLACEMENT_3D('',#15726,#15727,#15728);
#15730=PLANE('',#15729);
#15731=CARTESIAN_POINT('',(-0.687263309,46.294898954,1.75));
#15732=VERTEX_POINT('',#15731);
#15733=CARTESIAN_POINT('',(-0.687263309,49.778115004,1.75));
#15734=VERTEX_POINT('',#15733);
#15735=CARTESIAN_POINT('',(-0.687263309,46.294898954,1.75));
#15736=DIRECTION('',(0.,1.,0.));
#15737=VECTOR('',#15736,3.48321605);
#15738=LINE('',#15735,#15737);
#15739=EDGE_CURVE('',#15732,#15734,#15738,.T.);
#15740=ORIENTED_EDGE('',*,*,#15739,.F.);
#15741=CARTESIAN_POINT('',(-0.687263309,46.289473006,1.749950939));
#15742=VERTEX_POINT('',#15741);
#15743=CARTESIAN_POINT('',(-0.687263309,46.294898954,1.75));
#15744=CARTESIAN_POINT('',(-0.687263309,46.293090157,1.75));
#15745=CARTESIAN_POINT('',(-0.687263309,46.291281507,1.749983646));
#15746=CARTESIAN_POINT('',(-0.687263309,46.289473006,1.749950939));
#15747=B_SPLINE_CURVE_WITH_KNOTS('',3,(#15743,#15744,#15745,#15746),.UNSPECIFIED.,.F.,.F.,(4,4),(0.,0.000005426),.UNSPECIFIED.);
#15748=EDGE_CURVE('',#15732,#15742,#15747,.T.);
#15749=ORIENTED_EDGE('',*,*,#15748,.T.);
#15750=CARTESIAN_POINT('',(-0.687263309,46.289473006,6.950049061));
#15751=VERTEX_POINT('',#15750);
#15752=CARTESIAN_POINT('',(-0.687263309,46.289473006,1.749950939));
#15753=DIRECTION('',(-0.,-0.,1.));
#15754=VECTOR('',#15753,5.200098123);
#15755=LINE('',#15752,#15754);
#15756=EDGE_CURVE('',#15742,#15751,#15755,.T.);
#15757=ORIENTED_EDGE('',*,*,#15756,.T.);
#15758=CARTESIAN_POINT('',(-0.687263309,46.294898954,6.95));
#15759=VERTEX_POINT('',#15758);
#15760=CARTESIAN_POINT('',(-0.687263309,46.289473006,6.950049061));
#15761=CARTESIAN_POINT('',(-0.687263309,46.291281507,6.950016354));
#15762=CARTESIAN_POINT('',(-0.687263309,46.293090157,6.95));
#15763=CARTESIAN_POINT('',(-0.687263309,46.294898954,6.95));
#15764=B_SPLINE_CURVE_WITH_KNOTS('',3,(#15760,#15761,#15762,#15763),.UNSPECIFIED.,.F.,.F.,(4,4),(0.,0.000005426),.UNSPECIFIED.);
#15765=EDGE_CURVE('',#15751,#15759,#15764,.T.);
#15766=ORIENTED_EDGE('',*,*,#15765,.T.);
#15767=CARTESIAN_POINT('',(-0.687263309,49.778115004,6.95));
#15768=VERTEX_POINT('',#15767);
#15769=CARTESIAN_POINT('',(-0.687263309,46.294898954,6.95));
#15770=DIRECTION('',(0.,1.,0.));
#15771=VECTOR('',#15770,3.48321605);
#15772=LINE('',#15769,#15771);
#15773=EDGE_CURVE('',#15759,#15768,#15772,.T.);
#15774=ORIENTED_EDGE('',*,*,#15773,.T.);
#15775=CARTESIAN_POINT('',(-0.687263309,49.778115004,6.95));
#15776=DIRECTION('',(0.,0.,-1.));
#15777=VECTOR('',#15776,5.2);
#15778=LINE('',#15775,#15777);
#15779=EDGE_CURVE('',#15768,#15734,#15778,.T.);
#15780=ORIENTED_EDGE('',*,*,#15779,.T.);
#15781=EDGE_LOOP('',(#15740,#15749,#15757,#15766,#15774,#15780));
#15782=FACE_BOUND('',#15781,.T.);
#15783=ADVANCED_FACE('',(#15782),#15730,.T.);
#15784=CARTESIAN_POINT('',(1.915544737,47.701371158,6.95));
#15785=DIRECTION('',(1.,0.,0.));
#15786=DIRECTION('',(0.,0.,-1.));
#15787=AXIS2_PLACEMENT_3D('',#15784,#15785,#15786);
#15788=PLANE('',#15787);
#15789=CARTESIAN_POINT('',(1.915544737,46.260357633,6.95));
#15790=VERTEX_POINT('',#15789);
#15791=CARTESIAN_POINT('',(1.915544737,46.246960565,6.950298772));
#15792=VERTEX_POINT('',#15791);
#15793=CARTESIAN_POINT('',(1.915544737,46.260357633,6.95));
#15794=CARTESIAN_POINT('',(1.915544737,46.255889723,6.95));
#15795=CARTESIAN_POINT('',(1.915544737,46.251424034,6.950099591));
#15796=CARTESIAN_POINT('',(1.915544737,46.246960565,6.950298772));
#15797=B_SPLINE_CURVE_WITH_KNOTS('',3,(#15793,#15794,#15795,#15796),.UNSPECIFIED.,.F.,.F.,(4,4),(0.,0.0000134),.UNSPECIFIED.);
#15798=EDGE_CURVE('',#15790,#15792,#15797,.T.);
#15799=ORIENTED_EDGE('',*,*,#15798,.T.);
#15800=CARTESIAN_POINT('',(1.915544737,46.246960565,1.749701228));
#15801=VERTEX_POINT('',#15800);
#15802=CARTESIAN_POINT('',(1.915544737,46.246960565,6.950298772));
#15803=DIRECTION('',(0.,0.,-1.));
#15804=VECTOR('',#15803,5.200597545);
#15805=LINE('',#15802,#15804);
#15806=EDGE_CURVE('',#15792,#15801,#15805,.T.);
#15807=ORIENTED_EDGE('',*,*,#15806,.T.);
#15808=CARTESIAN_POINT('',(1.915544737,46.260357633,1.75));
#15809=VERTEX_POINT('',#15808);
#15810=CARTESIAN_POINT('',(1.915544737,46.246960565,1.749701228));
#15811=CARTESIAN_POINT('',(1.915544737,46.251424034,1.749900409));
#15812=CARTESIAN_POINT('',(1.915544737,46.255889723,1.75));
#15813=CARTESIAN_POINT('',(1.915544737,46.260357633,1.75));
#15814=B_SPLINE_CURVE_WITH_KNOTS('',3,(#15810,#15811,#15812,#15813),.UNSPECIFIED.,.F.,.F.,(4,4),(0.,0.0000134),.UNSPECIFIED.);
#15815=EDGE_CURVE('',#15801,#15809,#15814,.T.);
#15816=ORIENTED_EDGE('',*,*,#15815,.T.);
#15817=CARTESIAN_POINT('',(1.915544737,48.44179377,1.75));
#15818=VERTEX_POINT('',#15817);
#15819=CARTESIAN_POINT('',(1.915544737,48.44179377,1.75));
#15820=DIRECTION('',(0.,-1.,0.));
#15821=VECTOR('',#15820,2.181436136);
#15822=LINE('',#15819,#15821);
#15823=EDGE_CURVE('',#15818,#15809,#15822,.T.);
#15824=ORIENTED_EDGE('',*,*,#15823,.F.);
#15825=CARTESIAN_POINT('',(1.915544737,48.44179377,6.95));
#15826=VERTEX_POINT('',#15825);
#15827=CARTESIAN_POINT('',(1.915544737,48.44179377,6.95));
#15828=DIRECTION('',(0.,0.,-1.));
#15829=VECTOR('',#15828,5.2);
#15830=LINE('',#15827,#15829);
#15831=EDGE_CURVE('',#15826,#15818,#15830,.T.);
#15832=ORIENTED_EDGE('',*,*,#15831,.F.);
#15833=CARTESIAN_POINT('',(1.915544737,48.44179377,6.95));
#15834=DIRECTION('',(0.,-1.,0.));
#15835=VECTOR('',#15834,2.181436136);
#15836=LINE('',#15833,#15835);
#15837=EDGE_CURVE('',#15826,#15790,#15836,.T.);
#15838=ORIENTED_EDGE('',*,*,#15837,.T.);
#15839=EDGE_LOOP('',(#15799,#15807,#15816,#15824,#15832,#15838));
#15840=FACE_BOUND('',#15839,.T.);
#15841=ADVANCED_FACE('',(#15840),#15788,.T.);
#15842=CARTESIAN_POINT('',(2.629622817,48.44179377,6.95));
#15843=DIRECTION('',(0.,-1.,0.));
#15844=DIRECTION('',(0.,0.,-1.));
#15845=AXIS2_PLACEMENT_3D('',#15842,#15843,#15844);
#15846=PLANE('',#15845);
#15847=CARTESIAN_POINT('',(3.343700897,48.44179377,1.75));
#15848=VERTEX_POINT('',#15847);
#15849=CARTESIAN_POINT('',(3.343700897,48.44179377,1.75));
#15850=DIRECTION('',(-1.,0.,0.));
#15851=VECTOR('',#15850,1.42815616);
#15852=LINE('',#15849,#15851);
#15853=EDGE_CURVE('',#15848,#15818,#15852,.T.);
#15854=ORIENTED_EDGE('',*,*,#15853,.F.);
#15855=CARTESIAN_POINT('',(3.343700897,48.44179377,6.95));
#15856=VERTEX_POINT('',#15855);
#15857=CARTESIAN_POINT('',(3.343700897,48.44179377,6.95));
#15858=DIRECTION('',(0.,0.,-1.));
#15859=VECTOR('',#15858,5.2);
#15860=LINE('',#15857,#15859);
#15861=EDGE_CURVE('',#15856,#15848,#15860,.T.);
#15862=ORIENTED_EDGE('',*,*,#15861,.F.);
#15863=CARTESIAN_POINT('',(3.343700897,48.44179377,6.95));
#15864=DIRECTION('',(-1.,0.,0.));
#15865=VECTOR('',#15864,1.42815616);
#15866=LINE('',#15863,#15865);
#15867=EDGE_CURVE('',#15856,#15826,#15866,.T.);
#15868=ORIENTED_EDGE('',*,*,#15867,.T.);
#15869=ORIENTED_EDGE('',*,*,#15831,.T.);
#15870=EDGE_LOOP('',(#15854,#15862,#15868,#15869));
#15871=FACE_BOUND('',#15870,.T.);
#15872=ADVANCED_FACE('',(#15871),#15846,.T.);
#15873=CARTESIAN_POINT('',(3.343700897,49.109954387,6.95));
#15874=DIRECTION('',(1.,0.,0.));
#15875=DIRECTION('',(0.,0.,-1.));
#15876=AXIS2_PLACEMENT_3D('',#15873,#15874,#15875);
#15877=PLANE('',#15876);
#15878=CARTESIAN_POINT('',(3.343700897,49.778115004,1.75));
#15879=VERTEX_POINT('',#15878);
#15880=CARTESIAN_POINT('',(3.343700897,49.778115004,1.75));
#15881=DIRECTION('',(0.,-1.,0.));
#15882=VECTOR('',#15881,1.336321235);
#15883=LINE('',#15880,#15882);
#15884=EDGE_CURVE('',#15879,#15848,#15883,.T.);
#15885=ORIENTED_EDGE('',*,*,#15884,.F.);
#15886=CARTESIAN_POINT('',(3.343700897,49.778115004,6.95));
#15887=VERTEX_POINT('',#15886);
#15888=CARTESIAN_POINT('',(3.343700897,49.778115004,6.95));
#15889=DIRECTION('',(0.,0.,-1.));
#15890=VECTOR('',#15889,5.2);
#15891=LINE('',#15888,#15890);
#15892=EDGE_CURVE('',#15887,#15879,#15891,.T.);
#15893=ORIENTED_EDGE('',*,*,#15892,.F.);
#15894=CARTESIAN_POINT('',(3.343700897,49.778115004,6.95));
#15895=DIRECTION('',(0.,-1.,0.));
#15896=VECTOR('',#15895,1.336321235);
#15897=LINE('',#15894,#15896);
#15898=EDGE_CURVE('',#15887,#15856,#15897,.T.);
#15899=ORIENTED_EDGE('',*,*,#15898,.T.);
#15900=ORIENTED_EDGE('',*,*,#15861,.T.);
#15901=EDGE_LOOP('',(#15885,#15893,#15899,#15900));
#15902=FACE_BOUND('',#15901,.T.);
#15903=ADVANCED_FACE('',(#15902),#15877,.T.);
#15904=CARTESIAN_POINT('',(1.328218794,49.778115004,6.95));
#15905=DIRECTION('',(0.,1.,0.));
#15906=DIRECTION('',(0.,0.,1.));
#15907=AXIS2_PLACEMENT_3D('',#15904,#15905,#15906);
#15908=PLANE('',#15907);
#15909=CARTESIAN_POINT('',(-0.687263309,49.778115004,1.75));
#15910=DIRECTION('',(1.,0.,-0.));
#15911=VECTOR('',#15910,4.030964206);
#15912=LINE('',#15909,#15911);
#15913=EDGE_CURVE('',#15734,#15879,#15912,.T.);
#15914=ORIENTED_EDGE('',*,*,#15913,.F.);
#15915=ORIENTED_EDGE('',*,*,#15779,.F.);
#15916=CARTESIAN_POINT('',(-0.687263309,49.778115004,6.95));
#15917=DIRECTION('',(1.,0.,-0.));
#15918=VECTOR('',#15917,4.030964206);
#15919=LINE('',#15916,#15918);
#15920=EDGE_CURVE('',#15768,#15887,#15919,.T.);
#15921=ORIENTED_EDGE('',*,*,#15920,.T.);
#15922=ORIENTED_EDGE('',*,*,#15892,.T.);
#15923=EDGE_LOOP('',(#15914,#15915,#15921,#15922));
#15924=FACE_BOUND('',#15923,.T.);
#15925=ADVANCED_FACE('',(#15924),#15908,.T.);
#15926=CARTESIAN_POINT('',(0.,0.,6.95));
#15927=DIRECTION('',(0.,0.,1.));
#15928=DIRECTION('',(1.,0.,0.));
#15929=AXIS2_PLACEMENT_3D('',#15926,#15927,#15928);
#15930=PLANE('',#15929);
#15931=ORIENTED_EDGE('',*,*,#15773,.F.);
#15932=CARTESIAN_POINT('',(0.,0.,6.95));
#15933=DIRECTION('',(-0.,-0.,-1.));
#15934=DIRECTION('',(1.,0.,-0.));
#15935=AXIS2_PLACEMENT_3D('',#15932,#15933,#15934);
#15936=CIRCLE('',#15935,46.3);
#15937=EDGE_CURVE('',#15759,#15790,#15936,.T.);
#15938=ORIENTED_EDGE('',*,*,#15937,.T.);
#15939=ORIENTED_EDGE('',*,*,#15837,.F.);
#15940=ORIENTED_EDGE('',*,*,#15867,.F.);
#15941=ORIENTED_EDGE('',*,*,#15898,.F.);
#15942=ORIENTED_EDGE('',*,*,#15920,.F.);
#15943=EDGE_LOOP('',(#15931,#15938,#15939,#15940,#15941,#15942));
#15944=FACE_BOUND('',#15943,.T.);
#15945=ADVANCED_FACE('',(#15944),#15930,.T.);
#15946=CARTESIAN_POINT('',(0.,0.,1.75));
#15947=DIRECTION('',(0.,0.,1.));
#15948=DIRECTION('',(1.,0.,0.));
#15949=AXIS2_PLACEMENT_3D('',#15946,#15947,#15948);
#15950=PLANE('',#15949);
#15951=ORIENTED_EDGE('',*,*,#15823,.T.);
#15952=CARTESIAN_POINT('',(0.,0.,1.75));
#15953=DIRECTION('',(0.,0.,1.));
#15954=DIRECTION('',(1.,0.,-0.));
#15955=AXIS2_PLACEMENT_3D('',#15952,#15953,#15954);
#15956=CIRCLE('',#15955,46.3);
#15957=EDGE_CURVE('',#15809,#15732,#15956,.T.);
#15958=ORIENTED_EDGE('',*,*,#15957,.T.);
#15959=ORIENTED_EDGE('',*,*,#15739,.T.);
#15960=ORIENTED_EDGE('',*,*,#15913,.T.);
#15961=ORIENTED_EDGE('',*,*,#15884,.T.);
#15962=ORIENTED_EDGE('',*,*,#15853,.T.);
#15963=EDGE_LOOP('',(#15951,#15958,#15959,#15960,#15961,#15962));
#15964=FACE_BOUND('',#15963,.T.);
#15965=ADVANCED_FACE('',(#15964),#15950,.F.);
#15966=CARTESIAN_POINT('',(-0.,-45.719523741,16.01829193));
#15967=CARTESIAN_POINT('',(-0.,-45.757085724,16.015842235));
#15968=CARTESIAN_POINT('',(-0.,-45.794168801,16.00624156));
#15969=CARTESIAN_POINT('',(-0.,-45.862232168,15.974070265));
#15970=CARTESIAN_POINT('',(-0.,-45.893189836,15.951510337));
#15971=CARTESIAN_POINT('',(-0.,-45.944662016,15.896571928));
#15972=CARTESIAN_POINT('',(-0.,-45.965159421,15.864211706));
#15973=CARTESIAN_POINT('',(-0.,-45.992833012,15.794198946));
#15974=CARTESIAN_POINT('',(-0.,-46.,15.756569677));
#15975=CARTESIAN_POINT('',(-0.,-46.,15.718927898));
#15976=CARTESIAN_POINT('',(-2.991058006,-45.719523741,16.01829193));
#15977=CARTESIAN_POINT('',(-2.993526888,-45.757085724,16.015842235));
#15978=CARTESIAN_POINT('',(-2.99599495,-45.794168801,16.00624156));
#15979=CARTESIAN_POINT('',(-3.000587009,-45.862232168,15.974070265));
#15980=CARTESIAN_POINT('',(-3.00270948,-45.893189836,15.951510337));
#15981=CARTESIAN_POINT('',(-3.006312829,-45.944662016,15.896571928));
#15982=CARTESIAN_POINT('',(-3.00779251,-45.965159421,15.864211706));
#15983=CARTESIAN_POINT('',(-3.009902589,-45.992833012,15.794198946));
#15984=CARTESIAN_POINT('',(-3.010532287,-46.,15.756569677));
#15985=CARTESIAN_POINT('',(-3.01069296,-46.,15.718927898));
#15986=CARTESIAN_POINT('',(-5.982042051,-45.424937525,16.037504074));
#15987=CARTESIAN_POINT('',(-5.986979787,-45.462267008,16.035069543));
#15988=CARTESIAN_POINT('',(-5.991915882,-45.499117385,16.025479989));
#15989=CARTESIAN_POINT('',(-6.001099937,-45.566744372,15.993322041));
#15990=CARTESIAN_POINT('',(-6.005344845,-45.597498481,15.970764347));
#15991=CARTESIAN_POINT('',(-6.012551465,-45.64861865,15.915822925));
#15992=CARTESIAN_POINT('',(-6.015510782,-45.668967702,15.883457479));
#15993=CARTESIAN_POINT('',(-6.019730844,-45.696418885,15.813430012));
#15994=CARTESIAN_POINT('',(-6.020990185,-45.703511882,15.775791291));
#15995=CARTESIAN_POINT('',(-6.021311474,-45.703479958,15.738140043));
#15996=CARTESIAN_POINT('',(-11.849213381,-44.257884586,16.113616223));
#15997=CARTESIAN_POINT('',(-11.859004997,-44.294290935,16.111241896));
#15998=CARTESIAN_POINT('',(-11.868793342,-44.330217387,16.101696516));
#15999=CARTESIAN_POINT('',(-11.887002116,-44.396112395,16.069591594));
#16000=CARTESIAN_POINT('',(-11.895416464,-44.426058929,16.047042781));
#16001=CARTESIAN_POINT('',(-11.9096948,-44.475783878,15.992089409));
#16002=CARTESIAN_POINT('',(-11.91555402,-44.495545675,15.959703215));
#16003=CARTESIAN_POINT('',(-11.923897656,-44.522118638,15.889617328));
#16004=CARTESIAN_POINT('',(-11.926379286,-44.528920923,15.851941057));
#16005=CARTESIAN_POINT('',(-11.926998151,-44.52876584,15.814252191));
#16006=CARTESIAN_POINT('',(-14.725255587,-43.385446721,16.170514344));
#16007=CARTESIAN_POINT('',(-14.73743217,-43.421162436,16.168185059));
#16008=CARTESIAN_POINT('',(-14.749604673,-43.456397664,16.158672732));
#16009=CARTESIAN_POINT('',(-14.772246043,-43.52099708,16.126607489));
#16010=CARTESIAN_POINT('',(-14.782707324,-43.550339607,16.104065325));
#16011=CARTESIAN_POINT('',(-14.800453951,-43.599021373,16.049103014));
#16012=CARTESIAN_POINT('',(-14.807733352,-43.618344288,16.016701296));
#16013=CARTESIAN_POINT('',(-14.818090393,-43.644261492,15.946571696));
#16014=CARTESIAN_POINT('',(-14.821164564,-43.650847089,15.908867327));
#16015=CARTESIAN_POINT('',(-14.821920285,-43.650600811,15.871150312));
#16016=CARTESIAN_POINT('',(-20.252010131,-41.096190033,16.319813694));
#16017=CARTESIAN_POINT('',(-20.268790681,-41.130086937,16.317603026));
#16018=CARTESIAN_POINT('',(-20.28556556,-41.163501813,16.308177798));
#16019=CARTESIAN_POINT('',(-20.316757268,-41.224691342,16.276217151));
#16020=CARTESIAN_POINT('',(-20.331163556,-41.252445299,16.25369254));
#16021=CARTESIAN_POINT('',(-20.355581642,-41.298387625,16.198706718));
#16022=CARTESIAN_POINT('',(-20.365585187,-41.316560455,16.166264103));
#16023=CARTESIAN_POINT('',(-20.379781845,-41.340766272,16.096019302));
#16024=CARTESIAN_POINT('',(-20.383970158,-41.346791071,16.058240872));
#16025=CARTESIAN_POINT('',(-20.384955493,-41.34631618,16.020449662));
#16026=CARTESIAN_POINT('',(-22.902585809,-39.679427817,16.412211229));
#16027=CARTESIAN_POINT('',(-22.921585296,-39.712196547,16.410074138));
#16028=CARTESIAN_POINT('',(-22.940578327,-39.744482297,16.400702957));
#16029=CARTESIAN_POINT('',(-22.975887645,-39.803557548,16.368807226));
#16030=CARTESIAN_POINT('',(-22.992191934,-39.830326959,16.346293521));
#16031=CARTESIAN_POINT('',(-23.019813039,-39.874573081,16.291293127));
#16032=CARTESIAN_POINT('',(-23.031120471,-39.892034745,16.258825138));
#16033=CARTESIAN_POINT('',(-23.047143174,-39.915185035,16.188508849));
#16034=CARTESIAN_POINT('',(-23.051853001,-39.920865787,16.150684455));
#16035=CARTESIAN_POINT('',(-23.052931011,-39.920253555,16.112847198));
#16036=CARTESIAN_POINT('',(-27.876533489,-36.35594223,16.628960289));
#16037=CARTESIAN_POINT('',(-27.899726335,-36.38605135,16.626996651));
#16038=CARTESIAN_POINT('',(-27.922911202,-36.415675273,16.617752987));
#16039=CARTESIAN_POINT('',(-27.965993059,-36.469770387,16.586010489));
#16040=CARTESIAN_POINT('',(-27.985875226,-36.494222949,16.563522583));
#16041=CARTESIAN_POINT('',(-28.019516207,-36.534485816,16.508487894));
#16042=CARTESIAN_POINT('',(-28.033263445,-36.550282256,16.475960057));
#16043=CARTESIAN_POINT('',(-28.052671357,-36.570974937,16.405475078));
#16044=CARTESIAN_POINT('',(-28.058325353,-36.575864052,16.367542199));
#16045=CARTESIAN_POINT('',(-28.059530427,-36.574950777,16.329596258));
#16046=CARTESIAN_POINT('',(-30.199782502,-34.44930104,16.753306454));
#16047=CARTESIAN_POINT('',(-30.224949699,-34.477878731,16.751442691));
#16048=CARTESIAN_POINT('',(-30.250108175,-34.505969961,16.742272499));
#16049=CARTESIAN_POINT('',(-30.296844819,-34.557199246,16.710618318));
#16050=CARTESIAN_POINT('',(-30.318406792,-34.580319531,16.688145304));
#16051=CARTESIAN_POINT('',(-30.35486449,-34.618295427,16.633090892));
#16052=CARTESIAN_POINT('',(-30.369747581,-34.633137863,16.600528582));
#16053=CARTESIAN_POINT('',(-30.390714528,-34.652428604,16.529946401));
#16054=CARTESIAN_POINT('',(-30.396791117,-34.656870215,16.491951));
#16055=CARTESIAN_POINT('',(-30.398030527,-34.655793342,16.453942422));
#16056=CARTESIAN_POINT('',(-34.429777299,-30.219306243,17.02917568));
#16057=CARTESIAN_POINT('',(-34.458575756,-30.244465645,17.027534849));
#16058=CARTESIAN_POINT('',(-34.487364074,-30.269135804,17.018528818));
#16059=CARTESIAN_POINT('',(-34.540811685,-30.313974845,16.987072077));
#16060=CARTESIAN_POINT('',(-34.565452162,-30.334127924,16.964632448));
#16061=CARTESIAN_POINT('',(-34.607049693,-30.367023382,16.909534105));
#16062=CARTESIAN_POINT('',(-34.623992102,-30.379754166,16.876894798));
#16063=CARTESIAN_POINT('',(-34.647746121,-30.395963852,16.806095398));
#16064=CARTESIAN_POINT('',(-34.654549367,-30.39943704,16.767960241));
#16065=CARTESIAN_POINT('',(-34.655793342,-30.398030527,16.729811648));
#16066=CARTESIAN_POINT('',(-36.336418489,-27.89605723,17.18069192));
#16067=CARTESIAN_POINT('',(-36.366873775,-27.91932979,17.179174144));
#16068=CARTESIAN_POINT('',(-36.397318245,-27.942111589,17.170258803));
#16069=CARTESIAN_POINT('',(-36.453821884,-27.983426266,17.138911185));
#16070=CARTESIAN_POINT('',(-36.479860988,-28.001944453,17.116490047));
#16071=CARTESIAN_POINT('',(-36.523781509,-28.032046548,17.061367496));
#16072=CARTESIAN_POINT('',(-36.541647329,-28.043619753,17.028685667));
#16073=CARTESIAN_POINT('',(-36.566629302,-28.058150495,16.957766251));
#16074=CARTESIAN_POINT('',(-36.573736584,-28.061102865,16.91955386));
#16075=CARTESIAN_POINT('',(-36.574950777,-28.059530427,16.881327888));
#16076=CARTESIAN_POINT('',(-39.659904075,-22.92210955,17.505079812));
#16077=CARTESIAN_POINT('',(-39.693290543,-22.941314018,17.503827347));
#16078=CARTESIAN_POINT('',(-39.726664934,-22.960024515,17.495107764));
#16079=CARTESIAN_POINT('',(-39.78856241,-22.993749486,17.463995844));
#16080=CARTESIAN_POINT('',(-39.817063104,-23.008751743,17.441614767));
#16081=CARTESIAN_POINT('',(-39.865046154,-23.032864357,17.386440149));
#16082=CARTESIAN_POINT('',(-39.884511152,-23.041965977,17.353666574));
#16083=CARTESIAN_POINT('',(-39.911572711,-23.052942355,17.282488052));
#16084=CARTESIAN_POINT('',(-39.919159483,-23.054813135,17.244108863));
#16085=CARTESIAN_POINT('',(-39.920253555,-23.052931011,17.20571578));
#16086=CARTESIAN_POINT('',(-41.076666292,-20.271533872,17.677943443));
#16087=CARTESIAN_POINT('',(-41.111327025,-20.288557125,17.676833231));
#16088=CARTESIAN_POINT('',(-41.145975097,-20.305084711,17.668218716));
#16089=CARTESIAN_POINT('',(-41.210210222,-20.334744421,17.63723337));
#16090=CARTESIAN_POINT('',(-41.239773809,-20.347865691,17.614873862));
#16091=CARTESIAN_POINT('',(-41.28949629,-20.368782311,17.559671386));
#16092=CARTESIAN_POINT('',(-41.309637019,-20.376570006,17.526848588));
#16093=CARTESIAN_POINT('',(-41.33755018,-20.385671148,17.455530978));
#16094=CARTESIAN_POINT('',(-41.345312413,-20.386981261,17.417062226));
#16095=CARTESIAN_POINT('',(-41.34631618,-20.384955493,17.378579411));
#16096=CARTESIAN_POINT('',(-43.36592298,-14.744779328,18.038383957));
#16097=CARTESIAN_POINT('',(-43.402695165,-14.757219243,18.037572658));
#16098=CARTESIAN_POINT('',(-43.439453641,-14.769160003,18.029179201));
#16099=CARTESIAN_POINT('',(-43.507547213,-14.790288446,17.998460344));
#16100=CARTESIAN_POINT('',(-43.538856923,-14.799468236,17.9761464));
#16101=CARTESIAN_POINT('',(-43.591406063,-14.813709777,17.920885541));
#16102=CARTESIAN_POINT('',(-43.612625901,-14.818766205,17.887959233));
#16103=CARTESIAN_POINT('',(-43.641841097,-14.824007017,17.816348929));
#16104=CARTESIAN_POINT('',(-43.649825562,-14.824189441,17.777691638));
#16105=CARTESIAN_POINT('',(-43.650600811,-14.821920285,17.739019925));
#16106=CARTESIAN_POINT('',(-44.238360845,-11.868737122,18.225951927));
#16107=CARTESIAN_POINT('',(-44.275970123,-11.878774969,18.225297285));
#16108=CARTESIAN_POINT('',(-44.313565229,-11.888311866,18.217019816));
#16109=CARTESIAN_POINT('',(-44.38317944,-11.904974423,18.186440873));
#16110=CARTESIAN_POINT('',(-44.415172313,-11.912093784,18.164150922));
#16111=CARTESIAN_POINT('',(-44.468808596,-11.922856385,18.10885954));
#16112=CARTESIAN_POINT('',(-44.490431794,-11.926495554,18.075878945));
#16113=CARTESIAN_POINT('',(-44.52009745,-11.929751455,18.004115039));
#16114=CARTESIAN_POINT('',(-44.528128727,-11.929366952,17.965358772));
#16115=CARTESIAN_POINT('',(-44.52876584,-11.926998151,17.926587895));
#16116=CARTESIAN_POINT('',(-45.405413784,-6.001565793,18.608593535));
#16117=CARTESIAN_POINT('',(-45.444218727,-6.006663304,18.608261089));
#16118=CARTESIAN_POINT('',(-45.483008732,-6.011256259,18.600222493));
#16119=CARTESIAN_POINT('',(-45.554774519,-6.01874618,18.569931903));
#16120=CARTESIAN_POINT('',(-45.587722675,-6.021640244,18.547691572));
#16121=CARTESIAN_POINT('',(-45.642836275,-6.025293337,18.49233759));
#16122=CARTESIAN_POINT('',(-45.664980504,-6.026050947,18.459245251));
#16123=CARTESIAN_POINT('',(-45.695141617,-6.025314185,18.387164943));
#16124=CARTESIAN_POINT('',(-45.703146891,-6.023820091,18.348204726));
#16125=CARTESIAN_POINT('',(-45.703479958,-6.021311474,18.309229503));
#16126=CARTESIAN_POINT('',(-45.7,-3.010581747,18.803657712));
#16127=CARTESIAN_POINT('',(-45.739163423,-3.013141071,18.8034908));
#16128=CARTESIAN_POINT('',(-45.778311603,-3.015194027,18.795575084));
#16129=CARTESIAN_POINT('',(-45.850708178,-3.017977362,18.765432931));
#16130=CARTESIAN_POINT('',(-45.883928395,-3.018706638,18.743218224));
#16131=CARTESIAN_POINT('',(-45.939432114,-3.018729329,18.687832167));
#16132=CARTESIAN_POINT('',(-45.961694014,-3.018022719,18.654682373));
#16133=CARTESIAN_POINT('',(-45.991900202,-3.015278366,18.582439271));
#16134=CARTESIAN_POINT('',(-45.999832733,-3.013241681,18.543374081));
#16135=CARTESIAN_POINT('',(-46.,-3.01069296,18.50429368));
#16136=CARTESIAN_POINT('',(-45.7,2.971534264,19.193795713));
#16137=CARTESIAN_POINT('',(-45.739376394,2.974093588,19.193962625));
#16138=CARTESIAN_POINT('',(-45.778737127,2.977162846,19.186295052));
#16139=CARTESIAN_POINT('',(-45.851463211,2.983858203,19.156452863));
#16140=CARTESIAN_POINT('',(-45.884799637,2.987481661,19.134290118));
#16141=CARTESIAN_POINT('',(-45.940367991,2.994732826,19.078839562));
#16142=CARTESIAN_POINT('',(-45.962577819,2.998357666,19.045573806));
#16143=CARTESIAN_POINT('',(-45.992483404,3.00505777,18.973001894));
#16144=CARTESIAN_POINT('',(-46.000167267,3.008130378,18.933724601));
#16145=CARTESIAN_POINT('',(-46.,3.01069296,18.894431681));
#16146=CARTESIAN_POINT('',(-45.405413784,5.96251831,19.38885989));
#16147=CARTESIAN_POINT('',(-45.444644586,5.967657984,19.389195086));
#16148=CARTESIAN_POINT('',(-45.483859616,5.973309344,19.381652768));
#16149=CARTESIAN_POINT('',(-45.556284293,5.984776598,19.351962103));
#16150=CARTESIAN_POINT('',(-45.589464822,5.990587901,19.329825693));
#16151=CARTESIAN_POINT('',(-45.644707668,6.001482343,19.274342716));
#16152=CARTESIAN_POINT('',(-45.666747774,6.006561118,19.241018454));
#16153=CARTESIAN_POINT('',(-45.696307797,6.015209259,19.168280534));
#16154=CARTESIAN_POINT('',(-45.70381583,6.018775158,19.128896115));
#16155=CARTESIAN_POINT('',(-45.703479958,6.021311474,19.089495858));
#16156=CARTESIAN_POINT('',(-44.238360845,11.82968964,19.771501498));
#16157=CARTESIAN_POINT('',(-44.276789632,11.839931994,19.772169478));
#16158=CARTESIAN_POINT('',(-44.31520264,11.850689416,19.764875178));
#16159=CARTESIAN_POINT('',(-44.386084785,11.871580777,19.735484755));
#16160=CARTESIAN_POINT('',(-44.418524817,11.881706158,19.713400699));
#16161=CARTESIAN_POINT('',(-44.472409789,11.899759668,19.65785379));
#16162=CARTESIAN_POINT('',(-44.493832603,11.907680399,19.624413741));
#16163=CARTESIAN_POINT('',(-44.522341541,11.920091889,19.55134704));
#16164=CARTESIAN_POINT('',(-44.529415958,11.92457756,19.511750385));
#16165=CARTESIAN_POINT('',(-44.52876584,11.926998151,19.472137466));
#16166=CARTESIAN_POINT('',(-43.36592298,14.705731846,19.959069468));
#16167=CARTESIAN_POINT('',(-43.403695282,14.718496391,19.959901939));
#16168=CARTESIAN_POINT('',(-43.441451913,14.731777629,19.952730394));
#16169=CARTESIAN_POINT('',(-43.511092846,14.757320942,19.923488681));
#16170=CARTESIAN_POINT('',(-43.542948254,14.76957244,19.901430643));
#16171=CARTESIAN_POINT('',(-43.59580087,14.791141557,19.845852224));
#16172=CARTESIAN_POINT('',(-43.61677615,14.800450243,19.812354897));
#16173=CARTESIAN_POINT('',(-43.644579703,14.814676972,19.739125434));
#16174=CARTESIAN_POINT('',(-43.651396439,14.81958912,19.699423673));
#16175=CARTESIAN_POINT('',(-43.650600811,14.821920285,19.659705436));
#16176=CARTESIAN_POINT('',(-41.076666292,20.23248639,20.319509982));
#16177=CARTESIAN_POINT('',(-41.112628755,20.250134431,20.320660941));
#16178=CARTESIAN_POINT('',(-41.148576001,20.268302237,20.313727365));
#16179=CARTESIAN_POINT('',(-41.214825105,20.302841744,20.284774123));
#16180=CARTESIAN_POINT('',(-41.245098931,20.319198851,20.262766707));
#16181=CARTESIAN_POINT('',(-41.295216343,20.347534644,20.207127441));
#16182=CARTESIAN_POINT('',(-41.315038722,20.359501356,20.173519129));
#16183=CARTESIAN_POINT('',(-41.341114515,20.377164433,20.099974083));
#16184=CARTESIAN_POINT('',(-41.347356895,20.382853334,20.060068461));
#16185=CARTESIAN_POINT('',(-41.34631618,20.384955493,20.02014595));
#16186=CARTESIAN_POINT('',(-39.659904075,22.883062067,20.492373613));
#16187=CARTESIAN_POINT('',(-39.694713158,22.903071247,20.49367856));
#16188=CARTESIAN_POINT('',(-39.729507371,22.923601636,20.486860188));
#16189=CARTESIAN_POINT('',(-39.793605836,22.962485087,20.458046697));
#16190=CARTESIAN_POINT('',(-39.822882706,22.980821561,20.436063882));
#16191=CARTESIAN_POINT('',(-39.871297316,23.012408238,20.380395281));
#16192=CARTESIAN_POINT('',(-39.890414375,23.025644966,20.346733266));
#16193=CARTESIAN_POINT('',(-39.915467935,23.044929135,20.27303541));
#16194=CARTESIAN_POINT('',(-39.921393735,23.050968347,20.233031041));
#16195=CARTESIAN_POINT('',(-39.920253555,23.052931011,20.193009581));
#16196=CARTESIAN_POINT('',(-36.336418489,27.857009748,20.816761505));
#16197=CARTESIAN_POINT('',(-36.368460047,27.881479555,20.818357362));
#16198=CARTESIAN_POINT('',(-36.400487674,27.906473236,20.811756864));
#16199=CARTESIAN_POINT('',(-36.459445459,27.953554378,20.783207822));
#16200=CARTESIAN_POINT('',(-36.486349985,27.975621392,20.761271686));
#16201=CARTESIAN_POINT('',(-36.530751607,28.013317266,20.705547795));
#16202=CARTESIAN_POINT('',(-36.548229399,28.028929754,20.671784259));
#16203=CARTESIAN_POINT('',(-36.570972365,28.051213817,20.597797362));
#16204=CARTESIAN_POINT('',(-36.576227651,28.057875714,20.557606155));
#16205=CARTESIAN_POINT('',(-36.574950777,28.059530427,20.517397474));
#16206=CARTESIAN_POINT('',(-34.429777299,30.18025876,20.968277745));
#16207=CARTESIAN_POINT('',(-34.460204733,30.206827872,20.970010513));
#16208=CARTESIAN_POINT('',(-34.490618829,30.233922078,20.963512676));
#16209=CARTESIAN_POINT('',(-34.546586631,30.284856648,20.935088319));
#16210=CARTESIAN_POINT('',(-34.572115802,30.308674705,20.913174256));
#16211=CARTESIAN_POINT('',(-34.614207325,30.349228717,20.857424415));
#16212=CARTESIAN_POINT('',(-34.630751224,30.365946909,20.823613064));
#16213=CARTESIAN_POINT('',(-34.652205951,30.389609805,20.749489947));
#16214=CARTESIAN_POINT('',(-34.657107373,30.396544144,20.709210659));
#16215=CARTESIAN_POINT('',(-34.655793342,30.398030527,20.668913713));
#16216=CARTESIAN_POINT('',(-30.199782502,34.410253558,21.244146971));
#16217=CARTESIAN_POINT('',(-30.22657928,34.440666297,21.246130411));
#16218=CARTESIAN_POINT('',(-30.253364134,34.471606317,21.2398207));
#16219=CARTESIAN_POINT('',(-30.302621853,34.529589884,21.211624941));
#16220=CARTESIAN_POINT('',(-30.3250728,34.556607655,21.189751434));
#16221=CARTESIAN_POINT('',(-30.362024554,34.602371732,21.133954172));
#16222=CARTESIAN_POINT('',(-30.37650892,34.621097693,21.100055233));
#16223=CARTESIAN_POINT('',(-30.395175713,34.647240832,21.025682456));
#16224=CARTESIAN_POINT('',(-30.399349834,34.654646387,20.985241694));
#16225=CARTESIAN_POINT('',(-30.398030527,34.655793342,20.944782939));
#16226=CARTESIAN_POINT('',(-27.876533489,36.316894748,21.368493136));
#16227=CARTESIAN_POINT('',(-27.901313811,36.349051625,21.370590323));
#16228=CARTESIAN_POINT('',(-27.926083032,36.381736751,21.364366069));
#16229=CARTESIAN_POINT('',(-27.971620798,36.442915574,21.33627421));
#16230=CARTESIAN_POINT('',(-27.992368944,36.471381887,21.314419184));
#16231=CARTESIAN_POINT('',(-28.026491155,36.519497738,21.258600455));
#16232=CARTESIAN_POINT('',(-28.039849935,36.539125737,21.224661744));
#16233=CARTESIAN_POINT('',(-28.057017121,36.566370351,21.150175539));
#16234=CARTESIAN_POINT('',(-28.060817837,36.573974771,21.109661395));
#16235=CARTESIAN_POINT('',(-28.059530427,36.574950777,21.069129104));
#16236=CARTESIAN_POINT('',(-22.902585809,39.640380334,21.585242196));
#16237=CARTESIAN_POINT('',(-22.923009967,39.67559021,21.587538492));
#16238=CARTESIAN_POINT('',(-22.943424868,39.711329999,21.581463922));
#16239=CARTESIAN_POINT('',(-22.980938188,39.778098192,21.553554117));
#16240=CARTESIAN_POINT('',(-22.998019604,39.80909636,21.531731524));
#16241=CARTESIAN_POINT('',(-23.026072491,39.861315272,21.475875275));
#16242=CARTESIAN_POINT('',(-23.037031247,39.882512367,21.441866918));
#16243=CARTESIAN_POINT('',(-23.051043015,39.911658904,21.367182016));
#16244=CARTESIAN_POINT('',(-23.054089675,39.919595146,21.326539299));
#16245=CARTESIAN_POINT('',(-23.052931011,39.920253555,21.285878164));
#16246=CARTESIAN_POINT('',(-20.252010131,41.057142551,21.677639732));
#16247=CARTESIAN_POINT('',(-20.270094715,41.093661121,21.680021377));
#16248=CARTESIAN_POINT('',(-20.288171063,41.130710303,21.674011027));
#16249=CARTESIAN_POINT('',(-20.321380128,41.199872335,21.646179365));
#16250=CARTESIAN_POINT('',(-20.33649772,41.231953705,21.624370723));
#16251=CARTESIAN_POINT('',(-20.361310985,41.285923778,21.568498421));
#16252=CARTESIAN_POINT('',(-20.370995357,41.307787916,21.534460195));
#16253=CARTESIAN_POINT('',(-20.383351355,41.33773498,21.459690034));
#16254=CARTESIAN_POINT('',(-20.386017354,41.345804275,21.418992134));
#16255=CARTESIAN_POINT('',(-20.384955493,41.34631618,21.3782757));
#16256=CARTESIAN_POINT('',(-14.725255587,43.346399239,21.826939081));
#16257=CARTESIAN_POINT('',(-14.738434592,43.385037982,21.829458999));
#16258=CARTESIAN_POINT('',(-14.751607545,43.424208457,21.82355273));
#16259=CARTESIAN_POINT('',(-14.775799652,43.497247068,21.795847744));
#16260=CARTESIAN_POINT('',(-14.786807697,43.531081694,21.77406174));
#16261=CARTESIAN_POINT('',(-14.804858049,43.587882933,21.718163458));
#16262=CARTESIAN_POINT('',(-14.811892068,43.610823484,21.684076828));
#16263=CARTESIAN_POINT('',(-14.820834174,43.642056236,21.609168476));
#16264=CARTESIAN_POINT('',(-14.822738156,43.650334106,21.568381124));
#16265=CARTESIAN_POINT('',(-14.821920285,43.650600811,21.527575049));
#16266=CARTESIAN_POINT('',(-11.849213381,44.218837104,21.883837202));
#16267=CARTESIAN_POINT('',(-11.859826562,44.258287201,21.886410035));
#16268=CARTESIAN_POINT('',(-11.870434857,44.29826945,21.880543622));
#16269=CARTESIAN_POINT('',(-11.889914578,44.372790595,21.852887161));
#16270=CARTESIAN_POINT('',(-11.898777036,44.407295195,21.831109842));
#16271=CARTESIAN_POINT('',(-11.913304283,44.465176348,21.775201632));
#16272=CARTESIAN_POINT('',(-11.918962383,44.488526263,21.741096472));
#16273=CARTESIAN_POINT('',(-11.926146365,44.520244247,21.666135197));
#16274=CARTESIAN_POINT('',(-11.927668938,44.528597717,21.625313582));
#16275=CARTESIAN_POINT('',(-11.926998151,44.52876584,21.584473171));
#16276=CARTESIAN_POINT('',(-5.982042051,45.385890043,21.959949351));
#16277=CARTESIAN_POINT('',(-5.98740685,45.42642647,21.962593031));
#16278=CARTESIAN_POINT('',(-5.992769168,45.467495612,21.956779989));
#16279=CARTESIAN_POINT('',(-6.002613876,45.544001455,21.929188513));
#16280=CARTESIAN_POINT('',(-6.007091712,45.579402803,21.907422829));
#16281=CARTESIAN_POINT('',(-6.014427707,45.63872883,21.851501331));
#16282=CARTESIAN_POINT('',(-6.017282471,45.662626093,21.817371359));
#16283=CARTESIAN_POINT('',(-6.020899725,45.694991766,21.742339213));
#16284=CARTESIAN_POINT('',(-6.021660541,45.703445219,21.701471713));
#16285=CARTESIAN_POINT('',(-6.021311474,45.703479958,21.660585319));
#16286=CARTESIAN_POINT('',(-2.991058006,45.680476259,21.979161495));
#16287=CARTESIAN_POINT('',(-2.993740462,45.721287597,21.981823104));
#16288=CARTESIAN_POINT('',(-2.996421678,45.762631788,21.976023574));
#16289=CARTESIAN_POINT('',(-3.00134413,45.839639684,21.948448553));
#16290=CARTESIAN_POINT('',(-3.003583089,45.875267765,21.926685819));
#16291=CARTESIAN_POINT('',(-3.007251138,45.934958703,21.870760961));
#16292=CARTESIAN_POINT('',(-3.008678532,45.958993948,21.836624708));
#16293=CARTESIAN_POINT('',(-3.010487147,45.99152212,21.761574619));
#16294=CARTESIAN_POINT('',(-3.010867532,46.,21.720695501));
#16295=CARTESIAN_POINT('',(-3.01069296,46.,21.679797463));
#16296=CARTESIAN_POINT('',(2.991058006,45.680476259,21.979161495));
#16297=CARTESIAN_POINT('',(2.993740462,45.721287597,21.981823104));
#16298=CARTESIAN_POINT('',(2.996421678,45.762631788,21.976023574));
#16299=CARTESIAN_POINT('',(3.00134413,45.839639684,21.948448553));
#16300=CARTESIAN_POINT('',(3.003583089,45.875267765,21.926685819));
#16301=CARTESIAN_POINT('',(3.007251138,45.934958703,21.870760961));
#16302=CARTESIAN_POINT('',(3.008678532,45.958993948,21.836624708));
#16303=CARTESIAN_POINT('',(3.010487147,45.99152212,21.761574619));
#16304=CARTESIAN_POINT('',(3.010867532,46.,21.720695501));
#16305=CARTESIAN_POINT('',(3.01069296,46.,21.679797463));
#16306=CARTESIAN_POINT('',(5.982042051,45.385890043,21.959949351));
#16307=CARTESIAN_POINT('',(5.98740685,45.42642647,21.962593031));
#16308=CARTESIAN_POINT('',(5.992769168,45.467495612,21.956779989));
#16309=CARTESIAN_POINT('',(6.002613876,45.544001455,21.929188513));
#16310=CARTESIAN_POINT('',(6.007091712,45.579402803,21.907422829));
#16311=CARTESIAN_POINT('',(6.014427707,45.63872883,21.851501331));
#16312=CARTESIAN_POINT('',(6.017282471,45.662626093,21.817371359));
#16313=CARTESIAN_POINT('',(6.020899725,45.694991766,21.742339213));
#16314=CARTESIAN_POINT('',(6.021660541,45.703445219,21.701471713));
#16315=CARTESIAN_POINT('',(6.021311474,45.703479958,21.660585319));
#16316=CARTESIAN_POINT('',(11.849213381,44.218837104,21.883837202));
#16317=CARTESIAN_POINT('',(11.859826562,44.258287201,21.886410035));
#16318=CARTESIAN_POINT('',(11.870434857,44.29826945,21.880543622));
#16319=CARTESIAN_POINT('',(11.889914578,44.372790595,21.852887161));
#16320=CARTESIAN_POINT('',(11.898777036,44.407295195,21.831109842));
#16321=CARTESIAN_POINT('',(11.913304283,44.465176348,21.775201632));
#16322=CARTESIAN_POINT('',(11.918962383,44.488526263,21.741096472));
#16323=CARTESIAN_POINT('',(11.926146365,44.520244247,21.666135197));
#16324=CARTESIAN_POINT('',(11.927668938,44.528597717,21.625313582));
#16325=CARTESIAN_POINT('',(11.926998151,44.52876584,21.584473171));
#16326=CARTESIAN_POINT('',(14.725255587,43.346399239,21.826939081));
#16327=CARTESIAN_POINT('',(14.738434592,43.385037982,21.829458999));
#16328=CARTESIAN_POINT('',(14.751607545,43.424208457,21.82355273));
#16329=CARTESIAN_POINT('',(14.775799652,43.497247068,21.795847744));
#16330=CARTESIAN_POINT('',(14.786807697,43.531081694,21.77406174));
#16331=CARTESIAN_POINT('',(14.804858049,43.587882933,21.718163458));
#16332=CARTESIAN_POINT('',(14.811892068,43.610823484,21.684076828));
#16333=CARTESIAN_POINT('',(14.820834174,43.642056236,21.609168476));
#16334=CARTESIAN_POINT('',(14.822738156,43.650334106,21.568381124));
#16335=CARTESIAN_POINT('',(14.821920285,43.650600811,21.527575049));
#16336=CARTESIAN_POINT('',(20.252010131,41.057142551,21.677639732));
#16337=CARTESIAN_POINT('',(20.270094715,41.093661121,21.680021377));
#16338=CARTESIAN_POINT('',(20.288171063,41.130710303,21.674011027));
#16339=CARTESIAN_POINT('',(20.321380128,41.199872335,21.646179365));
#16340=CARTESIAN_POINT('',(20.33649772,41.231953705,21.624370723));
#16341=CARTESIAN_POINT('',(20.361310985,41.285923778,21.568498421));
#16342=CARTESIAN_POINT('',(20.370995357,41.307787916,21.534460195));
#16343=CARTESIAN_POINT('',(20.383351355,41.33773498,21.459690034));
#16344=CARTESIAN_POINT('',(20.386017354,41.345804275,21.418992134));
#16345=CARTESIAN_POINT('',(20.384955493,41.34631618,21.3782757));
#16346=CARTESIAN_POINT('',(22.902585809,39.640380334,21.585242196));
#16347=CARTESIAN_POINT('',(22.923009967,39.67559021,21.587538492));
#16348=CARTESIAN_POINT('',(22.943424868,39.711329999,21.581463922));
#16349=CARTESIAN_POINT('',(22.980938188,39.778098192,21.553554117));
#16350=CARTESIAN_POINT('',(22.998019604,39.80909636,21.531731524));
#16351=CARTESIAN_POINT('',(23.026072491,39.861315272,21.475875275));
#16352=CARTESIAN_POINT('',(23.037031247,39.882512367,21.441866918));
#16353=CARTESIAN_POINT('',(23.051043015,39.911658904,21.367182016));
#16354=CARTESIAN_POINT('',(23.054089675,39.919595146,21.326539299));
#16355=CARTESIAN_POINT('',(23.052931011,39.920253555,21.285878164));
#16356=CARTESIAN_POINT('',(27.876533489,36.316894748,21.368493136));
#16357=CARTESIAN_POINT('',(27.901313811,36.349051625,21.370590323));
#16358=CARTESIAN_POINT('',(27.926083032,36.381736751,21.364366069));
#16359=CARTESIAN_POINT('',(27.971620798,36.442915574,21.33627421));
#16360=CARTESIAN_POINT('',(27.992368944,36.471381887,21.314419184));
#16361=CARTESIAN_POINT('',(28.026491155,36.519497738,21.258600455));
#16362=CARTESIAN_POINT('',(28.039849935,36.539125737,21.224661744));
#16363=CARTESIAN_POINT('',(28.057017121,36.566370351,21.150175539));
#16364=CARTESIAN_POINT('',(28.060817837,36.573974771,21.109661395));
#16365=CARTESIAN_POINT('',(28.059530427,36.574950777,21.069129104));
#16366=CARTESIAN_POINT('',(30.199782502,34.410253558,21.244146971));
#16367=CARTESIAN_POINT('',(30.22657928,34.440666297,21.246130411));
#16368=CARTESIAN_POINT('',(30.253364134,34.471606317,21.2398207));
#16369=CARTESIAN_POINT('',(30.302621853,34.529589884,21.211624941));
#16370=CARTESIAN_POINT('',(30.3250728,34.556607655,21.189751434));
#16371=CARTESIAN_POINT('',(30.362024554,34.602371732,21.133954172));
#16372=CARTESIAN_POINT('',(30.37650892,34.621097693,21.100055233));
#16373=CARTESIAN_POINT('',(30.395175713,34.647240832,21.025682456));
#16374=CARTESIAN_POINT('',(30.399349834,34.654646387,20.985241694));
#16375=CARTESIAN_POINT('',(30.398030527,34.655793342,20.944782939));
#16376=CARTESIAN_POINT('',(34.429777299,30.18025876,20.968277745));
#16377=CARTESIAN_POINT('',(34.460204733,30.206827872,20.970010513));
#16378=CARTESIAN_POINT('',(34.490618829,30.233922078,20.963512676));
#16379=CARTESIAN_POINT('',(34.546586631,30.284856648,20.935088319));
#16380=CARTESIAN_POINT('',(34.572115802,30.308674705,20.913174256));
#16381=CARTESIAN_POINT('',(34.614207325,30.349228717,20.857424415));
#16382=CARTESIAN_POINT('',(34.630751224,30.365946909,20.823613064));
#16383=CARTESIAN_POINT('',(34.652205951,30.389609805,20.749489947));
#16384=CARTESIAN_POINT('',(34.657107373,30.396544144,20.709210659));
#16385=CARTESIAN_POINT('',(34.655793342,30.398030527,20.668913713));
#16386=CARTESIAN_POINT('',(36.336418489,27.857009748,20.816761505));
#16387=CARTESIAN_POINT('',(36.368460047,27.881479555,20.818357362));
#16388=CARTESIAN_POINT('',(36.400487674,27.906473236,20.811756864));
#16389=CARTESIAN_POINT('',(36.459445459,27.953554378,20.783207822));
#16390=CARTESIAN_POINT('',(36.486349985,27.975621392,20.761271686));
#16391=CARTESIAN_POINT('',(36.530751607,28.013317266,20.705547795));
#16392=CARTESIAN_POINT('',(36.548229399,28.028929754,20.671784259));
#16393=CARTESIAN_POINT('',(36.570972365,28.051213817,20.597797362));
#16394=CARTESIAN_POINT('',(36.576227651,28.057875714,20.557606155));
#16395=CARTESIAN_POINT('',(36.574950777,28.059530427,20.517397474));
#16396=CARTESIAN_POINT('',(39.659904075,22.883062067,20.492373613));
#16397=CARTESIAN_POINT('',(39.694713158,22.903071247,20.49367856));
#16398=CARTESIAN_POINT('',(39.729507371,22.923601636,20.486860188));
#16399=CARTESIAN_POINT('',(39.793605836,22.962485087,20.458046697));
#16400=CARTESIAN_POINT('',(39.822882706,22.980821561,20.436063882));
#16401=CARTESIAN_POINT('',(39.871297316,23.012408238,20.380395281));
#16402=CARTESIAN_POINT('',(39.890414375,23.025644966,20.346733266));
#16403=CARTESIAN_POINT('',(39.915467935,23.044929135,20.27303541));
#16404=CARTESIAN_POINT('',(39.921393735,23.050968347,20.233031041));
#16405=CARTESIAN_POINT('',(39.920253555,23.052931011,20.193009581));
#16406=CARTESIAN_POINT('',(41.076666292,20.23248639,20.319509982));
#16407=CARTESIAN_POINT('',(41.112628755,20.250134431,20.320660941));
#16408=CARTESIAN_POINT('',(41.148576001,20.268302237,20.313727365));
#16409=CARTESIAN_POINT('',(41.214825105,20.302841744,20.284774123));
#16410=CARTESIAN_POINT('',(41.245098931,20.319198851,20.262766707));
#16411=CARTESIAN_POINT('',(41.295216343,20.347534644,20.207127441));
#16412=CARTESIAN_POINT('',(41.315038722,20.359501356,20.173519129));
#16413=CARTESIAN_POINT('',(41.341114515,20.377164433,20.099974083));
#16414=CARTESIAN_POINT('',(41.347356895,20.382853334,20.060068461));
#16415=CARTESIAN_POINT('',(41.34631618,20.384955493,20.02014595));
#16416=CARTESIAN_POINT('',(43.36592298,14.705731846,19.959069468));
#16417=CARTESIAN_POINT('',(43.403695282,14.718496391,19.959901939));
#16418=CARTESIAN_POINT('',(43.441451913,14.731777629,19.952730394));
#16419=CARTESIAN_POINT('',(43.511092846,14.757320942,19.923488681));
#16420=CARTESIAN_POINT('',(43.542948254,14.76957244,19.901430643));
#16421=CARTESIAN_POINT('',(43.59580087,14.791141557,19.845852224));
#16422=CARTESIAN_POINT('',(43.61677615,14.800450243,19.812354897));
#16423=CARTESIAN_POINT('',(43.644579703,14.814676972,19.739125434));
#16424=CARTESIAN_POINT('',(43.651396439,14.81958912,19.699423673));
#16425=CARTESIAN_POINT('',(43.650600811,14.821920285,19.659705436));
#16426=CARTESIAN_POINT('',(44.238360845,11.82968964,19.771501498));
#16427=CARTESIAN_POINT('',(44.276789632,11.839931994,19.772169478));
#16428=CARTESIAN_POINT('',(44.31520264,11.850689416,19.764875178));
#16429=CARTESIAN_POINT('',(44.386084785,11.871580777,19.735484755));
#16430=CARTESIAN_POINT('',(44.418524817,11.881706158,19.713400699));
#16431=CARTESIAN_POINT('',(44.472409789,11.899759668,19.65785379));
#16432=CARTESIAN_POINT('',(44.493832603,11.907680399,19.624413741));
#16433=CARTESIAN_POINT('',(44.522341541,11.920091889,19.55134704));
#16434=CARTESIAN_POINT('',(44.529415958,11.92457756,19.511750385));
#16435=CARTESIAN_POINT('',(44.52876584,11.926998151,19.472137466));
#16436=CARTESIAN_POINT('',(45.405413784,5.96251831,19.38885989));
#16437=CARTESIAN_POINT('',(45.444644586,5.967657984,19.389195086));
#16438=CARTESIAN_POINT('',(45.483859616,5.973309344,19.381652768));
#16439=CARTESIAN_POINT('',(45.556284293,5.984776598,19.351962103));
#16440=CARTESIAN_POINT('',(45.589464822,5.990587901,19.329825693));
#16441=CARTESIAN_POINT('',(45.644707668,6.001482343,19.274342716));
#16442=CARTESIAN_POINT('',(45.666747774,6.006561118,19.241018454));
#16443=CARTESIAN_POINT('',(45.696307797,6.015209259,19.168280534));
#16444=CARTESIAN_POINT('',(45.70381583,6.018775158,19.128896115));
#16445=CARTESIAN_POINT('',(45.703479958,6.021311474,19.089495858));
#16446=CARTESIAN_POINT('',(45.7,2.971534264,19.193795713));
#16447=CARTESIAN_POINT('',(45.739376394,2.974093588,19.193962625));
#16448=CARTESIAN_POINT('',(45.778737127,2.977162846,19.186295052));
#16449=CARTESIAN_POINT('',(45.851463211,2.983858203,19.156452863));
#16450=CARTESIAN_POINT('',(45.884799637,2.987481661,19.134290118));
#16451=CARTESIAN_POINT('',(45.940367991,2.994732826,19.078839562));
#16452=CARTESIAN_POINT('',(45.962577819,2.998357666,19.045573806));
#16453=CARTESIAN_POINT('',(45.992483404,3.00505777,18.973001894));
#16454=CARTESIAN_POINT('',(46.000167267,3.008130378,18.933724601));
#16455=CARTESIAN_POINT('',(46.,3.01069296,18.894431681));
#16456=CARTESIAN_POINT('',(45.7,-3.010581747,18.803657712));
#16457=CARTESIAN_POINT('',(45.739163423,-3.013141071,18.8034908));
#16458=CARTESIAN_POINT('',(45.778311603,-3.015194027,18.795575084));
#16459=CARTESIAN_POINT('',(45.850708178,-3.017977362,18.765432931));
#16460=CARTESIAN_POINT('',(45.883928395,-3.018706638,18.743218224));
#16461=CARTESIAN_POINT('',(45.939432114,-3.018729329,18.687832167));
#16462=CARTESIAN_POINT('',(45.961694014,-3.018022719,18.654682373));
#16463=CARTESIAN_POINT('',(45.991900202,-3.015278366,18.582439271));
#16464=CARTESIAN_POINT('',(45.999832733,-3.013241681,18.543374081));
#16465=CARTESIAN_POINT('',(46.,-3.01069296,18.50429368));
#16466=CARTESIAN_POINT('',(45.405413784,-6.001565793,18.608593535));
#16467=CARTESIAN_POINT('',(45.444218727,-6.006663304,18.608261089));
#16468=CARTESIAN_POINT('',(45.483008732,-6.011256259,18.600222493));
#16469=CARTESIAN_POINT('',(45.554774519,-6.01874618,18.569931903));
#16470=CARTESIAN_POINT('',(45.587722675,-6.021640244,18.547691572));
#16471=CARTESIAN_POINT('',(45.642836275,-6.025293337,18.49233759));
#16472=CARTESIAN_POINT('',(45.664980504,-6.026050947,18.459245251));
#16473=CARTESIAN_POINT('',(45.695141617,-6.025314185,18.387164943));
#16474=CARTESIAN_POINT('',(45.703146891,-6.023820091,18.348204726));
#16475=CARTESIAN_POINT('',(45.703479958,-6.021311474,18.309229503));
#16476=CARTESIAN_POINT('',(44.238360845,-11.868737122,18.225951927));
#16477=CARTESIAN_POINT('',(44.275970123,-11.878774969,18.225297285));
#16478=CARTESIAN_POINT('',(44.313565229,-11.888311866,18.217019816));
#16479=CARTESIAN_POINT('',(44.38317944,-11.904974423,18.186440873));
#16480=CARTESIAN_POINT('',(44.415172313,-11.912093784,18.164150922));
#16481=CARTESIAN_POINT('',(44.468808596,-11.922856385,18.10885954));
#16482=CARTESIAN_POINT('',(44.490431794,-11.926495554,18.075878945));
#16483=CARTESIAN_POINT('',(44.52009745,-11.929751455,18.004115039));
#16484=CARTESIAN_POINT('',(44.528128727,-11.929366952,17.965358772));
#16485=CARTESIAN_POINT('',(44.52876584,-11.926998151,17.926587895));
#16486=CARTESIAN_POINT('',(43.36592298,-14.744779328,18.038383957));
#16487=CARTESIAN_POINT('',(43.402695165,-14.757219243,18.037572658));
#16488=CARTESIAN_POINT('',(43.439453641,-14.769160003,18.029179201));
#16489=CARTESIAN_POINT('',(43.507547213,-14.790288446,17.998460344));
#16490=CARTESIAN_POINT('',(43.538856923,-14.799468236,17.9761464));
#16491=CARTESIAN_POINT('',(43.591406063,-14.813709777,17.920885541));
#16492=CARTESIAN_POINT('',(43.612625901,-14.818766205,17.887959233));
#16493=CARTESIAN_POINT('',(43.641841097,-14.824007017,17.816348929));
#16494=CARTESIAN_POINT('',(43.649825562,-14.824189441,17.777691638));
#16495=CARTESIAN_POINT('',(43.650600811,-14.821920285,17.739019925));
#16496=CARTESIAN_POINT('',(41.076666292,-20.271533872,17.677943443));
#16497=CARTESIAN_POINT('',(41.111327025,-20.288557125,17.676833231));
#16498=CARTESIAN_POINT('',(41.145975097,-20.305084711,17.668218716));
#16499=CARTESIAN_POINT('',(41.210210222,-20.334744421,17.63723337));
#16500=CARTESIAN_POINT('',(41.239773809,-20.347865691,17.614873862));
#16501=CARTESIAN_POINT('',(41.28949629,-20.368782311,17.559671386));
#16502=CARTESIAN_POINT('',(41.309637019,-20.376570006,17.526848588));
#16503=CARTESIAN_POINT('',(41.33755018,-20.385671148,17.455530978));
#16504=CARTESIAN_POINT('',(41.345312413,-20.386981261,17.417062226));
#16505=CARTESIAN_POINT('',(41.34631618,-20.384955493,17.378579411));
#16506=CARTESIAN_POINT('',(39.659904075,-22.92210955,17.505079812));
#16507=CARTESIAN_POINT('',(39.693290543,-22.941314018,17.503827347));
#16508=CARTESIAN_POINT('',(39.726664934,-22.960024515,17.495107764));
#16509=CARTESIAN_POINT('',(39.78856241,-22.993749486,17.463995844));
#16510=CARTESIAN_POINT('',(39.817063104,-23.008751743,17.441614767));
#16511=CARTESIAN_POINT('',(39.865046154,-23.032864357,17.386440149));
#16512=CARTESIAN_POINT('',(39.884511152,-23.041965977,17.353666574));
#16513=CARTESIAN_POINT('',(39.911572711,-23.052942355,17.282488052));
#16514=CARTESIAN_POINT('',(39.919159483,-23.054813135,17.244108863));
#16515=CARTESIAN_POINT('',(39.920253555,-23.052931011,17.20571578));
#16516=CARTESIAN_POINT('',(36.336418489,-27.89605723,17.18069192));
#16517=CARTESIAN_POINT('',(36.366873775,-27.91932979,17.179174144));
#16518=CARTESIAN_POINT('',(36.397318245,-27.942111589,17.170258803));
#16519=CARTESIAN_POINT('',(36.453821884,-27.983426266,17.138911185));
#16520=CARTESIAN_POINT('',(36.479860988,-28.001944453,17.116490047));
#16521=CARTESIAN_POINT('',(36.523781509,-28.032046548,17.061367496));
#16522=CARTESIAN_POINT('',(36.541647329,-28.043619753,17.028685667));
#16523=CARTESIAN_POINT('',(36.566629302,-28.058150495,16.957766251));
#16524=CARTESIAN_POINT('',(36.573736584,-28.061102865,16.91955386));
#16525=CARTESIAN_POINT('',(36.574950777,-28.059530427,16.881327888));
#16526=CARTESIAN_POINT('',(34.429777299,-30.219306243,17.02917568));
#16527=CARTESIAN_POINT('',(34.458575756,-30.244465645,17.027534849));
#16528=CARTESIAN_POINT('',(34.487364074,-30.269135804,17.018528818));
#16529=CARTESIAN_POINT('',(34.540811685,-30.313974845,16.987072077));
#16530=CARTESIAN_POINT('',(34.565452162,-30.334127924,16.964632448));
#16531=CARTESIAN_POINT('',(34.607049693,-30.367023382,16.909534105));
#16532=CARTESIAN_POINT('',(34.623992102,-30.379754166,16.876894798));
#16533=CARTESIAN_POINT('',(34.647746121,-30.395963852,16.806095398));
#16534=CARTESIAN_POINT('',(34.654549367,-30.39943704,16.767960241));
#16535=CARTESIAN_POINT('',(34.655793342,-30.398030527,16.729811648));
#16536=CARTESIAN_POINT('',(30.199782502,-34.44930104,16.753306454));
#16537=CARTESIAN_POINT('',(30.224949699,-34.477878731,16.751442691));
#16538=CARTESIAN_POINT('',(30.250108175,-34.505969961,16.742272499));
#16539=CARTESIAN_POINT('',(30.296844819,-34.557199246,16.710618318));
#16540=CARTESIAN_POINT('',(30.318406792,-34.580319531,16.688145304));
#16541=CARTESIAN_POINT('',(30.35486449,-34.618295427,16.633090892));
#16542=CARTESIAN_POINT('',(30.369747581,-34.633137863,16.600528582));
#16543=CARTESIAN_POINT('',(30.390714528,-34.652428604,16.529946401));
#16544=CARTESIAN_POINT('',(30.396791117,-34.656870215,16.491951));
#16545=CARTESIAN_POINT('',(30.398030527,-34.655793342,16.453942422));
#16546=CARTESIAN_POINT('',(27.876533489,-36.35594223,16.628960289));
#16547=CARTESIAN_POINT('',(27.899726335,-36.38605135,16.626996651));
#16548=CARTESIAN_POINT('',(27.922911202,-36.415675273,16.617752987));
#16549=CARTESIAN_POINT('',(27.965993059,-36.469770387,16.586010489));
#16550=CARTESIAN_POINT('',(27.985875226,-36.494222949,16.563522583));
#16551=CARTESIAN_POINT('',(28.019516207,-36.534485816,16.508487894));
#16552=CARTESIAN_POINT('',(28.033263445,-36.550282256,16.475960057));
#16553=CARTESIAN_POINT('',(28.052671357,-36.570974937,16.405475078));
#16554=CARTESIAN_POINT('',(28.058325353,-36.575864052,16.367542199));
#16555=CARTESIAN_POINT('',(28.059530427,-36.574950777,16.329596258));
#16556=CARTESIAN_POINT('',(22.902585809,-39.679427817,16.412211229));
#16557=CARTESIAN_POINT('',(22.921585296,-39.712196547,16.410074138));
#16558=CARTESIAN_POINT('',(22.940578327,-39.744482297,16.400702957));
#16559=CARTESIAN_POINT('',(22.975887645,-39.803557548,16.368807226));
#16560=CARTESIAN_POINT('',(22.992191934,-39.830326959,16.346293521));
#16561=CARTESIAN_POINT('',(23.019813039,-39.874573081,16.291293127));
#16562=CARTESIAN_POINT('',(23.031120471,-39.892034745,16.258825138));
#16563=CARTESIAN_POINT('',(23.047143174,-39.915185035,16.188508849));
#16564=CARTESIAN_POINT('',(23.051853001,-39.920865787,16.150684455));
#16565=CARTESIAN_POINT('',(23.052931011,-39.920253555,16.112847198));
#16566=CARTESIAN_POINT('',(20.252010131,-41.096190033,16.319813694));
#16567=CARTESIAN_POINT('',(20.268790681,-41.130086937,16.317603026));
#16568=CARTESIAN_POINT('',(20.28556556,-41.163501813,16.308177798));
#16569=CARTESIAN_POINT('',(20.316757268,-41.224691342,16.276217151));
#16570=CARTESIAN_POINT('',(20.331163556,-41.252445299,16.25369254));
#16571=CARTESIAN_POINT('',(20.355581642,-41.298387625,16.198706718));
#16572=CARTESIAN_POINT('',(20.365585187,-41.316560455,16.166264103));
#16573=CARTESIAN_POINT('',(20.379781845,-41.340766272,16.096019302));
#16574=CARTESIAN_POINT('',(20.383970158,-41.346791071,16.058240872));
#16575=CARTESIAN_POINT('',(20.384955493,-41.34631618,16.020449662));
#16576=CARTESIAN_POINT('',(14.725255587,-43.385446721,16.170514344));
#16577=CARTESIAN_POINT('',(14.73743217,-43.421162436,16.168185059));
#16578=CARTESIAN_POINT('',(14.749604673,-43.456397664,16.158672732));
#16579=CARTESIAN_POINT('',(14.772246043,-43.52099708,16.126607489));
#16580=CARTESIAN_POINT('',(14.782707324,-43.550339607,16.104065325));
#16581=CARTESIAN_POINT('',(14.800453951,-43.599021373,16.049103014));
#16582=CARTESIAN_POINT('',(14.807733352,-43.618344288,16.016701296));
#16583=CARTESIAN_POINT('',(14.818090393,-43.644261492,15.946571696));
#16584=CARTESIAN_POINT('',(14.821164564,-43.650847089,15.908867327));
#16585=CARTESIAN_POINT('',(14.821920285,-43.650600811,15.871150312));
#16586=CARTESIAN_POINT('',(11.849213381,-44.257884586,16.113616223));
#16587=CARTESIAN_POINT('',(11.859004997,-44.294290935,16.111241896));
#16588=CARTESIAN_POINT('',(11.868793342,-44.330217387,16.101696516));
#16589=CARTESIAN_POINT('',(11.887002116,-44.396112395,16.069591594));
#16590=CARTESIAN_POINT('',(11.895416464,-44.426058929,16.047042781));
#16591=CARTESIAN_POINT('',(11.9096948,-44.475783878,15.992089409));
#16592=CARTESIAN_POINT('',(11.91555402,-44.495545675,15.959703215));
#16593=CARTESIAN_POINT('',(11.923897656,-44.522118638,15.889617328));
#16594=CARTESIAN_POINT('',(11.926379286,-44.528920923,15.851941057));
#16595=CARTESIAN_POINT('',(11.926998151,-44.52876584,15.814252191));
#16596=CARTESIAN_POINT('',(5.982042051,-45.424937525,16.037504074));
#16597=CARTESIAN_POINT('',(5.986979787,-45.462267008,16.035069543));
#16598=CARTESIAN_POINT('',(5.991915882,-45.499117385,16.025479989));
#16599=CARTESIAN_POINT('',(6.001099937,-45.566744372,15.993322041));
#16600=CARTESIAN_POINT('',(6.005344845,-45.597498481,15.970764347));
#16601=CARTESIAN_POINT('',(6.012551465,-45.64861865,15.915822925));
#16602=CARTESIAN_POINT('',(6.015510782,-45.668967702,15.883457479));
#16603=CARTESIAN_POINT('',(6.019730844,-45.696418885,15.813430012));
#16604=CARTESIAN_POINT('',(6.020990185,-45.703511882,15.775791291));
#16605=CARTESIAN_POINT('',(6.021311474,-45.703479958,15.738140043));
#16606=CARTESIAN_POINT('',(2.991058006,-45.719523741,16.01829193));
#16607=CARTESIAN_POINT('',(2.993526888,-45.757085724,16.015842235));
#16608=CARTESIAN_POINT('',(2.99599495,-45.794168801,16.00624156));
#16609=CARTESIAN_POINT('',(3.000587009,-45.862232168,15.974070265));
#16610=CARTESIAN_POINT('',(3.00270948,-45.893189836,15.951510337));
#16611=CARTESIAN_POINT('',(3.006312829,-45.944662016,15.896571928));
#16612=CARTESIAN_POINT('',(3.00779251,-45.965159421,15.864211706));
#16613=CARTESIAN_POINT('',(3.009902589,-45.992833012,15.794198946));
#16614=CARTESIAN_POINT('',(3.010532287,-46.,15.756569677));
#16615=CARTESIAN_POINT('',(3.01069296,-46.,15.718927898));
#16616=CARTESIAN_POINT('',(-0.,-45.719523741,16.01829193));
#16617=CARTESIAN_POINT('',(-0.,-45.757085724,16.015842235));
#16618=CARTESIAN_POINT('',(-0.,-45.794168801,16.00624156));
#16619=CARTESIAN_POINT('',(-0.,-45.862232168,15.974070265));
#16620=CARTESIAN_POINT('',(-0.,-45.893189836,15.951510337));
#16621=CARTESIAN_POINT('',(-0.,-45.944662016,15.896571928));
#16622=CARTESIAN_POINT('',(-0.,-45.965159421,15.864211706));
#16623=CARTESIAN_POINT('',(-0.,-45.992833012,15.794198946));
#16624=CARTESIAN_POINT('',(-0.,-46.,15.756569677));
#16625=CARTESIAN_POINT('',(-0.,-46.,15.718927898));
#16626=B_SPLINE_SURFACE_WITH_KNOTS('',3,3,((#15966,#15967,#15968,#15969,#15970,#15971,#15972,#15973,#15974,#15975),(#15976,#15977,#15978,#15979,#15980,#15981,#15982,#15983,#15984,#15985),(#15986,#15987,#15988,#15989,#15990,#15991,#15992,#15993,#15994,#15995),(#15996,#15997,#15998,#15999,#16000,#16001,#16002,#16003,#16004,#16005),(#16006,#16007,#16008,#16009,#16010,#16011,#16012,#16013,#16014,#16015),(#16016,#16017,#16018,#16019,#16020,#16021,#16022,#16023,#16024,#16025),(#16026,#16027,#16028,#16029,#16030,#16031,#16032,#16033,#16034,#16035),(#16036,#16037,#16038,#16039,#16040,#16041,#16042,#16043,#16044,#16045),(#16046,#16047,#16048,#16049,#16050,#16051,#16052,#16053,#16054,#16055),(#16056,#16057,#16058,#16059,#16060,#16061,#16062,#16063,#16064,#16065),(#16066,#16067,#16068,#16069,#16070,#16071,#16072,#16073,#16074,#16075),(#16076,#16077,#16078,#16079,#16080,#16081,#16082,#16083,#16084,#16085),(#16086,#16087,#16088,#16089,#16090,#16091,#16092,#16093,#16094,#16095),(#16096,#16097,#16098,#16099,#16100,#16101,#16102,#16103,#16104,#16105),(#16106,#16107,#16108,#16109,#16110,#16111,#16112,#16113,#16114,#16115),(#16116,#16117,#16118,#16119,#16120,#16121,#16122,#16123,#16124,#16125),(#16126,#16127,#16128,#16129,#16130,#16131,#16132,#16133,#16134,#16135),(#16136,#16137,#16138,#16139,#16140,#16141,#16142,#16143,#16144,#16145),(#16146,#16147,#16148,#16149,#16150,#16151,#16152,#16153,#16154,#16155),(#16156,#16157,#16158,#16159,#16160,#16161,#16162,#16163,#16164,#16165),(#16166,#16167,#16168,#16169,#16170,#16171,#16172,#16173,#16174,#16175),(#16176,#16177,#16178,#16179,#16180,#16181,#16182,#16183,#16184,#16185),(#16186,#16187,#16188,#16189,#16190,#16191,#16192,#16193,#16194,#16195),(#16196,#16197,#16198,#16199,#16200,#16201,#16202,#16203,#16204,#16205),(#16206,#16207,#16208,#16209,#16210,#16211,#16212,#16213,#16214,#16215),(#16216,#16217,#16218,#16219,#16220,#16221,#16222,#16223,#16224,#16225),
(#16226,#16227,#16228,#16229,#16230,#16231,#16232,#16233,#16234,#16235),(#16236,#16237,#16238,#16239,#16240,#16241,#16242,#16243,#16244,#16245),(#16246,#16247,#16248,#16249,#16250,#16251,#16252,#16253,#16254,#16255),(#16256,#16257,#16258,#16259,#16260,#16261,#16262,#16263,#16264,#16265),(#16266,#16267,#16268,#16269,#16270,#16271,#16272,#16273,#16274,#16275),(#16276,#16277,#16278,#16279,#16280,#16281,#16282,#16283,#16284,#16285),(#16286,#16287,#16288,#16289,#16290,#16291,#16292,#16293,#16294,#16295),(#16296,#16297,#16298,#16299,#16300,#16301,#16302,#16303,#16304,#16305),(#16306,#16307,#16308,#16309,#16310,#16311,#16312,#16313,#16314,#16315),(#16316,#16317,#16318,#16319,#16320,#16321,#16322,#16323,#16324,#16325),(#16326,#16327,#16328,#16329,#16330,#16331,#16332,#16333,#16334,#16335),(#16336,#16337,#16338,#16339,#16340,#16341,#16342,#16343,#16344,#16345),(#16346,#16347,#16348,#16349,#16350,#16351,#16352,#16353,#16354,#16355),(#16356,#16357,#16358,#16359,#16360,#16361,#16362,#16363,#16364,#16365),(#16366,#16367,#16368,#16369,#16370,#16371,#16372,#16373,#16374,#16375),(#16376,#16377,#16378,#16379,#16380,#16381,#16382,#16383,#16384,#16385),(#16386,#16387,#16388,#16389,#16390,#16391,#16392,#16393,#16394,#16395),(#16396,#16397,#16398,#16399,#16400,#16401,#16402,#16403,#16404,#16405),(#16406,#16407,#16408,#16409,#16410,#16411,#16412,#16413,#16414,#16415),(#16416,#16417,#16418,#16419,#16420,#16421,#16422,#16423,#16424,#16425),(#16426,#16427,#16428,#16429,#16430,#16431,#16432,#16433,#16434,#16435),(#16436,#16437,#16438,#16439,#16440,#16441,#16442,#16443,#16444,#16445),(#16446,#16447,#16448,#16449,#16450,#16451,#16452,#16453,#16454,#16455),(#16456,#16457,#16458,#16459,#16460,#16461,#16462,#16463,#16464,#16465),(#16466,#16467,#16468,#16469,#16470,#16471,#16472,#16473,#16474,#16475),
(#16476,#16477,#16478,#16479,#16480,#16481,#16482,#16483,#16484,#16485),(#16486,#16487,#16488,#16489,#16490,#16491,#16492,#16493,#16494,#16495),(#16496,#16497,#16498,#16499,#16500,#16501,#16502,#16503,#16504,#16505),(#16506,#16507,#16508,#16509,#16510,#16511,#16512,#16513,#16514,#16515),(#16516,#16517,#16518,#16519,#16520,#16521,#16522,#16523,#16524,#16525),(#16526,#16527,#16528,#16529,#16530,#16531,#16532,#16533,#16534,#16535),(#16536,#16537,#16538,#16539,#16540,#16541,#16542,#16543,#16544,#16545),(#16546,#16547,#16548,#16549,#16550,#16551,#16552,#16553,#16554,#16555),(#16556,#16557,#16558,#16559,#16560,#16561,#16562,#16563,#16564,#16565),(#16566,#16567,#16568,#16569,#16570,#16571,#16572,#16573,#16574,#16575),(#16576,#16577,#16578,#16579,#16580,#16581,#16582,#16583,#16584,#16585),(#16586,#16587,#16588,#16589,#16590,#16591,#16592,#16593,#16594,#16595),(#16596,#16597,#16598,#16599,#16600,#16601,#16602,#16603,#16604,#16605),(#16606,#16607,#16608,#16609,#16610,#16611,#16612,#16613,#16614,#16615),(#16616,#16617,#16618,#16619,#16620,#16621,#16622,#16623,#16624,#16625)),.UNSPECIFIED.,.T.,.F.,.U.,(4,2,2,2,2,2,2,2,2,2,2,2,2,2,2,2,2,2,2,2,2,2,2,2,2,2,
2,2,2,2,2,2,4),(4,2,2,2,4),(0.,0.196349541,0.392699082,0.589048623,0.785398163,0.981747704,1.178097245,1.374446786,1.570796327,1.767145868,1.963495408,2.159844949,2.35619449,2.552544031,2.748893572,2.945243113,3.141592654,3.337942194,3.534291735,3.730641276,3.926990817,4.123340358,4.319689899,4.51603944,4.71238898,4.908738521,
5.105088062,5.301437603,5.497787144,5.694136685,5.890486225,6.086835766,6.283185307),(0.,0.25,0.5,0.75,1.),.UNSPECIFIED.);
#16627=CARTESIAN_POINT('',(-0.,-46.,15.718927898));
#16628=CARTESIAN_POINT('',(-0.,-46.,15.756569677));
#16629=CARTESIAN_POINT('',(-0.,-45.992833012,15.794198946));
#16630=CARTESIAN_POINT('',(-0.,-45.965159421,15.864211706));
#16631=CARTESIAN_POINT('',(-0.,-45.944662016,15.896571928));
#16632=CARTESIAN_POINT('',(-0.,-45.893189836,15.951510337));
#16633=CARTESIAN_POINT('',(-0.,-45.862232168,15.974070265));
#16634=CARTESIAN_POINT('',(-0.,-45.794168801,16.00624156));
#16635=CARTESIAN_POINT('',(-0.,-45.757085724,16.015842235));
#16636=CARTESIAN_POINT('',(-0.,-45.719523741,16.01829193));
#16637=B_SPLINE_CURVE_WITH_KNOTS('',3,(#16627,#16628,#16629,#16630,#16631,#16632,#16633,#16634,#16635,#16636),.UNSPECIFIED.,.F.,.F.,(4,2,2,2,4),(0.,0.25,0.5,0.75,1.),.UNSPECIFIED.);
#16638=EDGE_CURVE('',#7745,#8619,#16637,.T.);
#16639=ORIENTED_EDGE('',*,*,#16638,.T.);
#16640=ORIENTED_EDGE('',*,*,#8625,.F.);
#16641=ORIENTED_EDGE('',*,*,#16638,.F.);
#16642=ORIENTED_EDGE('',*,*,#7751,.F.);
#16643=ORIENTED_EDGE('',*,*,#7758,.F.);
#16644=EDGE_LOOP('',(#16639,#16640,#16641,#16642,#16643));
#16645=FACE_BOUND('',#16644,.T.);
#16646=ADVANCED_FACE('',(#16645),#16626,.T.);
#16647=CARTESIAN_POINT('',(0.,0.,0.3));
#16648=DIRECTION('',(0.,0.,1.));
#16649=DIRECTION('',(1.,0.,-0.));
#16650=AXIS2_PLACEMENT_3D('',#16647,#16648,#16649);
#16651=TOROIDAL_SURFACE('',#16650,45.7,0.3);
#16652=CARTESIAN_POINT('',(45.7,0.,0.3));
#16653=DIRECTION('',(-0.,1.,-0.));
#16654=DIRECTION('',(1.,0.,0.));
#16655=AXIS2_PLACEMENT_3D('',#16652,#16653,#16654);
#16656=CIRCLE('',#16655,0.3);
#16657=EDGE_CURVE('',#7796,#8598,#16656,.T.);
#16658=ORIENTED_EDGE('',*,*,#16657,.T.);
#16659=ORIENTED_EDGE('',*,*,#8604,.F.);
#16660=ORIENTED_EDGE('',*,*,#16657,.F.);
#16661=ORIENTED_EDGE('',*,*,#7802,.F.);
#16662=ORIENTED_EDGE('',*,*,#7809,.F.);
#16663=EDGE_LOOP('',(#16658,#16659,#16660,#16661,#16662));
#16664=FACE_BOUND('',#16663,.T.);
#16665=ADVANCED_FACE('',(#16664),#16651,.T.);
#16666=CARTESIAN_POINT('',(0.,0.,0.7));
#16667=DIRECTION('',(0.,0.,1.));
#16668=DIRECTION('',(1.,0.,-0.));
#16669=AXIS2_PLACEMENT_3D('',#16666,#16667,#16668);
#16670=TOROIDAL_SURFACE('',#16669,46.3,0.3);
#16671=ORIENTED_EDGE('',*,*,#11588,.F.);
#16672=CARTESIAN_POINT('',(-14.484076236,-43.660182496,0.7));
#16673=CARTESIAN_POINT('',(-14.419884466,-43.681477838,0.767854351));
#16674=CARTESIAN_POINT('',(-14.362734359,-43.723136226,0.835430608));
#16675=CARTESIAN_POINT('',(-14.322981085,-43.787789542,0.893560857));
#16676=CARTESIAN_POINT('',(-14.303104448,-43.8201162,0.922625981));
#16677=CARTESIAN_POINT('',(-14.288035228,-43.858220202,0.948900478));
#16678=CARTESIAN_POINT('',(-14.28170399,-43.901450914,0.96843665));
#16679=CARTESIAN_POINT('',(-14.275372753,-43.944681626,0.987972821));
#16680=CARTESIAN_POINT('',(-14.278422079,-43.992535499,1.));
#16681=CARTESIAN_POINT('',(-14.293492747,-44.038461203,1.));
#16682=B_SPLINE_CURVE_WITH_KNOTS('',3,(#16672,#16673,#16674,#16675,#16676,#16677,#16678,#16679,#16680,#16681),.UNSPECIFIED.,.F.,.F.,(4,3,3,4),(0.,0.000285005,0.000427507,0.00057001),.UNSPECIFIED.);
#16683=EDGE_CURVE('',#7841,#11573,#16682,.T.);
#16684=ORIENTED_EDGE('',*,*,#16683,.F.);
#16685=ORIENTED_EDGE('',*,*,#7847,.F.);
#16686=CARTESIAN_POINT('',(-9.640702774,-45.285172518,1.));
#16687=CARTESIAN_POINT('',(-9.630791503,-45.237864359,1.));
#16688=CARTESIAN_POINT('',(-9.609505361,-45.194897026,0.987972821));
#16689=CARTESIAN_POINT('',(-9.582406992,-45.16062375,0.96843665));
#16690=CARTESIAN_POINT('',(-9.555308623,-45.126350473,0.948900478));
#16691=CARTESIAN_POINT('',(-9.523206295,-45.10088605,0.922625981));
#16692=CARTESIAN_POINT('',(-9.489829293,-45.082828661,0.893560857));
#16693=CARTESIAN_POINT('',(-9.42307529,-45.046713885,0.835430608));
#16694=CARTESIAN_POINT('',(-9.352754867,-45.039211258,0.767852096));
#16695=CARTESIAN_POINT('',(-9.286513277,-45.052865294,0.7));
#16696=B_SPLINE_CURVE_WITH_KNOTS('',3,(#16686,#16687,#16688,#16689,#16690,#16691,#16692,#16693,#16694,#16695),.UNSPECIFIED.,.F.,.F.,(4,3,3,4),(0.,0.000142502,0.000285005,0.00057001),.UNSPECIFIED.);
#16697=EDGE_CURVE('',#11582,#7839,#16696,.T.);
#16698=ORIENTED_EDGE('',*,*,#16697,.F.);
#16699=EDGE_LOOP('',(#16671,#16684,#16685,#16698));
#16700=FACE_BOUND('',#16699,.T.);
#16701=ADVANCED_FACE('',(#16700),#16670,.F.);
#16702=CARTESIAN_POINT('',(-14.578537603,-43.944922817,22.));
#16703=DIRECTION('',(0.,0.,-1.));
#16704=DIRECTION('',(-1.,0.,0.));
#16705=AXIS2_PLACEMENT_3D('',#16702,#16703,#16704);
#16706=CYLINDRICAL_SURFACE('',#16705,0.3);
#16707=ORIENTED_EDGE('',*,*,#11406,.F.);
#16708=ORIENTED_EDGE('',*,*,#11536,.F.);
#16709=CARTESIAN_POINT('',(-14.484076236,-43.660182496,13.3));
#16710=CARTESIAN_POINT('',(-14.419882319,-43.68147855,13.232147904));
#16711=CARTESIAN_POINT('',(-14.362734359,-43.723136226,13.164569392));
#16712=CARTESIAN_POINT('',(-14.322981085,-43.787789542,13.106439143));
#16713=CARTESIAN_POINT('',(-14.303104448,-43.8201162,13.077374019));
#16714=CARTESIAN_POINT('',(-14.288035228,-43.858220202,13.051099522));
#16715=CARTESIAN_POINT('',(-14.28170399,-43.901450914,13.03156335));
#16716=CARTESIAN_POINT('',(-14.275372753,-43.944681626,13.012027179));
#16717=CARTESIAN_POINT('',(-14.278422079,-43.992535499,13.));
#16718=CARTESIAN_POINT('',(-14.293492747,-44.038461203,13.));
#16719=B_SPLINE_CURVE_WITH_KNOTS('',3,(#16709,#16710,#16711,#16712,#16713,#16714,#16715,#16716,#16717,#16718),.UNSPECIFIED.,.F.,.F.,(4,3,3,4),(0.,0.000285005,0.000427507,0.00057001),.UNSPECIFIED.);
#16720=EDGE_CURVE('',#7850,#11523,#16719,.T.);
#16721=ORIENTED_EDGE('',*,*,#16720,.F.);
#16722=ORIENTED_EDGE('',*,*,#7855,.F.);
#16723=ORIENTED_EDGE('',*,*,#16683,.T.);
#16724=ORIENTED_EDGE('',*,*,#11579,.F.);
#16725=EDGE_LOOP('',(#16707,#16708,#16721,#16722,#16723,#16724));
#16726=FACE_BOUND('',#16725,.T.);
#16727=ADVANCED_FACE('',(#16726),#16706,.F.);
#16728=CARTESIAN_POINT('',(-9.347077494,-45.346688328,22.));
#16729=DIRECTION('',(0.,0.,-1.));
#16730=DIRECTION('',(-1.,0.,0.));
#16731=AXIS2_PLACEMENT_3D('',#16728,#16729,#16730);
#16732=CYLINDRICAL_SURFACE('',#16731,0.3);
#16733=ORIENTED_EDGE('',*,*,#16697,.T.);
#16734=ORIENTED_EDGE('',*,*,#7870,.F.);
#16735=CARTESIAN_POINT('',(-9.640702774,-45.285172518,13.));
#16736=CARTESIAN_POINT('',(-9.630791503,-45.237864359,13.));
#16737=CARTESIAN_POINT('',(-9.609505361,-45.194897026,13.012027179));
#16738=CARTESIAN_POINT('',(-9.582406992,-45.16062375,13.03156335));
#16739=CARTESIAN_POINT('',(-9.555308623,-45.126350473,13.051099522));
#16740=CARTESIAN_POINT('',(-9.523206295,-45.10088605,13.077374019));
#16741=CARTESIAN_POINT('',(-9.489829293,-45.082828661,13.106439143));
#16742=CARTESIAN_POINT('',(-9.42307529,-45.046713885,13.164569392));
#16743=CARTESIAN_POINT('',(-9.352752652,-45.039211715,13.232145649));
#16744=CARTESIAN_POINT('',(-9.286513277,-45.052865294,13.3));
#16745=B_SPLINE_CURVE_WITH_KNOTS('',3,(#16735,#16736,#16737,#16738,#16739,#16740,#16741,#16742,#16743,#16744),.UNSPECIFIED.,.F.,.F.,(4,3,3,4),(0.,0.000142502,0.000285005,0.00057001),.UNSPECIFIED.);
#16746=EDGE_CURVE('',#11514,#7858,#16745,.T.);
#16747=ORIENTED_EDGE('',*,*,#16746,.F.);
#16748=ORIENTED_EDGE('',*,*,#11520,.F.);
#16749=ORIENTED_EDGE('',*,*,#11488,.F.);
#16750=ORIENTED_EDGE('',*,*,#11595,.F.);
#16751=EDGE_LOOP('',(#16733,#16734,#16747,#16748,#16749,#16750));
#16752=FACE_BOUND('',#16751,.T.);
#16753=ADVANCED_FACE('',(#16752),#16732,.F.);
#16754=CARTESIAN_POINT('',(0.,0.,13.3));
#16755=DIRECTION('',(0.,0.,1.));
#16756=DIRECTION('',(1.,0.,-0.));
#16757=AXIS2_PLACEMENT_3D('',#16754,#16755,#16756);
#16758=TOROIDAL_SURFACE('',#16757,46.3,0.3);
#16759=ORIENTED_EDGE('',*,*,#16720,.T.);
#16760=ORIENTED_EDGE('',*,*,#11529,.F.);
#16761=ORIENTED_EDGE('',*,*,#16746,.T.);
#16762=ORIENTED_EDGE('',*,*,#7864,.F.);
#16763=EDGE_LOOP('',(#16759,#16760,#16761,#16762));
#16764=FACE_BOUND('',#16763,.T.);
#16765=ADVANCED_FACE('',(#16764),#16758,.F.);
#16766=CARTESIAN_POINT('',(0.,0.,0.7));
#16767=DIRECTION('',(0.,0.,1.));
#16768=DIRECTION('',(1.,0.,-0.));
#16769=AXIS2_PLACEMENT_3D('',#16766,#16767,#16768);
#16770=TOROIDAL_SURFACE('',#16769,46.3,0.3);
#16771=ORIENTED_EDGE('',*,*,#14751,.F.);
#16772=CARTESIAN_POINT('',(45.046490243,9.347076687,0.760797517));
#16773=VERTEX_POINT('',#16772);
#16774=CARTESIAN_POINT('',(45.052865294,9.286513277,0.7));
#16775=CARTESIAN_POINT('',(45.039211715,9.352752652,0.767854351));
#16776=CARTESIAN_POINT('',(45.046713885,9.42307529,0.835430608));
#16777=CARTESIAN_POINT('',(45.082828661,9.489829293,0.893560857));
#16778=CARTESIAN_POINT('',(45.10088605,9.523206295,0.922625981));
#16779=CARTESIAN_POINT('',(45.126350473,9.555308623,0.948900478));
#16780=CARTESIAN_POINT('',(45.16062375,9.582406992,0.96843665));
#16781=CARTESIAN_POINT('',(45.194897026,9.609505361,0.987972821));
#16782=CARTESIAN_POINT('',(45.237864359,9.630791503,1.));
#16783=CARTESIAN_POINT('',(45.285172518,9.640702774,1.));
#16784=B_SPLINE_CURVE_WITH_KNOTS('',3,(#16774,#16775,#16776,#16777,#16778,#16779,#16780,#16781,#16782,#16783),.UNSPECIFIED.,.F.,.F.,(4,3,3,4),(0.,0.000285005,0.000427507,0.00057001),.UNSPECIFIED.);
#16785=EDGE_CURVE('',#16773,#14736,#16784,.T.);
#16786=ORIENTED_EDGE('',*,*,#16785,.F.);
#16787=CARTESIAN_POINT('',(45.052865294,9.286513277,0.7));
#16788=CARTESIAN_POINT('',(45.039211715,9.352752652,0.767854351));
#16789=CARTESIAN_POINT('',(45.046713885,9.42307529,0.835430608));
#16790=CARTESIAN_POINT('',(45.082828661,9.489829293,0.893560857));
#16791=CARTESIAN_POINT('',(45.10088605,9.523206295,0.922625981));
#16792=CARTESIAN_POINT('',(45.126350473,9.555308623,0.948900478));
#16793=CARTESIAN_POINT('',(45.16062375,9.582406992,0.96843665));
#16794=CARTESIAN_POINT('',(45.194897026,9.609505361,0.987972821));
#16795=CARTESIAN_POINT('',(45.237864359,9.630791503,1.));
#16796=CARTESIAN_POINT('',(45.285172518,9.640702774,1.));
#16797=B_SPLINE_CURVE_WITH_KNOTS('',3,(#16787,#16788,#16789,#16790,#16791,#16792,#16793,#16794,#16795,#16796),.UNSPECIFIED.,.F.,.F.,(4,3,3,4),(0.,0.000285005,0.000427507,0.00057001),.UNSPECIFIED.);
#16798=EDGE_CURVE('',#7877,#16773,#16797,.T.);
#16799=ORIENTED_EDGE('',*,*,#16798,.F.);
#16800=ORIENTED_EDGE('',*,*,#7883,.F.);
#16801=CARTESIAN_POINT('',(44.038461203,14.293492747,1.));
#16802=CARTESIAN_POINT('',(43.992535499,14.278422079,1.));
#16803=CARTESIAN_POINT('',(43.944681626,14.275372753,0.987972821));
#16804=CARTESIAN_POINT('',(43.901450914,14.28170399,0.96843665));
#16805=CARTESIAN_POINT('',(43.858220202,14.288035228,0.948900478));
#16806=CARTESIAN_POINT('',(43.8201162,14.303104448,0.922625981));
#16807=CARTESIAN_POINT('',(43.787789542,14.322981085,0.893560857));
#16808=CARTESIAN_POINT('',(43.723136226,14.362734359,0.835430608));
#16809=CARTESIAN_POINT('',(43.68147855,14.419882319,0.767852096));
#16810=CARTESIAN_POINT('',(43.660182496,14.484076236,0.7));
#16811=B_SPLINE_CURVE_WITH_KNOTS('',3,(#16801,#16802,#16803,#16804,#16805,#16806,#16807,#16808,#16809,#16810),.UNSPECIFIED.,.F.,.F.,(4,3,3,4),(0.,0.000142502,0.000285005,0.00057001),.UNSPECIFIED.);
#16812=EDGE_CURVE('',#14745,#7875,#16811,.T.);
#16813=ORIENTED_EDGE('',*,*,#16812,.F.);
#16814=EDGE_LOOP('',(#16771,#16786,#16799,#16800,#16813));
#16815=FACE_BOUND('',#16814,.T.);
#16816=ADVANCED_FACE('',(#16815),#16770,.F.);
#16817=CARTESIAN_POINT('',(45.346688328,9.347077494,22.));
#16818=DIRECTION('',(0.,0.,-1.));
#16819=DIRECTION('',(-1.,0.,0.));
#16820=AXIS2_PLACEMENT_3D('',#16817,#16818,#16819);
#16821=CYLINDRICAL_SURFACE('',#16820,0.3);
#16822=CARTESIAN_POINT('',(45.046490046,9.347076685,13.23920444));
#16823=VERTEX_POINT('',#16822);
#16824=CARTESIAN_POINT('',(45.046688328,9.347077494,0.760797517));
#16825=DIRECTION('',(-0.,-0.,1.));
#16826=VECTOR('',#16825,12.478406924);
#16827=LINE('',#16824,#16826);
#16828=EDGE_CURVE('',#16773,#16823,#16827,.T.);
#16829=ORIENTED_EDGE('',*,*,#16828,.F.);
#16830=ORIENTED_EDGE('',*,*,#16785,.T.);
#16831=ORIENTED_EDGE('',*,*,#14742,.F.);
#16832=ORIENTED_EDGE('',*,*,#14568,.F.);
#16833=ORIENTED_EDGE('',*,*,#14698,.F.);
#16834=CARTESIAN_POINT('',(45.052865294,9.286513277,13.3));
#16835=CARTESIAN_POINT('',(45.039211258,9.352754867,13.232147904));
#16836=CARTESIAN_POINT('',(45.046713885,9.42307529,13.164569392));
#16837=CARTESIAN_POINT('',(45.082828661,9.489829293,13.106439143));
#16838=CARTESIAN_POINT('',(45.10088605,9.523206295,13.077374019));
#16839=CARTESIAN_POINT('',(45.126350473,9.555308623,13.051099522));
#16840=CARTESIAN_POINT('',(45.16062375,9.582406992,13.03156335));
#16841=CARTESIAN_POINT('',(45.194897026,9.609505361,13.012027179));
#16842=CARTESIAN_POINT('',(45.237864359,9.630791503,13.));
#16843=CARTESIAN_POINT('',(45.285172518,9.640702774,13.));
#16844=B_SPLINE_CURVE_WITH_KNOTS('',3,(#16834,#16835,#16836,#16837,#16838,#16839,#16840,#16841,#16842,#16843),.UNSPECIFIED.,.F.,.F.,(4,3,3,4),(0.,0.000285005,0.000427507,0.00057001),.UNSPECIFIED.);
#16845=EDGE_CURVE('',#16823,#14685,#16844,.T.);
#16846=ORIENTED_EDGE('',*,*,#16845,.F.);
#16847=EDGE_LOOP('',(#16829,#16830,#16831,#16832,#16833,#16846));
#16848=FACE_BOUND('',#16847,.T.);
#16849=ADVANCED_FACE('',(#16848),#16821,.F.);
#16850=CARTESIAN_POINT('',(43.944922817,14.578537603,22.));
#16851=DIRECTION('',(0.,0.,-1.));
#16852=DIRECTION('',(-1.,0.,0.));
#16853=AXIS2_PLACEMENT_3D('',#16850,#16851,#16852);
#16854=CYLINDRICAL_SURFACE('',#16853,0.3);
#16855=ORIENTED_EDGE('',*,*,#16812,.T.);
#16856=ORIENTED_EDGE('',*,*,#7906,.F.);
#16857=CARTESIAN_POINT('',(44.038461203,14.293492747,13.));
#16858=CARTESIAN_POINT('',(43.992535499,14.278422079,13.));
#16859=CARTESIAN_POINT('',(43.944681626,14.275372753,13.012027179));
#16860=CARTESIAN_POINT('',(43.901450914,14.28170399,13.03156335));
#16861=CARTESIAN_POINT('',(43.858220202,14.288035228,13.051099522));
#16862=CARTESIAN_POINT('',(43.8201162,14.303104448,13.077374019));
#16863=CARTESIAN_POINT('',(43.787789542,14.322981085,13.106439143));
#16864=CARTESIAN_POINT('',(43.723136226,14.362734359,13.164569392));
#16865=CARTESIAN_POINT('',(43.681477838,14.419884466,13.232145649));
#16866=CARTESIAN_POINT('',(43.660182496,14.484076236,13.3));
#16867=B_SPLINE_CURVE_WITH_KNOTS('',3,(#16857,#16858,#16859,#16860,#16861,#16862,#16863,#16864,#16865,#16866),.UNSPECIFIED.,.F.,.F.,(4,3,3,4),(0.,0.000142502,0.000285005,0.00057001),.UNSPECIFIED.);
#16868=EDGE_CURVE('',#14676,#7894,#16867,.T.);
#16869=ORIENTED_EDGE('',*,*,#16868,.F.);
#16870=ORIENTED_EDGE('',*,*,#14682,.F.);
#16871=ORIENTED_EDGE('',*,*,#14650,.F.);
#16872=ORIENTED_EDGE('',*,*,#14758,.F.);
#16873=EDGE_LOOP('',(#16855,#16856,#16869,#16870,#16871,#16872));
#16874=FACE_BOUND('',#16873,.T.);
#16875=ADVANCED_FACE('',(#16874),#16854,.F.);
#16876=CARTESIAN_POINT('',(0.,0.,13.3));
#16877=DIRECTION('',(0.,0.,1.));
#16878=DIRECTION('',(1.,0.,-0.));
#16879=AXIS2_PLACEMENT_3D('',#16876,#16877,#16878);
#16880=TOROIDAL_SURFACE('',#16879,46.3,0.3);
#16881=CARTESIAN_POINT('',(45.052865294,9.286513277,13.3));
#16882=CARTESIAN_POINT('',(45.039211258,9.352754867,13.232147904));
#16883=CARTESIAN_POINT('',(45.046713885,9.42307529,13.164569392));
#16884=CARTESIAN_POINT('',(45.082828661,9.489829293,13.106439143));
#16885=CARTESIAN_POINT('',(45.10088605,9.523206295,13.077374019));
#16886=CARTESIAN_POINT('',(45.126350473,9.555308623,13.051099522));
#16887=CARTESIAN_POINT('',(45.16062375,9.582406992,13.03156335));
#16888=CARTESIAN_POINT('',(45.194897026,9.609505361,13.012027179));
#16889=CARTESIAN_POINT('',(45.237864359,9.630791503,13.));
#16890=CARTESIAN_POINT('',(45.285172518,9.640702774,13.));
#16891=B_SPLINE_CURVE_WITH_KNOTS('',3,(#16881,#16882,#16883,#16884,#16885,#16886,#16887,#16888,#16889,#16890),.UNSPECIFIED.,.F.,.F.,(4,3,3,4),(0.,0.000285005,0.000427507,0.00057001),.UNSPECIFIED.);
#16892=EDGE_CURVE('',#7886,#16823,#16891,.T.);
#16893=ORIENTED_EDGE('',*,*,#16892,.T.);
#16894=ORIENTED_EDGE('',*,*,#16845,.T.);
#16895=ORIENTED_EDGE('',*,*,#14691,.F.);
#16896=ORIENTED_EDGE('',*,*,#16868,.T.);
#16897=ORIENTED_EDGE('',*,*,#7900,.F.);
#16898=EDGE_LOOP('',(#16893,#16894,#16895,#16896,#16897));
#16899=FACE_BOUND('',#16898,.T.);
#16900=ADVANCED_FACE('',(#16899),#16880,.F.);
#16901=CARTESIAN_POINT('',(45.346688328,-9.347077494,22.));
#16902=DIRECTION('',(0.,0.,-1.));
#16903=DIRECTION('',(-1.,0.,0.));
#16904=AXIS2_PLACEMENT_3D('',#16901,#16902,#16903);
#16905=CYLINDRICAL_SURFACE('',#16904,0.3);
#16906=CARTESIAN_POINT('',(45.046490046,-9.347076685,0.76079556));
#16907=VERTEX_POINT('',#16906);
#16908=CARTESIAN_POINT('',(45.046490243,-9.347076687,13.239202484));
#16909=VERTEX_POINT('',#16908);
#16910=CARTESIAN_POINT('',(45.046688328,-9.347077494,0.76079556));
#16911=DIRECTION('',(-0.,-0.,1.));
#16912=VECTOR('',#16911,12.478406924);
#16913=LINE('',#16910,#16912);
#16914=EDGE_CURVE('',#16907,#16909,#16913,.T.);
#16915=ORIENTED_EDGE('',*,*,#16914,.F.);
#16916=CARTESIAN_POINT('',(45.052865294,-9.286513277,0.7));
#16917=CARTESIAN_POINT('',(45.039211258,-9.352754867,0.767852096));
#16918=CARTESIAN_POINT('',(45.046713885,-9.42307529,0.835430608));
#16919=CARTESIAN_POINT('',(45.082828661,-9.489829293,0.893560857));
#16920=CARTESIAN_POINT('',(45.10088605,-9.523206295,0.922625981));
#16921=CARTESIAN_POINT('',(45.126350473,-9.555308623,0.948900478));
#16922=CARTESIAN_POINT('',(45.16062375,-9.582406992,0.96843665));
#16923=CARTESIAN_POINT('',(45.194897026,-9.609505361,0.987972821));
#16924=CARTESIAN_POINT('',(45.237864359,-9.630791503,1.));
#16925=CARTESIAN_POINT('',(45.285172518,-9.640702774,1.));
#16926=B_SPLINE_CURVE_WITH_KNOTS('',3,(#16916,#16917,#16918,#16919,#16920,#16921,#16922,#16923,#16924,#16925),.UNSPECIFIED.,.F.,.F.,(4,3,3,4),(0.,0.000285005,0.000427507,0.00057001),.UNSPECIFIED.);
#16927=EDGE_CURVE('',#7913,#16907,#16926,.T.);
#16928=ORIENTED_EDGE('',*,*,#16927,.F.);
#16929=ORIENTED_EDGE('',*,*,#7918,.F.);
#16930=CARTESIAN_POINT('',(45.285172518,-9.640702774,13.));
#16931=CARTESIAN_POINT('',(45.237864359,-9.630791503,13.));
#16932=CARTESIAN_POINT('',(45.194897026,-9.609505361,13.012027179));
#16933=CARTESIAN_POINT('',(45.16062375,-9.582406992,13.03156335));
#16934=CARTESIAN_POINT('',(45.126350473,-9.555308623,13.051099522));
#16935=CARTESIAN_POINT('',(45.10088605,-9.523206295,13.077374019));
#16936=CARTESIAN_POINT('',(45.082828661,-9.489829293,13.106439143));
#16937=CARTESIAN_POINT('',(45.046713885,-9.42307529,13.164569392));
#16938=CARTESIAN_POINT('',(45.039211715,-9.352752652,13.232145649));
#16939=CARTESIAN_POINT('',(45.052865294,-9.286513277,13.3));
#16940=B_SPLINE_CURVE_WITH_KNOTS('',3,(#16930,#16931,#16932,#16933,#16934,#16935,#16936,#16937,#16938,#16939),.UNSPECIFIED.,.F.,.F.,(4,3,3,4),(0.,0.000142502,0.000285005,0.00057001),.UNSPECIFIED.);
#16941=EDGE_CURVE('',#16909,#7911,#16940,.T.);
#16942=ORIENTED_EDGE('',*,*,#16941,.F.);
#16943=EDGE_LOOP('',(#16915,#16928,#16929,#16942));
#16944=FACE_BOUND('',#16943,.T.);
#16945=ADVANCED_FACE('',(#16944),#16905,.F.);
#16946=CARTESIAN_POINT('',(0.,0.,13.3));
#16947=DIRECTION('',(0.,0.,1.));
#16948=DIRECTION('',(1.,0.,-0.));
#16949=AXIS2_PLACEMENT_3D('',#16946,#16947,#16948);
#16950=TOROIDAL_SURFACE('',#16949,46.3,0.3);
#16951=CARTESIAN_POINT('',(45.285172518,-9.640702774,13.));
#16952=CARTESIAN_POINT('',(45.237864359,-9.630791503,13.));
#16953=CARTESIAN_POINT('',(45.194897026,-9.609505361,13.012027179));
#16954=CARTESIAN_POINT('',(45.16062375,-9.582406992,13.03156335));
#16955=CARTESIAN_POINT('',(45.126350473,-9.555308623,13.051099522));
#16956=CARTESIAN_POINT('',(45.10088605,-9.523206295,13.077374019));
#16957=CARTESIAN_POINT('',(45.082828661,-9.489829293,13.106439143));
#16958=CARTESIAN_POINT('',(45.046713885,-9.42307529,13.164569392));
#16959=CARTESIAN_POINT('',(45.039211715,-9.352752652,13.232145649));
#16960=CARTESIAN_POINT('',(45.052865294,-9.286513277,13.3));
#16961=B_SPLINE_CURVE_WITH_KNOTS('',3,(#16951,#16952,#16953,#16954,#16955,#16956,#16957,#16958,#16959,#16960),.UNSPECIFIED.,.F.,.F.,(4,3,3,4),(0.,0.000142502,0.000285005,0.00057001),.UNSPECIFIED.);
#16962=EDGE_CURVE('',#13871,#16909,#16961,.T.);
#16963=ORIENTED_EDGE('',*,*,#16962,.T.);
#16964=ORIENTED_EDGE('',*,*,#16941,.T.);
#16965=ORIENTED_EDGE('',*,*,#7942,.F.);
#16966=CARTESIAN_POINT('',(44.038461203,-14.293492747,13.));
#16967=CARTESIAN_POINT('',(43.992535499,-14.278422079,13.));
#16968=CARTESIAN_POINT('',(43.944681626,-14.275372753,13.012027179));
#16969=CARTESIAN_POINT('',(43.901450914,-14.28170399,13.03156335));
#16970=CARTESIAN_POINT('',(43.858220202,-14.288035228,13.051099522));
#16971=CARTESIAN_POINT('',(43.8201162,-14.303104448,13.077374019));
#16972=CARTESIAN_POINT('',(43.787789542,-14.322981085,13.106439143));
#16973=CARTESIAN_POINT('',(43.723136226,-14.362734359,13.164569392));
#16974=CARTESIAN_POINT('',(43.68147855,-14.419882319,13.232147904));
#16975=CARTESIAN_POINT('',(43.660182496,-14.484076236,13.3));
#16976=B_SPLINE_CURVE_WITH_KNOTS('',3,(#16966,#16967,#16968,#16969,#16970,#16971,#16972,#16973,#16974,#16975),.UNSPECIFIED.,.F.,.F.,(4,3,3,4),(0.,0.000142502,0.000285005,0.00057001),.UNSPECIFIED.);
#16977=EDGE_CURVE('',#13880,#7930,#16976,.T.);
#16978=ORIENTED_EDGE('',*,*,#16977,.F.);
#16979=ORIENTED_EDGE('',*,*,#13886,.F.);
#16980=EDGE_LOOP('',(#16963,#16964,#16965,#16978,#16979));
#16981=FACE_BOUND('',#16980,.T.);
#16982=ADVANCED_FACE('',(#16981),#16950,.F.);
#16983=CARTESIAN_POINT('',(0.,0.,0.7));
#16984=DIRECTION('',(0.,0.,1.));
#16985=DIRECTION('',(1.,0.,-0.));
#16986=AXIS2_PLACEMENT_3D('',#16983,#16984,#16985);
#16987=TOROIDAL_SURFACE('',#16986,46.3,0.3);
#16988=ORIENTED_EDGE('',*,*,#13946,.F.);
#16989=CARTESIAN_POINT('',(43.660182496,-14.484076236,0.7));
#16990=CARTESIAN_POINT('',(43.681477838,-14.419884466,0.767854351));
#16991=CARTESIAN_POINT('',(43.723136226,-14.362734359,0.835430608));
#16992=CARTESIAN_POINT('',(43.787789542,-14.322981085,0.893560857));
#16993=CARTESIAN_POINT('',(43.8201162,-14.303104448,0.922625981));
#16994=CARTESIAN_POINT('',(43.858220202,-14.288035228,0.948900478));
#16995=CARTESIAN_POINT('',(43.901450914,-14.28170399,0.96843665));
#16996=CARTESIAN_POINT('',(43.944681626,-14.275372753,0.987972821));
#16997=CARTESIAN_POINT('',(43.992535499,-14.278422079,1.));
#16998=CARTESIAN_POINT('',(44.038461203,-14.293492747,1.));
#16999=B_SPLINE_CURVE_WITH_KNOTS('',3,(#16989,#16990,#16991,#16992,#16993,#16994,#16995,#16996,#16997,#16998),.UNSPECIFIED.,.F.,.F.,(4,3,3,4),(0.,0.000285005,0.000427507,0.00057001),.UNSPECIFIED.);
#17000=EDGE_CURVE('',#7921,#13931,#16999,.T.);
#17001=ORIENTED_EDGE('',*,*,#17000,.F.);
#17002=ORIENTED_EDGE('',*,*,#7927,.F.);
#17003=ORIENTED_EDGE('',*,*,#16927,.T.);
#17004=CARTESIAN_POINT('',(45.052865294,-9.286513277,0.7));
#17005=CARTESIAN_POINT('',(45.039211258,-9.352754867,0.767852096));
#17006=CARTESIAN_POINT('',(45.046713885,-9.42307529,0.835430608));
#17007=CARTESIAN_POINT('',(45.082828661,-9.489829293,0.893560857));
#17008=CARTESIAN_POINT('',(45.10088605,-9.523206295,0.922625981));
#17009=CARTESIAN_POINT('',(45.126350473,-9.555308623,0.948900478));
#17010=CARTESIAN_POINT('',(45.16062375,-9.582406992,0.96843665));
#17011=CARTESIAN_POINT('',(45.194897026,-9.609505361,0.987972821));
#17012=CARTESIAN_POINT('',(45.237864359,-9.630791503,1.));
#17013=CARTESIAN_POINT('',(45.285172518,-9.640702774,1.));
#17014=B_SPLINE_CURVE_WITH_KNOTS('',3,(#17004,#17005,#17006,#17007,#17008,#17009,#17010,#17011,#17012,#17013),.UNSPECIFIED.,.F.,.F.,(4,3,3,4),(0.,0.000285005,0.000427507,0.00057001),.UNSPECIFIED.);
#17015=EDGE_CURVE('',#16907,#13940,#17014,.T.);
#17016=ORIENTED_EDGE('',*,*,#17015,.T.);
#17017=EDGE_LOOP('',(#16988,#17001,#17002,#17003,#17016));
#17018=FACE_BOUND('',#17017,.T.);
#17019=ADVANCED_FACE('',(#17018),#16987,.F.);
#17020=CARTESIAN_POINT('',(43.944922817,-14.578537603,22.));
#17021=DIRECTION('',(0.,0.,-1.));
#17022=DIRECTION('',(-1.,0.,0.));
#17023=AXIS2_PLACEMENT_3D('',#17020,#17021,#17022);
#17024=CYLINDRICAL_SURFACE('',#17023,0.3);
#17025=ORIENTED_EDGE('',*,*,#16977,.T.);
#17026=ORIENTED_EDGE('',*,*,#7935,.F.);
#17027=ORIENTED_EDGE('',*,*,#17000,.T.);
#17028=ORIENTED_EDGE('',*,*,#13937,.F.);
#17029=ORIENTED_EDGE('',*,*,#13764,.F.);
#17030=ORIENTED_EDGE('',*,*,#13893,.F.);
#17031=EDGE_LOOP('',(#17025,#17026,#17027,#17028,#17029,#17030));
#17032=FACE_BOUND('',#17031,.T.);
#17033=ADVANCED_FACE('',(#17032),#17024,.F.);
#17034=CARTESIAN_POINT('',(0.,0.,0.7));
#17035=DIRECTION('',(0.,0.,1.));
#17036=DIRECTION('',(1.,0.,-0.));
#17037=AXIS2_PLACEMENT_3D('',#17034,#17035,#17036);
#17038=TOROIDAL_SURFACE('',#17037,46.3,0.3);
#17039=ORIENTED_EDGE('',*,*,#10017,.F.);
#17040=CARTESIAN_POINT('',(-45.052865294,-9.286513277,0.7));
#17041=CARTESIAN_POINT('',(-45.039211715,-9.352752652,0.767854351));
#17042=CARTESIAN_POINT('',(-45.046713885,-9.42307529,0.835430608));
#17043=CARTESIAN_POINT('',(-45.082828661,-9.489829293,0.893560857));
#17044=CARTESIAN_POINT('',(-45.10088605,-9.523206295,0.922625981));
#17045=CARTESIAN_POINT('',(-45.126350473,-9.555308623,0.948900478));
#17046=CARTESIAN_POINT('',(-45.16062375,-9.582406992,0.96843665));
#17047=CARTESIAN_POINT('',(-45.194897026,-9.609505361,0.987972821));
#17048=CARTESIAN_POINT('',(-45.237864359,-9.630791503,1.));
#17049=CARTESIAN_POINT('',(-45.285172518,-9.640702774,1.));
#17050=B_SPLINE_CURVE_WITH_KNOTS('',3,(#17040,#17041,#17042,#17043,#17044,#17045,#17046,#17047,#17048,#17049),.UNSPECIFIED.,.F.,.F.,(4,3,3,4),(0.,0.000285005,0.000427507,0.00057001),.UNSPECIFIED.);
#17051=EDGE_CURVE('',#7949,#10002,#17050,.T.);
#17052=ORIENTED_EDGE('',*,*,#17051,.F.);
#17053=ORIENTED_EDGE('',*,*,#7955,.F.);
#17054=CARTESIAN_POINT('',(-44.038461203,-14.293492747,1.));
#17055=CARTESIAN_POINT('',(-43.992535499,-14.278422079,1.));
#17056=CARTESIAN_POINT('',(-43.944681626,-14.275372753,0.987972821));
#17057=CARTESIAN_POINT('',(-43.901450914,-14.28170399,0.96843665));
#17058=CARTESIAN_POINT('',(-43.858220202,-14.288035228,0.948900478));
#17059=CARTESIAN_POINT('',(-43.8201162,-14.303104448,0.922625981));
#17060=CARTESIAN_POINT('',(-43.787789542,-14.322981085,0.893560857));
#17061=CARTESIAN_POINT('',(-43.723136226,-14.362734359,0.835430608));
#17062=CARTESIAN_POINT('',(-43.68147855,-14.419882319,0.767852096));
#17063=CARTESIAN_POINT('',(-43.660182496,-14.484076236,0.7));
#17064=B_SPLINE_CURVE_WITH_KNOTS('',3,(#17054,#17055,#17056,#17057,#17058,#17059,#17060,#17061,#17062,#17063),.UNSPECIFIED.,.F.,.F.,(4,3,3,4),(0.,0.000142502,0.000285005,0.00057001),.UNSPECIFIED.);
#17065=EDGE_CURVE('',#10011,#7947,#17064,.T.);
#17066=ORIENTED_EDGE('',*,*,#17065,.F.);
#17067=EDGE_LOOP('',(#17039,#17052,#17053,#17066));
#17068=FACE_BOUND('',#17067,.T.);
#17069=ADVANCED_FACE('',(#17068),#17038,.F.);
#17070=CARTESIAN_POINT('',(-45.346688328,-9.347077494,22.));
#17071=DIRECTION('',(0.,0.,-1.));
#17072=DIRECTION('',(-1.,0.,0.));
#17073=AXIS2_PLACEMENT_3D('',#17070,#17071,#17072);
#17074=CYLINDRICAL_SURFACE('',#17073,0.3);
#17075=ORIENTED_EDGE('',*,*,#9834,.F.);
#17076=ORIENTED_EDGE('',*,*,#9964,.F.);
#17077=CARTESIAN_POINT('',(-45.052865294,-9.286513277,13.3));
#17078=CARTESIAN_POINT('',(-45.039211258,-9.352754867,13.232147904));
#17079=CARTESIAN_POINT('',(-45.046713885,-9.42307529,13.164569392));
#17080=CARTESIAN_POINT('',(-45.082828661,-9.489829293,13.106439143));
#17081=CARTESIAN_POINT('',(-45.10088605,-9.523206295,13.077374019));
#17082=CARTESIAN_POINT('',(-45.126350473,-9.555308623,13.051099522));
#17083=CARTESIAN_POINT('',(-45.16062375,-9.582406992,13.03156335));
#17084=CARTESIAN_POINT('',(-45.194897026,-9.609505361,13.012027179));
#17085=CARTESIAN_POINT('',(-45.237864359,-9.630791503,13.));
#17086=CARTESIAN_POINT('',(-45.285172518,-9.640702774,13.));
#17087=B_SPLINE_CURVE_WITH_KNOTS('',3,(#17077,#17078,#17079,#17080,#17081,#17082,#17083,#17084,#17085,#17086),.UNSPECIFIED.,.F.,.F.,(4,3,3,4),(0.,0.000285005,0.000427507,0.00057001),.UNSPECIFIED.);
#17088=EDGE_CURVE('',#7958,#9951,#17087,.T.);
#17089=ORIENTED_EDGE('',*,*,#17088,.F.);
#17090=ORIENTED_EDGE('',*,*,#7963,.F.);
#17091=ORIENTED_EDGE('',*,*,#17051,.T.);
#17092=ORIENTED_EDGE('',*,*,#10008,.F.);
#17093=EDGE_LOOP('',(#17075,#17076,#17089,#17090,#17091,#17092));
#17094=FACE_BOUND('',#17093,.T.);
#17095=ADVANCED_FACE('',(#17094),#17074,.F.);
#17096=CARTESIAN_POINT('',(-43.944922817,-14.578537603,22.));
#17097=DIRECTION('',(0.,0.,-1.));
#17098=DIRECTION('',(-1.,0.,0.));
#17099=AXIS2_PLACEMENT_3D('',#17096,#17097,#17098);
#17100=CYLINDRICAL_SURFACE('',#17099,0.3);
#17101=ORIENTED_EDGE('',*,*,#17065,.T.);
#17102=ORIENTED_EDGE('',*,*,#7978,.F.);
#17103=CARTESIAN_POINT('',(-44.038461203,-14.293492747,13.));
#17104=CARTESIAN_POINT('',(-43.992535499,-14.278422079,13.));
#17105=CARTESIAN_POINT('',(-43.944681626,-14.275372753,13.012027179));
#17106=CARTESIAN_POINT('',(-43.901450914,-14.28170399,13.03156335));
#17107=CARTESIAN_POINT('',(-43.858220202,-14.288035228,13.051099522));
#17108=CARTESIAN_POINT('',(-43.8201162,-14.303104448,13.077374019));
#17109=CARTESIAN_POINT('',(-43.787789542,-14.322981085,13.106439143));
#17110=CARTESIAN_POINT('',(-43.723136226,-14.362734359,13.164569392));
#17111=CARTESIAN_POINT('',(-43.681477838,-14.419884466,13.232145649));
#17112=CARTESIAN_POINT('',(-43.660182496,-14.484076236,13.3));
#17113=B_SPLINE_CURVE_WITH_KNOTS('',3,(#17103,#17104,#17105,#17106,#17107,#17108,#17109,#17110,#17111,#17112),.UNSPECIFIED.,.F.,.F.,(4,3,3,4),(0.,0.000142502,0.000285005,0.00057001),.UNSPECIFIED.);
#17114=EDGE_CURVE('',#9942,#7966,#17113,.T.);
#17115=ORIENTED_EDGE('',*,*,#17114,.F.);
#17116=ORIENTED_EDGE('',*,*,#9948,.F.);
#17117=ORIENTED_EDGE('',*,*,#9916,.F.);
#17118=ORIENTED_EDGE('',*,*,#10024,.F.);
#17119=EDGE_LOOP('',(#17101,#17102,#17115,#17116,#17117,#17118));
#17120=FACE_BOUND('',#17119,.T.);
#17121=ADVANCED_FACE('',(#17120),#17100,.F.);
#17122=CARTESIAN_POINT('',(0.,0.,13.3));
#17123=DIRECTION('',(0.,0.,1.));
#17124=DIRECTION('',(1.,0.,-0.));
#17125=AXIS2_PLACEMENT_3D('',#17122,#17123,#17124);
#17126=TOROIDAL_SURFACE('',#17125,46.3,0.3);
#17127=ORIENTED_EDGE('',*,*,#17088,.T.);
#17128=ORIENTED_EDGE('',*,*,#9957,.F.);
#17129=ORIENTED_EDGE('',*,*,#17114,.T.);
#17130=ORIENTED_EDGE('',*,*,#7972,.F.);
#17131=EDGE_LOOP('',(#17127,#17128,#17129,#17130));
#17132=FACE_BOUND('',#17131,.T.);
#17133=ADVANCED_FACE('',(#17132),#17126,.F.);
#17134=CARTESIAN_POINT('',(0.,0.,0.7));
#17135=DIRECTION('',(0.,0.,1.));
#17136=DIRECTION('',(1.,0.,-0.));
#17137=AXIS2_PLACEMENT_3D('',#17134,#17135,#17136);
#17138=TOROIDAL_SURFACE('',#17137,46.3,0.3);
#17139=ORIENTED_EDGE('',*,*,#12375,.F.);
#17140=CARTESIAN_POINT('',(9.286513277,-45.052865294,0.7));
#17141=CARTESIAN_POINT('',(9.352752652,-45.039211715,0.767854351));
#17142=CARTESIAN_POINT('',(9.42307529,-45.046713885,0.835430608));
#17143=CARTESIAN_POINT('',(9.489829293,-45.082828661,0.893560857));
#17144=CARTESIAN_POINT('',(9.523206295,-45.10088605,0.922625981));
#17145=CARTESIAN_POINT('',(9.555308623,-45.126350473,0.948900478));
#17146=CARTESIAN_POINT('',(9.582406992,-45.16062375,0.96843665));
#17147=CARTESIAN_POINT('',(9.609505361,-45.194897026,0.987972821));
#17148=CARTESIAN_POINT('',(9.630791503,-45.237864359,1.));
#17149=CARTESIAN_POINT('',(9.640702774,-45.285172518,1.));
#17150=B_SPLINE_CURVE_WITH_KNOTS('',3,(#17140,#17141,#17142,#17143,#17144,#17145,#17146,#17147,#17148,#17149),.UNSPECIFIED.,.F.,.F.,(4,3,3,4),(0.,0.000285005,0.000427507,0.00057001),.UNSPECIFIED.);
#17151=EDGE_CURVE('',#7985,#12360,#17150,.T.);
#17152=ORIENTED_EDGE('',*,*,#17151,.F.);
#17153=ORIENTED_EDGE('',*,*,#7991,.F.);
#17154=CARTESIAN_POINT('',(14.278594245,-43.944922745,0.984975364));
#17155=VERTEX_POINT('',#17154);
#17156=CARTESIAN_POINT('',(14.293492747,-44.038461203,1.));
#17157=CARTESIAN_POINT('',(14.278422079,-43.992535499,1.));
#17158=CARTESIAN_POINT('',(14.275372753,-43.944681626,0.987972821));
#17159=CARTESIAN_POINT('',(14.28170399,-43.901450914,0.96843665));
#17160=CARTESIAN_POINT('',(14.288035228,-43.858220202,0.948900478));
#17161=CARTESIAN_POINT('',(14.303104448,-43.8201162,0.922625981));
#17162=CARTESIAN_POINT('',(14.322981085,-43.787789542,0.893560857));
#17163=CARTESIAN_POINT('',(14.362734359,-43.723136226,0.835430608));
#17164=CARTESIAN_POINT('',(14.419882319,-43.68147855,0.767852096));
#17165=CARTESIAN_POINT('',(14.484076236,-43.660182496,0.7));
#17166=B_SPLINE_CURVE_WITH_KNOTS('',3,(#17156,#17157,#17158,#17159,#17160,#17161,#17162,#17163,#17164,#17165),.UNSPECIFIED.,.F.,.F.,(4,3,3,4),(0.,0.000142502,0.000285005,0.00057001),.UNSPECIFIED.);
#17167=EDGE_CURVE('',#17155,#7983,#17166,.T.);
#17168=ORIENTED_EDGE('',*,*,#17167,.F.);
#17169=CARTESIAN_POINT('',(14.293492747,-44.038461203,1.));
#17170=CARTESIAN_POINT('',(14.278422079,-43.992535499,1.));
#17171=CARTESIAN_POINT('',(14.275372753,-43.944681626,0.987972821));
#17172=CARTESIAN_POINT('',(14.28170399,-43.901450914,0.96843665));
#17173=CARTESIAN_POINT('',(14.288035228,-43.858220202,0.948900478));
#17174=CARTESIAN_POINT('',(14.303104448,-43.8201162,0.922625981));
#17175=CARTESIAN_POINT('',(14.322981085,-43.787789542,0.893560857));
#17176=CARTESIAN_POINT('',(14.362734359,-43.723136226,0.835430608));
#17177=CARTESIAN_POINT('',(14.419882319,-43.68147855,0.767852096));
#17178=CARTESIAN_POINT('',(14.484076236,-43.660182496,0.7));
#17179=B_SPLINE_CURVE_WITH_KNOTS('',3,(#17169,#17170,#17171,#17172,#17173,#17174,#17175,#17176,#17177,#17178),.UNSPECIFIED.,.F.,.F.,(4,3,3,4),(0.,0.000142502,0.000285005,0.00057001),.UNSPECIFIED.);
#17180=EDGE_CURVE('',#12369,#17155,#17179,.T.);
#17181=ORIENTED_EDGE('',*,*,#17180,.F.);
#17182=EDGE_LOOP('',(#17139,#17152,#17153,#17168,#17181));
#17183=FACE_BOUND('',#17182,.T.);
#17184=ADVANCED_FACE('',(#17183),#17138,.F.);
#17185=CARTESIAN_POINT('',(9.347077494,-45.346688328,22.));
#17186=DIRECTION('',(0.,0.,-1.));
#17187=DIRECTION('',(-1.,0.,0.));
#17188=AXIS2_PLACEMENT_3D('',#17185,#17186,#17187);
#17189=CYLINDRICAL_SURFACE('',#17188,0.3);
#17190=ORIENTED_EDGE('',*,*,#12192,.F.);
#17191=ORIENTED_EDGE('',*,*,#12322,.F.);
#17192=CARTESIAN_POINT('',(9.286513277,-45.052865294,13.3));
#17193=CARTESIAN_POINT('',(9.352754867,-45.039211258,13.232147904));
#17194=CARTESIAN_POINT('',(9.42307529,-45.046713885,13.164569392));
#17195=CARTESIAN_POINT('',(9.489829293,-45.082828661,13.106439143));
#17196=CARTESIAN_POINT('',(9.523206295,-45.10088605,13.077374019));
#17197=CARTESIAN_POINT('',(9.555308623,-45.126350473,13.051099522));
#17198=CARTESIAN_POINT('',(9.582406992,-45.16062375,13.03156335));
#17199=CARTESIAN_POINT('',(9.609505361,-45.194897026,13.012027179));
#17200=CARTESIAN_POINT('',(9.630791503,-45.237864359,13.));
#17201=CARTESIAN_POINT('',(9.640702774,-45.285172518,13.));
#17202=B_SPLINE_CURVE_WITH_KNOTS('',3,(#17192,#17193,#17194,#17195,#17196,#17197,#17198,#17199,#17200,#17201),.UNSPECIFIED.,.F.,.F.,(4,3,3,4),(0.,0.000285005,0.000427507,0.00057001),.UNSPECIFIED.);
#17203=EDGE_CURVE('',#7994,#12309,#17202,.T.);
#17204=ORIENTED_EDGE('',*,*,#17203,.F.);
#17205=ORIENTED_EDGE('',*,*,#7999,.F.);
#17206=ORIENTED_EDGE('',*,*,#17151,.T.);
#17207=ORIENTED_EDGE('',*,*,#12366,.F.);
#17208=EDGE_LOOP('',(#17190,#17191,#17204,#17205,#17206,#17207));
#17209=FACE_BOUND('',#17208,.T.);
#17210=ADVANCED_FACE('',(#17209),#17189,.F.);
#17211=CARTESIAN_POINT('',(14.578537603,-43.944922817,22.));
#17212=DIRECTION('',(0.,0.,-1.));
#17213=DIRECTION('',(-1.,0.,0.));
#17214=AXIS2_PLACEMENT_3D('',#17211,#17212,#17213);
#17215=CYLINDRICAL_SURFACE('',#17214,0.3);
#17216=CARTESIAN_POINT('',(14.278594245,-43.944922745,13.015024636));
#17217=VERTEX_POINT('',#17216);
#17218=CARTESIAN_POINT('',(14.278537603,-43.944922817,0.984975364));
#17219=DIRECTION('',(-0.,-0.,1.));
#17220=VECTOR('',#17219,12.030049272);
#17221=LINE('',#17218,#17220);
#17222=EDGE_CURVE('',#17155,#17217,#17221,.T.);
#17223=ORIENTED_EDGE('',*,*,#17222,.F.);
#17224=ORIENTED_EDGE('',*,*,#17167,.T.);
#17225=ORIENTED_EDGE('',*,*,#8014,.F.);
#17226=CARTESIAN_POINT('',(14.293492747,-44.038461203,13.));
#17227=CARTESIAN_POINT('',(14.278422079,-43.992535499,13.));
#17228=CARTESIAN_POINT('',(14.275372753,-43.944681626,13.012027179));
#17229=CARTESIAN_POINT('',(14.28170399,-43.901450914,13.03156335));
#17230=CARTESIAN_POINT('',(14.288035228,-43.858220202,13.051099522));
#17231=CARTESIAN_POINT('',(14.303104448,-43.8201162,13.077374019));
#17232=CARTESIAN_POINT('',(14.322981085,-43.787789542,13.106439143));
#17233=CARTESIAN_POINT('',(14.362734359,-43.723136226,13.164569392));
#17234=CARTESIAN_POINT('',(14.419884466,-43.681477838,13.232145649));
#17235=CARTESIAN_POINT('',(14.484076236,-43.660182496,13.3));
#17236=B_SPLINE_CURVE_WITH_KNOTS('',3,(#17226,#17227,#17228,#17229,#17230,#17231,#17232,#17233,#17234,#17235),.UNSPECIFIED.,.F.,.F.,(4,3,3,4),(0.,0.000142502,0.000285005,0.00057001),.UNSPECIFIED.);
#17237=EDGE_CURVE('',#17217,#8002,#17236,.T.);
#17238=ORIENTED_EDGE('',*,*,#17237,.F.);
#17239=EDGE_LOOP('',(#17223,#17224,#17225,#17238));
#17240=FACE_BOUND('',#17239,.T.);
#17241=ADVANCED_FACE('',(#17240),#17215,.F.);
#17242=CARTESIAN_POINT('',(0.,0.,13.3));
#17243=DIRECTION('',(0.,0.,1.));
#17244=DIRECTION('',(1.,0.,-0.));
#17245=AXIS2_PLACEMENT_3D('',#17242,#17243,#17244);
#17246=TOROIDAL_SURFACE('',#17245,46.3,0.3);
#17247=ORIENTED_EDGE('',*,*,#17203,.T.);
#17248=ORIENTED_EDGE('',*,*,#12315,.F.);
#17249=CARTESIAN_POINT('',(14.293492747,-44.038461203,13.));
#17250=CARTESIAN_POINT('',(14.278422079,-43.992535499,13.));
#17251=CARTESIAN_POINT('',(14.275372753,-43.944681626,13.012027179));
#17252=CARTESIAN_POINT('',(14.28170399,-43.901450914,13.03156335));
#17253=CARTESIAN_POINT('',(14.288035228,-43.858220202,13.051099522));
#17254=CARTESIAN_POINT('',(14.303104448,-43.8201162,13.077374019));
#17255=CARTESIAN_POINT('',(14.322981085,-43.787789542,13.106439143));
#17256=CARTESIAN_POINT('',(14.362734359,-43.723136226,13.164569392));
#17257=CARTESIAN_POINT('',(14.419884466,-43.681477838,13.232145649));
#17258=CARTESIAN_POINT('',(14.484076236,-43.660182496,13.3));
#17259=B_SPLINE_CURVE_WITH_KNOTS('',3,(#17249,#17250,#17251,#17252,#17253,#17254,#17255,#17256,#17257,#17258),.UNSPECIFIED.,.F.,.F.,(4,3,3,4),(0.,0.000142502,0.000285005,0.00057001),.UNSPECIFIED.);
#17260=EDGE_CURVE('',#12300,#17217,#17259,.T.);
#17261=ORIENTED_EDGE('',*,*,#17260,.T.);
#17262=ORIENTED_EDGE('',*,*,#17237,.T.);
#17263=ORIENTED_EDGE('',*,*,#8008,.F.);
#17264=EDGE_LOOP('',(#17247,#17248,#17261,#17262,#17263));
#17265=FACE_BOUND('',#17264,.T.);
#17266=ADVANCED_FACE('',(#17265),#17246,.F.);
#17267=CARTESIAN_POINT('',(0.,0.,1.45));
#17268=DIRECTION('',(0.,0.,1.));
#17269=DIRECTION('',(1.,0.,-0.));
#17270=AXIS2_PLACEMENT_3D('',#17267,#17268,#17269);
#17271=TOROIDAL_SURFACE('',#17270,46.3,0.3);
#17272=ORIENTED_EDGE('',*,*,#15957,.F.);
#17273=ORIENTED_EDGE('',*,*,#15815,.F.);
#17274=CARTESIAN_POINT('',(2.201189156,45.947304233,1.45));
#17275=CARTESIAN_POINT('',(2.135220309,45.950464591,1.51626174));
#17276=CARTESIAN_POINT('',(2.070636083,45.974063103,1.582112332));
#17277=CARTESIAN_POINT('',(2.015509875,46.023384954,1.639584196));
#17278=CARTESIAN_POINT('',(1.987946771,46.048045879,1.668320128));
#17279=CARTESIAN_POINT('',(1.963429338,46.078989462,1.694270868));
#17280=CARTESIAN_POINT('',(1.945167219,46.11697596,1.714254443));
#17281=CARTESIAN_POINT('',(1.926905099,46.154962458,1.734238017));
#17282=CARTESIAN_POINT('',(1.915544737,46.199805211,1.747596926));
#17283=CARTESIAN_POINT('',(1.915544737,46.246960565,1.749701228));
#17284=B_SPLINE_CURVE_WITH_KNOTS('',3,(#17274,#17275,#17276,#17277,#17278,#17279,#17280,#17281,#17282,#17283),.UNSPECIFIED.,.F.,.F.,(4,3,3,4),(0.,0.000278204,0.000417305,0.000556407),.UNSPECIFIED.);
#17285=EDGE_CURVE('',#8021,#15801,#17284,.T.);
#17286=ORIENTED_EDGE('',*,*,#17285,.F.);
#17287=ORIENTED_EDGE('',*,*,#8027,.F.);
#17288=CARTESIAN_POINT('',(-0.687263309,46.289473006,1.749950939));
#17289=CARTESIAN_POINT('',(-0.687263309,46.241606584,1.749085252));
#17290=CARTESIAN_POINT('',(-0.699020149,46.19582538,1.736496395));
#17291=CARTESIAN_POINT('',(-0.718007715,46.157180054,1.716770231));
#17292=CARTESIAN_POINT('',(-0.736995281,46.118534728,1.697044067));
#17293=CARTESIAN_POINT('',(-0.762484274,46.087266122,1.670917436));
#17294=CARTESIAN_POINT('',(-0.790906132,46.062660619,1.641955099));
#17295=CARTESIAN_POINT('',(-0.847749847,46.013449613,1.584030424));
#17296=CARTESIAN_POINT('',(-0.913892509,45.990969636,1.517204924));
#17297=CARTESIAN_POINT('',(-0.980866355,45.989541215,1.45));
#17298=B_SPLINE_CURVE_WITH_KNOTS('',3,(#17288,#17289,#17290,#17291,#17292,#17293,#17294,#17295,#17296,#17297),.UNSPECIFIED.,.F.,.F.,(4,3,3,4),(0.,0.000141117,0.000282234,0.000564468),.UNSPECIFIED.);
#17299=EDGE_CURVE('',#15742,#8019,#17298,.T.);
#17300=ORIENTED_EDGE('',*,*,#17299,.F.);
#17301=ORIENTED_EDGE('',*,*,#15748,.F.);
#17302=EDGE_LOOP('',(#17272,#17273,#17286,#17287,#17300,#17301));
#17303=FACE_BOUND('',#17302,.T.);
#17304=ADVANCED_FACE('',(#17303),#17271,.F.);
#17305=CARTESIAN_POINT('',(2.215544737,46.246960565,22.));
#17306=DIRECTION('',(0.,0.,-1.));
#17307=DIRECTION('',(-1.,0.,0.));
#17308=AXIS2_PLACEMENT_3D('',#17305,#17306,#17307);
#17309=CYLINDRICAL_SURFACE('',#17308,0.3);
#17310=ORIENTED_EDGE('',*,*,#15806,.F.);
#17311=CARTESIAN_POINT('',(2.201189156,45.947304233,7.25));
#17312=CARTESIAN_POINT('',(2.135218102,45.950464696,7.183740462));
#17313=CARTESIAN_POINT('',(2.070636083,45.974063103,7.117887668));
#17314=CARTESIAN_POINT('',(2.015509875,46.023384954,7.060415804));
#17315=CARTESIAN_POINT('',(1.987946771,46.048045879,7.031679872));
#17316=CARTESIAN_POINT('',(1.963429338,46.078989462,7.005729132));
#17317=CARTESIAN_POINT('',(1.945167219,46.11697596,6.985745557));
#17318=CARTESIAN_POINT('',(1.926905099,46.154962458,6.965761983));
#17319=CARTESIAN_POINT('',(1.915544737,46.199805211,6.952403074));
#17320=CARTESIAN_POINT('',(1.915544737,46.246960565,6.950298772));
#17321=B_SPLINE_CURVE_WITH_KNOTS('',3,(#17311,#17312,#17313,#17314,#17315,#17316,#17317,#17318,#17319,#17320),.UNSPECIFIED.,.F.,.F.,(4,3,3,4),(0.,0.000278204,0.000417305,0.000556407),.UNSPECIFIED.);
#17322=EDGE_CURVE('',#8030,#15792,#17321,.T.);
#17323=ORIENTED_EDGE('',*,*,#17322,.F.);
#17324=ORIENTED_EDGE('',*,*,#8035,.F.);
#17325=ORIENTED_EDGE('',*,*,#17285,.T.);
#17326=EDGE_LOOP('',(#17310,#17323,#17324,#17325));
#17327=FACE_BOUND('',#17326,.T.);
#17328=ADVANCED_FACE('',(#17327),#17309,.F.);
#17329=CARTESIAN_POINT('',(-0.987263309,46.289473006,22.));
#17330=DIRECTION('',(0.,0.,-1.));
#17331=DIRECTION('',(-1.,0.,0.));
#17332=AXIS2_PLACEMENT_3D('',#17329,#17330,#17331);
#17333=CYLINDRICAL_SURFACE('',#17332,0.3);
#17334=ORIENTED_EDGE('',*,*,#17299,.T.);
#17335=ORIENTED_EDGE('',*,*,#8050,.F.);
#17336=CARTESIAN_POINT('',(-0.687263309,46.289473006,6.950049061));
#17337=CARTESIAN_POINT('',(-0.687263309,46.241606584,6.950914748));
#17338=CARTESIAN_POINT('',(-0.699020149,46.19582538,6.963503605));
#17339=CARTESIAN_POINT('',(-0.718007715,46.157180054,6.983229769));
#17340=CARTESIAN_POINT('',(-0.736995281,46.118534728,7.002955933));
#17341=CARTESIAN_POINT('',(-0.762484274,46.087266122,7.029082564));
#17342=CARTESIAN_POINT('',(-0.790906132,46.062660619,7.058044901));
#17343=CARTESIAN_POINT('',(-0.847749847,46.013449613,7.115969576));
#17344=CARTESIAN_POINT('',(-0.913894748,45.990969588,7.182792843));
#17345=CARTESIAN_POINT('',(-0.980866355,45.989541215,7.25));
#17346=B_SPLINE_CURVE_WITH_KNOTS('',3,(#17336,#17337,#17338,#17339,#17340,#17341,#17342,#17343,#17344,#17345),.UNSPECIFIED.,.F.,.F.,(4,3,3,4),(0.,0.000141117,0.000282234,0.000564468),.UNSPECIFIED.);
#17347=EDGE_CURVE('',#15751,#8038,#17346,.T.);
#17348=ORIENTED_EDGE('',*,*,#17347,.F.);
#17349=ORIENTED_EDGE('',*,*,#15756,.F.);
#17350=EDGE_LOOP('',(#17334,#17335,#17348,#17349));
#17351=FACE_BOUND('',#17350,.T.);
#17352=ADVANCED_FACE('',(#17351),#17333,.F.);
#17353=CARTESIAN_POINT('',(0.,0.,7.25));
#17354=DIRECTION('',(0.,0.,1.));
#17355=DIRECTION('',(1.,0.,-0.));
#17356=AXIS2_PLACEMENT_3D('',#17353,#17354,#17355);
#17357=TOROIDAL_SURFACE('',#17356,46.3,0.3);
#17358=ORIENTED_EDGE('',*,*,#15798,.F.);
#17359=ORIENTED_EDGE('',*,*,#15937,.F.);
#17360=ORIENTED_EDGE('',*,*,#15765,.F.);
#17361=ORIENTED_EDGE('',*,*,#17347,.T.);
#17362=ORIENTED_EDGE('',*,*,#8044,.F.);
#17363=ORIENTED_EDGE('',*,*,#17322,.T.);
#17364=EDGE_LOOP('',(#17358,#17359,#17360,#17361,#17362,#17363));
#17365=FACE_BOUND('',#17364,.T.);
#17366=ADVANCED_FACE('',(#17365),#17357,.F.);
#17367=CARTESIAN_POINT('',(41.382335721,-20.765170123,22.));
#17368=DIRECTION('',(0.,0.,-1.));
#17369=DIRECTION('',(-1.,0.,0.));
#17370=AXIS2_PLACEMENT_3D('',#17367,#17368,#17369);
#17371=CYLINDRICAL_SURFACE('',#17370,0.3);
#17372=CARTESIAN_POINT('',(41.082089741,-20.765170959,0.835049537));
#17373=VERTEX_POINT('',#17372);
#17374=CARTESIAN_POINT('',(41.082089955,-20.765170957,13.164949614));
#17375=VERTEX_POINT('',#17374);
#17376=CARTESIAN_POINT('',(41.082335721,-20.765170123,0.835049537));
#17377=DIRECTION('',(-0.,-0.,1.));
#17378=VECTOR('',#17377,12.329900077);
#17379=LINE('',#17376,#17378);
#17380=EDGE_CURVE('',#17373,#17375,#17379,.T.);
#17381=ORIENTED_EDGE('',*,*,#17380,.F.);
#17382=CARTESIAN_POINT('',(41.114199637,-20.630622585,0.7));
#17383=CARTESIAN_POINT('',(41.083866266,-20.691073123,0.767852096));
#17384=CARTESIAN_POINT('',(41.072912982,-20.760939259,0.835430608));
#17385=CARTESIAN_POINT('',(41.09051997,-20.834765866,0.893560857));
#17386=CARTESIAN_POINT('',(41.099323464,-20.87167917,0.922625981));
#17387=CARTESIAN_POINT('',(41.115611515,-20.909278316,0.948900478));
#17388=CARTESIAN_POINT('',(41.141703384,-20.944323907,0.96843665));
#17389=CARTESIAN_POINT('',(41.167795252,-20.979369498,0.987972821));
#17390=CARTESIAN_POINT('',(41.20378925,-21.011051096,1.));
#17391=CARTESIAN_POINT('',(41.246920197,-21.032868902,1.));
#17392=B_SPLINE_CURVE_WITH_KNOTS('',3,(#17382,#17383,#17384,#17385,#17386,#17387,#17388,#17389,#17390,#17391),.UNSPECIFIED.,.F.,.F.,(4,3,3,4),(0.,0.000285005,0.000427507,0.00057001),.UNSPECIFIED.);
#17393=EDGE_CURVE('',#8057,#17373,#17392,.T.);
#17394=ORIENTED_EDGE('',*,*,#17393,.F.);
#17395=ORIENTED_EDGE('',*,*,#8062,.F.);
#17396=CARTESIAN_POINT('',(41.246920197,-21.032868902,13.));
#17397=CARTESIAN_POINT('',(41.20378925,-21.011051096,13.));
#17398=CARTESIAN_POINT('',(41.167795252,-20.979369498,13.012027179));
#17399=CARTESIAN_POINT('',(41.141703384,-20.944323907,13.03156335));
#17400=CARTESIAN_POINT('',(41.115611515,-20.909278316,13.051099522));
#17401=CARTESIAN_POINT('',(41.099323464,-20.87167917,13.077374019));
#17402=CARTESIAN_POINT('',(41.09051997,-20.834765866,13.106439143));
#17403=CARTESIAN_POINT('',(41.072912982,-20.760939259,13.164569392));
#17404=CARTESIAN_POINT('',(41.083867281,-20.691071102,13.232145649));
#17405=CARTESIAN_POINT('',(41.114199637,-20.630622585,13.3));
#17406=B_SPLINE_CURVE_WITH_KNOTS('',3,(#17396,#17397,#17398,#17399,#17400,#17401,#17402,#17403,#17404,#17405),.UNSPECIFIED.,.F.,.F.,(4,3,3,4),(0.,0.000142502,0.000285005,0.00057001),.UNSPECIFIED.);
#17407=EDGE_CURVE('',#17375,#8055,#17406,.T.);
#17408=ORIENTED_EDGE('',*,*,#17407,.F.);
#17409=EDGE_LOOP('',(#17381,#17394,#17395,#17408));
#17410=FACE_BOUND('',#17409,.T.);
#17411=ADVANCED_FACE('',(#17410),#17371,.F.);
#17412=CARTESIAN_POINT('',(0.,0.,13.3));
#17413=DIRECTION('',(0.,0.,1.));
#17414=DIRECTION('',(1.,0.,-0.));
#17415=AXIS2_PLACEMENT_3D('',#17412,#17413,#17414);
#17416=TOROIDAL_SURFACE('',#17415,46.3,0.3);
#17417=CARTESIAN_POINT('',(41.246920197,-21.032868902,13.));
#17418=CARTESIAN_POINT('',(41.20378925,-21.011051096,13.));
#17419=CARTESIAN_POINT('',(41.167795252,-20.979369498,13.012027179));
#17420=CARTESIAN_POINT('',(41.141703384,-20.944323907,13.03156335));
#17421=CARTESIAN_POINT('',(41.115611515,-20.909278316,13.051099522));
#17422=CARTESIAN_POINT('',(41.099323464,-20.87167917,13.077374019));
#17423=CARTESIAN_POINT('',(41.09051997,-20.834765866,13.106439143));
#17424=CARTESIAN_POINT('',(41.072912982,-20.760939259,13.164569392));
#17425=CARTESIAN_POINT('',(41.083867281,-20.691071102,13.232145649));
#17426=CARTESIAN_POINT('',(41.114199637,-20.630622585,13.3));
#17427=B_SPLINE_CURVE_WITH_KNOTS('',3,(#17417,#17418,#17419,#17420,#17421,#17422,#17423,#17424,#17425,#17426),.UNSPECIFIED.,.F.,.F.,(4,3,3,4),(0.,0.000142502,0.000285005,0.00057001),.UNSPECIFIED.);
#17428=EDGE_CURVE('',#13478,#17375,#17427,.T.);
#17429=ORIENTED_EDGE('',*,*,#17428,.T.);
#17430=ORIENTED_EDGE('',*,*,#17407,.T.);
#17431=ORIENTED_EDGE('',*,*,#8086,.F.);
#17432=CARTESIAN_POINT('',(38.838458882,-25.204446268,13.));
#17433=CARTESIAN_POINT('',(38.797998635,-25.178002675,13.));
#17434=CARTESIAN_POINT('',(38.752564566,-25.162671758,13.012027179));
#17435=CARTESIAN_POINT('',(38.70916826,-25.157598332,13.03156335));
#17436=CARTESIAN_POINT('',(38.665771954,-25.152524906,13.051099522));
#17437=CARTESIAN_POINT('',(38.625066113,-25.157218613,13.077374019));
#17438=CARTESIAN_POINT('',(38.588696507,-25.168051216,13.106439143));
#17439=CARTESIAN_POINT('',(38.515957295,-25.189716421,13.164569392));
#17440=CARTESIAN_POINT('',(38.460928089,-25.234135311,13.232147904));
#17441=CARTESIAN_POINT('',(38.423743073,-25.290630049,13.3));
#17442=B_SPLINE_CURVE_WITH_KNOTS('',3,(#17432,#17433,#17434,#17435,#17436,#17437,#17438,#17439,#17440,#17441),.UNSPECIFIED.,.F.,.F.,(4,3,3,4),(0.,0.000142502,0.000285005,0.00057001),.UNSPECIFIED.);
#17443=EDGE_CURVE('',#13487,#8074,#17442,.T.);
#17444=ORIENTED_EDGE('',*,*,#17443,.F.);
#17445=ORIENTED_EDGE('',*,*,#13493,.F.);
#17446=EDGE_LOOP('',(#17429,#17430,#17431,#17444,#17445));
#17447=FACE_BOUND('',#17446,.T.);
#17448=ADVANCED_FACE('',(#17447),#17416,.F.);
#17449=CARTESIAN_POINT('',(0.,0.,0.7));
#17450=DIRECTION('',(0.,0.,1.));
#17451=DIRECTION('',(1.,0.,-0.));
#17452=AXIS2_PLACEMENT_3D('',#17449,#17450,#17451);
#17453=TOROIDAL_SURFACE('',#17452,46.3,0.3);
#17454=ORIENTED_EDGE('',*,*,#13553,.F.);
#17455=CARTESIAN_POINT('',(38.423743073,-25.290630049,0.7));
#17456=CARTESIAN_POINT('',(38.460926846,-25.2341372,0.767854351));
#17457=CARTESIAN_POINT('',(38.515957295,-25.189716421,0.835430608));
#17458=CARTESIAN_POINT('',(38.588696507,-25.168051216,0.893560857));
#17459=CARTESIAN_POINT('',(38.625066113,-25.157218613,0.922625981));
#17460=CARTESIAN_POINT('',(38.665771954,-25.152524906,0.948900478));
#17461=CARTESIAN_POINT('',(38.70916826,-25.157598332,0.96843665));
#17462=CARTESIAN_POINT('',(38.752564566,-25.162671758,0.987972821));
#17463=CARTESIAN_POINT('',(38.797998635,-25.178002675,1.));
#17464=CARTESIAN_POINT('',(38.838458882,-25.204446268,1.));
#17465=B_SPLINE_CURVE_WITH_KNOTS('',3,(#17455,#17456,#17457,#17458,#17459,#17460,#17461,#17462,#17463,#17464),.UNSPECIFIED.,.F.,.F.,(4,3,3,4),(0.,0.000285005,0.000427507,0.00057001),.UNSPECIFIED.);
#17466=EDGE_CURVE('',#8065,#13538,#17465,.T.);
#17467=ORIENTED_EDGE('',*,*,#17466,.F.);
#17468=ORIENTED_EDGE('',*,*,#8071,.F.);
#17469=ORIENTED_EDGE('',*,*,#17393,.T.);
#17470=CARTESIAN_POINT('',(41.114199637,-20.630622585,0.7));
#17471=CARTESIAN_POINT('',(41.083866266,-20.691073123,0.767852096));
#17472=CARTESIAN_POINT('',(41.072912982,-20.760939259,0.835430608));
#17473=CARTESIAN_POINT('',(41.09051997,-20.834765866,0.893560857));
#17474=CARTESIAN_POINT('',(41.099323464,-20.87167917,0.922625981));
#17475=CARTESIAN_POINT('',(41.115611515,-20.909278316,0.948900478));
#17476=CARTESIAN_POINT('',(41.141703384,-20.944323907,0.96843665));
#17477=CARTESIAN_POINT('',(41.167795252,-20.979369498,0.987972821));
#17478=CARTESIAN_POINT('',(41.20378925,-21.011051096,1.));
#17479=CARTESIAN_POINT('',(41.246920197,-21.032868902,1.));
#17480=B_SPLINE_CURVE_WITH_KNOTS('',3,(#17470,#17471,#17472,#17473,#17474,#17475,#17476,#17477,#17478,#17479),.UNSPECIFIED.,.F.,.F.,(4,3,3,4),(0.,0.000285005,0.000427507,0.00057001),.UNSPECIFIED.);
#17481=EDGE_CURVE('',#17373,#13547,#17480,.T.);
#17482=ORIENTED_EDGE('',*,*,#17481,.T.);
#17483=EDGE_LOOP('',(#17454,#17467,#17468,#17469,#17482));
#17484=FACE_BOUND('',#17483,.T.);
#17485=ADVANCED_FACE('',(#17484),#17453,.F.);
#17486=CARTESIAN_POINT('',(38.674332701,-25.455568941,22.));
#17487=DIRECTION('',(0.,0.,-1.));
#17488=DIRECTION('',(-1.,0.,0.));
#17489=AXIS2_PLACEMENT_3D('',#17486,#17487,#17488);
#17490=CYLINDRICAL_SURFACE('',#17489,0.3);
#17491=ORIENTED_EDGE('',*,*,#17443,.T.);
#17492=ORIENTED_EDGE('',*,*,#8079,.F.);
#17493=ORIENTED_EDGE('',*,*,#17466,.T.);
#17494=ORIENTED_EDGE('',*,*,#13544,.F.);
#17495=ORIENTED_EDGE('',*,*,#13371,.F.);
#17496=ORIENTED_EDGE('',*,*,#13500,.F.);
#17497=EDGE_LOOP('',(#17491,#17492,#17493,#17494,#17495,#17496));
#17498=FACE_BOUND('',#17497,.T.);
#17499=ADVANCED_FACE('',(#17498),#17490,.F.);
#17500=CARTESIAN_POINT('',(0.,0.,0.7));
#17501=DIRECTION('',(0.,0.,1.));
#17502=DIRECTION('',(1.,0.,-0.));
#17503=AXIS2_PLACEMENT_3D('',#17500,#17501,#17502);
#17504=TOROIDAL_SURFACE('',#17503,46.3,0.3);
#17505=ORIENTED_EDGE('',*,*,#13160,.F.);
#17506=CARTESIAN_POINT('',(30.568789057,-34.373669219,0.7));
#17507=CARTESIAN_POINT('',(30.619327249,-34.328725186,0.767854351));
#17508=CARTESIAN_POINT('',(30.683979525,-34.300060936,0.835430608));
#17509=CARTESIAN_POINT('',(30.759847576,-34.297960248,0.893560857));
#17510=CARTESIAN_POINT('',(30.797781602,-34.296909905,0.922625981));
#17511=CARTESIAN_POINT('',(30.838315245,-34.302911578,0.948900478));
#17512=CARTESIAN_POINT('',(30.878919759,-34.319043922,0.96843665));
#17513=CARTESIAN_POINT('',(30.919524273,-34.335176266,0.987972821));
#17514=CARTESIAN_POINT('',(30.95944228,-34.361743996,1.));
#17515=CARTESIAN_POINT('',(30.991679772,-34.397758429,1.));
#17516=B_SPLINE_CURVE_WITH_KNOTS('',3,(#17506,#17507,#17508,#17509,#17510,#17511,#17512,#17513,#17514,#17515),.UNSPECIFIED.,.F.,.F.,(4,3,3,4),(0.,0.000285005,0.000427507,0.00057001),.UNSPECIFIED.);
#17517=EDGE_CURVE('',#8093,#13145,#17516,.T.);
#17518=ORIENTED_EDGE('',*,*,#17517,.F.);
#17519=ORIENTED_EDGE('',*,*,#8099,.F.);
#17520=CARTESIAN_POINT('',(34.29784417,-30.768150725,0.899846336));
#17521=VERTEX_POINT('',#17520);
#17522=CARTESIAN_POINT('',(34.397758429,-30.991679772,1.));
#17523=CARTESIAN_POINT('',(34.361743996,-30.95944228,1.));
#17524=CARTESIAN_POINT('',(34.335176266,-30.919524273,0.987972821));
#17525=CARTESIAN_POINT('',(34.319043922,-30.878919759,0.96843665));
#17526=CARTESIAN_POINT('',(34.302911578,-30.838315245,0.948900478));
#17527=CARTESIAN_POINT('',(34.296909905,-30.797781602,0.922625981));
#17528=CARTESIAN_POINT('',(34.297960248,-30.759847576,0.893560857));
#17529=CARTESIAN_POINT('',(34.300060936,-30.683979525,0.835430608));
#17530=CARTESIAN_POINT('',(34.328723682,-30.61932894,0.767852096));
#17531=CARTESIAN_POINT('',(34.373669219,-30.568789057,0.7));
#17532=B_SPLINE_CURVE_WITH_KNOTS('',3,(#17522,#17523,#17524,#17525,#17526,#17527,#17528,#17529,#17530,#17531),.UNSPECIFIED.,.F.,.F.,(4,3,3,4),(0.,0.000142502,0.000285005,0.00057001),.UNSPECIFIED.);
#17533=EDGE_CURVE('',#17521,#8091,#17532,.T.);
#17534=ORIENTED_EDGE('',*,*,#17533,.F.);
#17535=CARTESIAN_POINT('',(34.397758429,-30.991679772,1.));
#17536=CARTESIAN_POINT('',(34.361743996,-30.95944228,1.));
#17537=CARTESIAN_POINT('',(34.335176266,-30.919524273,0.987972821));
#17538=CARTESIAN_POINT('',(34.319043922,-30.878919759,0.96843665));
#17539=CARTESIAN_POINT('',(34.302911578,-30.838315245,0.948900478));
#17540=CARTESIAN_POINT('',(34.296909905,-30.797781602,0.922625981));
#17541=CARTESIAN_POINT('',(34.297960248,-30.759847576,0.893560857));
#17542=CARTESIAN_POINT('',(34.300060936,-30.683979525,0.835430608));
#17543=CARTESIAN_POINT('',(34.328723682,-30.61932894,0.767852096));
#17544=CARTESIAN_POINT('',(34.373669219,-30.568789057,0.7));
#17545=B_SPLINE_CURVE_WITH_KNOTS('',3,(#17535,#17536,#17537,#17538,#17539,#17540,#17541,#17542,#17543,#17544),.UNSPECIFIED.,.F.,.F.,(4,3,3,4),(0.,0.000142502,0.000285005,0.00057001),.UNSPECIFIED.);
#17546=EDGE_CURVE('',#13154,#17521,#17545,.T.);
#17547=ORIENTED_EDGE('',*,*,#17546,.F.);
#17548=EDGE_LOOP('',(#17505,#17518,#17519,#17534,#17547));
#17549=FACE_BOUND('',#17548,.T.);
#17550=ADVANCED_FACE('',(#17549),#17504,.F.);
#17551=CARTESIAN_POINT('',(30.768150725,-34.597845323,22.));
#17552=DIRECTION('',(0.,0.,-1.));
#17553=DIRECTION('',(-1.,0.,0.));
#17554=AXIS2_PLACEMENT_3D('',#17551,#17552,#17553);
#17555=CYLINDRICAL_SURFACE('',#17554,0.3);
#17556=ORIENTED_EDGE('',*,*,#12978,.F.);
#17557=ORIENTED_EDGE('',*,*,#13108,.F.);
#17558=CARTESIAN_POINT('',(30.568789057,-34.373669219,13.3));
#17559=CARTESIAN_POINT('',(30.61932894,-34.328723683,13.232147904));
#17560=CARTESIAN_POINT('',(30.683979525,-34.300060936,13.164569392));
#17561=CARTESIAN_POINT('',(30.759847576,-34.297960248,13.106439143));
#17562=CARTESIAN_POINT('',(30.797781602,-34.296909905,13.077374019));
#17563=CARTESIAN_POINT('',(30.838315245,-34.302911578,13.051099522));
#17564=CARTESIAN_POINT('',(30.878919759,-34.319043922,13.03156335));
#17565=CARTESIAN_POINT('',(30.919524273,-34.335176266,13.012027179));
#17566=CARTESIAN_POINT('',(30.95944228,-34.361743996,13.));
#17567=CARTESIAN_POINT('',(30.991679772,-34.397758429,13.));
#17568=B_SPLINE_CURVE_WITH_KNOTS('',3,(#17558,#17559,#17560,#17561,#17562,#17563,#17564,#17565,#17566,#17567),.UNSPECIFIED.,.F.,.F.,(4,3,3,4),(0.,0.000285005,0.000427507,0.00057001),.UNSPECIFIED.);
#17569=EDGE_CURVE('',#8102,#13095,#17568,.T.);
#17570=ORIENTED_EDGE('',*,*,#17569,.F.);
#17571=ORIENTED_EDGE('',*,*,#8107,.F.);
#17572=ORIENTED_EDGE('',*,*,#17517,.T.);
#17573=ORIENTED_EDGE('',*,*,#13151,.F.);
#17574=EDGE_LOOP('',(#17556,#17557,#17570,#17571,#17572,#17573));
#17575=FACE_BOUND('',#17574,.T.);
#17576=ADVANCED_FACE('',(#17575),#17555,.F.);
#17577=CARTESIAN_POINT('',(34.597845323,-30.768150725,22.));
#17578=DIRECTION('',(0.,0.,-1.));
#17579=DIRECTION('',(-1.,0.,0.));
#17580=AXIS2_PLACEMENT_3D('',#17577,#17578,#17579);
#17581=CYLINDRICAL_SURFACE('',#17580,0.3);
#17582=CARTESIAN_POINT('',(34.29784417,-30.768150725,13.100153664));
#17583=VERTEX_POINT('',#17582);
#17584=CARTESIAN_POINT('',(34.297845323,-30.768150725,0.899846336));
#17585=DIRECTION('',(-0.,-0.,1.));
#17586=VECTOR('',#17585,12.200307327);
#17587=LINE('',#17584,#17586);
#17588=EDGE_CURVE('',#17521,#17583,#17587,.T.);
#17589=ORIENTED_EDGE('',*,*,#17588,.F.);
#17590=ORIENTED_EDGE('',*,*,#17533,.T.);
#17591=ORIENTED_EDGE('',*,*,#8122,.F.);
#17592=CARTESIAN_POINT('',(34.397758429,-30.991679772,13.));
#17593=CARTESIAN_POINT('',(34.361743996,-30.95944228,13.));
#17594=CARTESIAN_POINT('',(34.335176266,-30.919524273,13.012027179));
#17595=CARTESIAN_POINT('',(34.319043922,-30.878919759,13.03156335));
#17596=CARTESIAN_POINT('',(34.302911578,-30.838315245,13.051099522));
#17597=CARTESIAN_POINT('',(34.296909905,-30.797781602,13.077374019));
#17598=CARTESIAN_POINT('',(34.297960248,-30.759847576,13.106439143));
#17599=CARTESIAN_POINT('',(34.300060936,-30.683979525,13.164569392));
#17600=CARTESIAN_POINT('',(34.328725186,-30.619327249,13.232145649));
#17601=CARTESIAN_POINT('',(34.373669219,-30.568789057,13.3));
#17602=B_SPLINE_CURVE_WITH_KNOTS('',3,(#17592,#17593,#17594,#17595,#17596,#17597,#17598,#17599,#17600,#17601),.UNSPECIFIED.,.F.,.F.,(4,3,3,4),(0.,0.000142502,0.000285005,0.00057001),.UNSPECIFIED.);
#17603=EDGE_CURVE('',#17583,#8110,#17602,.T.);
#17604=ORIENTED_EDGE('',*,*,#17603,.F.);
#17605=EDGE_LOOP('',(#17589,#17590,#17591,#17604));
#17606=FACE_BOUND('',#17605,.T.);
#17607=ADVANCED_FACE('',(#17606),#17581,.F.);
#17608=CARTESIAN_POINT('',(0.,0.,13.3));
#17609=DIRECTION('',(0.,0.,1.));
#17610=DIRECTION('',(1.,0.,-0.));
#17611=AXIS2_PLACEMENT_3D('',#17608,#17609,#17610);
#17612=TOROIDAL_SURFACE('',#17611,46.3,0.3);
#17613=ORIENTED_EDGE('',*,*,#17569,.T.);
#17614=ORIENTED_EDGE('',*,*,#13101,.F.);
#17615=CARTESIAN_POINT('',(34.397758429,-30.991679772,13.));
#17616=CARTESIAN_POINT('',(34.361743996,-30.95944228,13.));
#17617=CARTESIAN_POINT('',(34.335176266,-30.919524273,13.012027179));
#17618=CARTESIAN_POINT('',(34.319043922,-30.878919759,13.03156335));
#17619=CARTESIAN_POINT('',(34.302911578,-30.838315245,13.051099522));
#17620=CARTESIAN_POINT('',(34.296909905,-30.797781602,13.077374019));
#17621=CARTESIAN_POINT('',(34.297960248,-30.759847576,13.106439143));
#17622=CARTESIAN_POINT('',(34.300060936,-30.683979525,13.164569392));
#17623=CARTESIAN_POINT('',(34.328725186,-30.619327249,13.232145649));
#17624=CARTESIAN_POINT('',(34.373669219,-30.568789057,13.3));
#17625=B_SPLINE_CURVE_WITH_KNOTS('',3,(#17615,#17616,#17617,#17618,#17619,#17620,#17621,#17622,#17623,#17624),.UNSPECIFIED.,.F.,.F.,(4,3,3,4),(0.,0.000142502,0.000285005,0.00057001),.UNSPECIFIED.);
#17626=EDGE_CURVE('',#13086,#17583,#17625,.T.);
#17627=ORIENTED_EDGE('',*,*,#17626,.T.);
#17628=ORIENTED_EDGE('',*,*,#17603,.T.);
#17629=ORIENTED_EDGE('',*,*,#8116,.F.);
#17630=EDGE_LOOP('',(#17613,#17614,#17627,#17628,#17629));
#17631=FACE_BOUND('',#17630,.T.);
#17632=ADVANCED_FACE('',(#17631),#17612,.F.);
#17633=CARTESIAN_POINT('',(-38.674332701,-25.455568941,22.));
#17634=DIRECTION('',(0.,0.,-1.));
#17635=DIRECTION('',(-1.,0.,0.));
#17636=AXIS2_PLACEMENT_3D('',#17633,#17634,#17635);
#17637=CYLINDRICAL_SURFACE('',#17636,0.3);
#17638=CARTESIAN_POINT('',(-38.423743073,-25.290630049,0.7));
#17639=CARTESIAN_POINT('',(-38.460928089,-25.234135311,0.767852096));
#17640=CARTESIAN_POINT('',(-38.515957295,-25.189716421,0.835430608));
#17641=CARTESIAN_POINT('',(-38.588696507,-25.168051216,0.893560857));
#17642=CARTESIAN_POINT('',(-38.625066113,-25.157218613,0.922625981));
#17643=CARTESIAN_POINT('',(-38.665771954,-25.152524906,0.948900478));
#17644=CARTESIAN_POINT('',(-38.70916826,-25.157598332,0.96843665));
#17645=CARTESIAN_POINT('',(-38.752564566,-25.162671758,0.987972821));
#17646=CARTESIAN_POINT('',(-38.797998635,-25.178002675,1.));
#17647=CARTESIAN_POINT('',(-38.838458882,-25.204446268,1.));
#17648=B_SPLINE_CURVE_WITH_KNOTS('',3,(#17638,#17639,#17640,#17641,#17642,#17643,#17644,#17645,#17646,#17647),.UNSPECIFIED.,.F.,.F.,(4,3,3,4),(0.,0.000285005,0.000427507,0.00057001),.UNSPECIFIED.);
#17649=EDGE_CURVE('',#8129,#10403,#17648,.T.);
#17650=ORIENTED_EDGE('',*,*,#17649,.F.);
#17651=ORIENTED_EDGE('',*,*,#8134,.F.);
#17652=CARTESIAN_POINT('',(-38.838458882,-25.204446268,13.));
#17653=CARTESIAN_POINT('',(-38.797998635,-25.178002675,13.));
#17654=CARTESIAN_POINT('',(-38.752564566,-25.162671758,13.012027179));
#17655=CARTESIAN_POINT('',(-38.70916826,-25.157598332,13.03156335));
#17656=CARTESIAN_POINT('',(-38.665771954,-25.152524906,13.051099522));
#17657=CARTESIAN_POINT('',(-38.625066113,-25.157218613,13.077374019));
#17658=CARTESIAN_POINT('',(-38.588696507,-25.168051216,13.106439143));
#17659=CARTESIAN_POINT('',(-38.515957295,-25.189716421,13.164569392));
#17660=CARTESIAN_POINT('',(-38.460926846,-25.2341372,13.232145649));
#17661=CARTESIAN_POINT('',(-38.423743073,-25.290630049,13.3));
#17662=B_SPLINE_CURVE_WITH_KNOTS('',3,(#17652,#17653,#17654,#17655,#17656,#17657,#17658,#17659,#17660,#17661),.UNSPECIFIED.,.F.,.F.,(4,3,3,4),(0.,0.000142502,0.000285005,0.00057001),.UNSPECIFIED.);
#17663=EDGE_CURVE('',#10335,#8127,#17662,.T.);
#17664=ORIENTED_EDGE('',*,*,#17663,.F.);
#17665=ORIENTED_EDGE('',*,*,#10341,.F.);
#17666=ORIENTED_EDGE('',*,*,#10309,.F.);
#17667=ORIENTED_EDGE('',*,*,#10416,.F.);
#17668=EDGE_LOOP('',(#17650,#17651,#17664,#17665,#17666,#17667));
#17669=FACE_BOUND('',#17668,.T.);
#17670=ADVANCED_FACE('',(#17669),#17637,.F.);
#17671=CARTESIAN_POINT('',(0.,0.,13.3));
#17672=DIRECTION('',(0.,0.,1.));
#17673=DIRECTION('',(1.,0.,-0.));
#17674=AXIS2_PLACEMENT_3D('',#17671,#17672,#17673);
#17675=TOROIDAL_SURFACE('',#17674,46.3,0.3);
#17676=ORIENTED_EDGE('',*,*,#17663,.T.);
#17677=ORIENTED_EDGE('',*,*,#8158,.F.);
#17678=CARTESIAN_POINT('',(-41.246920197,-21.032868902,13.));
#17679=CARTESIAN_POINT('',(-41.20378925,-21.011051096,13.));
#17680=CARTESIAN_POINT('',(-41.167795252,-20.979369498,13.012027179));
#17681=CARTESIAN_POINT('',(-41.141703384,-20.944323907,13.03156335));
#17682=CARTESIAN_POINT('',(-41.115611515,-20.909278316,13.051099522));
#17683=CARTESIAN_POINT('',(-41.099323464,-20.87167917,13.077374019));
#17684=CARTESIAN_POINT('',(-41.09051997,-20.834765866,13.106439143));
#17685=CARTESIAN_POINT('',(-41.072912982,-20.760939259,13.164569392));
#17686=CARTESIAN_POINT('',(-41.083866266,-20.691073123,13.232147904));
#17687=CARTESIAN_POINT('',(-41.114199637,-20.630622585,13.3));
#17688=B_SPLINE_CURVE_WITH_KNOTS('',3,(#17678,#17679,#17680,#17681,#17682,#17683,#17684,#17685,#17686,#17687),.UNSPECIFIED.,.F.,.F.,(4,3,3,4),(0.,0.000142502,0.000285005,0.00057001),.UNSPECIFIED.);
#17689=EDGE_CURVE('',#10344,#8146,#17688,.T.);
#17690=ORIENTED_EDGE('',*,*,#17689,.F.);
#17691=ORIENTED_EDGE('',*,*,#10350,.F.);
#17692=EDGE_LOOP('',(#17676,#17677,#17690,#17691));
#17693=FACE_BOUND('',#17692,.T.);
#17694=ADVANCED_FACE('',(#17693),#17675,.F.);
#17695=CARTESIAN_POINT('',(0.,0.,0.7));
#17696=DIRECTION('',(0.,0.,1.));
#17697=DIRECTION('',(1.,0.,-0.));
#17698=AXIS2_PLACEMENT_3D('',#17695,#17696,#17697);
#17699=TOROIDAL_SURFACE('',#17698,46.3,0.3);
#17700=ORIENTED_EDGE('',*,*,#10409,.F.);
#17701=CARTESIAN_POINT('',(-41.114199637,-20.630622585,0.7));
#17702=CARTESIAN_POINT('',(-41.083867281,-20.691071102,0.767854351));
#17703=CARTESIAN_POINT('',(-41.072912982,-20.760939259,0.835430608));
#17704=CARTESIAN_POINT('',(-41.09051997,-20.834765866,0.893560857));
#17705=CARTESIAN_POINT('',(-41.099323464,-20.87167917,0.922625981));
#17706=CARTESIAN_POINT('',(-41.115611515,-20.909278316,0.948900478));
#17707=CARTESIAN_POINT('',(-41.141703384,-20.944323907,0.96843665));
#17708=CARTESIAN_POINT('',(-41.167795252,-20.979369498,0.987972821));
#17709=CARTESIAN_POINT('',(-41.20378925,-21.011051096,1.));
#17710=CARTESIAN_POINT('',(-41.246920197,-21.032868902,1.));
#17711=B_SPLINE_CURVE_WITH_KNOTS('',3,(#17701,#17702,#17703,#17704,#17705,#17706,#17707,#17708,#17709,#17710),.UNSPECIFIED.,.F.,.F.,(4,3,3,4),(0.,0.000285005,0.000427507,0.00057001),.UNSPECIFIED.);
#17712=EDGE_CURVE('',#8137,#10394,#17711,.T.);
#17713=ORIENTED_EDGE('',*,*,#17712,.F.);
#17714=ORIENTED_EDGE('',*,*,#8143,.F.);
#17715=ORIENTED_EDGE('',*,*,#17649,.T.);
#17716=EDGE_LOOP('',(#17700,#17713,#17714,#17715));
#17717=FACE_BOUND('',#17716,.T.);
#17718=ADVANCED_FACE('',(#17717),#17699,.F.);
#17719=CARTESIAN_POINT('',(-41.382335721,-20.765170123,22.));
#17720=DIRECTION('',(0.,0.,-1.));
#17721=DIRECTION('',(-1.,0.,0.));
#17722=AXIS2_PLACEMENT_3D('',#17719,#17720,#17721);
#17723=CYLINDRICAL_SURFACE('',#17722,0.3);
#17724=ORIENTED_EDGE('',*,*,#17689,.T.);
#17725=ORIENTED_EDGE('',*,*,#8151,.F.);
#17726=ORIENTED_EDGE('',*,*,#17712,.T.);
#17727=ORIENTED_EDGE('',*,*,#10400,.F.);
#17728=ORIENTED_EDGE('',*,*,#10227,.F.);
#17729=ORIENTED_EDGE('',*,*,#10357,.F.);
#17730=EDGE_LOOP('',(#17724,#17725,#17726,#17727,#17728,#17729));
#17731=FACE_BOUND('',#17730,.T.);
#17732=ADVANCED_FACE('',(#17731),#17723,.F.);
#17733=CARTESIAN_POINT('',(0.,0.,0.7));
#17734=DIRECTION('',(0.,0.,1.));
#17735=DIRECTION('',(1.,0.,-0.));
#17736=AXIS2_PLACEMENT_3D('',#17733,#17734,#17735);
#17737=TOROIDAL_SURFACE('',#17736,46.3,0.3);
#17738=CARTESIAN_POINT('',(46.3,0.,0.7));
#17739=DIRECTION('',(-0.,1.,-0.));
#17740=DIRECTION('',(1.,0.,0.));
#17741=AXIS2_PLACEMENT_3D('',#17738,#17739,#17740);
#17742=CIRCLE('',#17741,0.3);
#17743=EDGE_CURVE('',#8165,#14342,#17742,.T.);
#17744=ORIENTED_EDGE('',*,*,#17743,.F.);
#17745=ORIENTED_EDGE('',*,*,#8171,.F.);
#17746=CARTESIAN_POINT('',(46.23731517,2.408461315,1.));
#17747=CARTESIAN_POINT('',(46.189053771,2.405790615,1.));
#17748=CARTESIAN_POINT('',(46.142041255,2.415230686,0.987972821));
#17749=CARTESIAN_POINT('',(46.101922239,2.432535124,0.96843665));
#17750=CARTESIAN_POINT('',(46.061803222,2.449839561,0.948900478));
#17751=CARTESIAN_POINT('',(46.028897784,2.474257351,0.922625981));
#17752=CARTESIAN_POINT('',(46.002817082,2.501823463,0.893560857));
#17753=CARTESIAN_POINT('',(45.950655679,2.556955687,0.835430608));
#17754=CARTESIAN_POINT('',(45.925208434,2.622938177,0.767852096));
#17755=CARTESIAN_POINT('',(45.921252634,2.690456564,0.7));
#17756=B_SPLINE_CURVE_WITH_KNOTS('',3,(#17746,#17747,#17748,#17749,#17750,#17751,#17752,#17753,#17754,#17755),.UNSPECIFIED.,.F.,.F.,(4,3,3,4),(0.,0.000142502,0.000285005,0.00057001),.UNSPECIFIED.);
#17757=EDGE_CURVE('',#14351,#8163,#17756,.T.);
#17758=ORIENTED_EDGE('',*,*,#17757,.F.);
#17759=ORIENTED_EDGE('',*,*,#14357,.F.);
#17760=EDGE_LOOP('',(#17744,#17745,#17758,#17759));
#17761=FACE_BOUND('',#17760,.T.);
#17762=ADVANCED_FACE('',(#17761),#17737,.F.);
#17763=CARTESIAN_POINT('',(46.220739064,-2.70800302,22.));
#17764=DIRECTION('',(0.,0.,-1.));
#17765=DIRECTION('',(-1.,0.,0.));
#17766=AXIS2_PLACEMENT_3D('',#17763,#17764,#17765);
#17767=CYLINDRICAL_SURFACE('',#17766,0.3);
#17768=ORIENTED_EDGE('',*,*,#14157,.F.);
#17769=ORIENTED_EDGE('',*,*,#14296,.F.);
#17770=CARTESIAN_POINT('',(45.921252634,-2.690456564,13.3));
#17771=CARTESIAN_POINT('',(45.925208434,-2.622938177,13.232147904));
#17772=CARTESIAN_POINT('',(45.950655679,-2.556955687,13.164569392));
#17773=CARTESIAN_POINT('',(46.002817082,-2.501823463,13.106439143));
#17774=CARTESIAN_POINT('',(46.028897784,-2.474257351,13.077374019));
#17775=CARTESIAN_POINT('',(46.061803222,-2.449839561,13.051099522));
#17776=CARTESIAN_POINT('',(46.101922239,-2.432535124,13.03156335));
#17777=CARTESIAN_POINT('',(46.142041255,-2.415230686,13.012027179));
#17778=CARTESIAN_POINT('',(46.189053771,-2.405790615,13.));
#17779=CARTESIAN_POINT('',(46.23731517,-2.408461315,13.));
#17780=B_SPLINE_CURVE_WITH_KNOTS('',3,(#17770,#17771,#17772,#17773,#17774,#17775,#17776,#17777,#17778,#17779),.UNSPECIFIED.,.F.,.F.,(4,3,3,4),(0.,0.000285005,0.000427507,0.00057001),.UNSPECIFIED.);
#17781=EDGE_CURVE('',#8183,#14283,#17780,.T.);
#17782=ORIENTED_EDGE('',*,*,#17781,.F.);
#17783=ORIENTED_EDGE('',*,*,#8188,.F.);
#17784=CARTESIAN_POINT('',(45.921252634,-2.690456564,0.7));
#17785=CARTESIAN_POINT('',(45.925208302,-2.622940435,0.767854351));
#17786=CARTESIAN_POINT('',(45.950655679,-2.556955687,0.835430608));
#17787=CARTESIAN_POINT('',(46.002817082,-2.501823463,0.893560857));
#17788=CARTESIAN_POINT('',(46.028897784,-2.474257351,0.922625981));
#17789=CARTESIAN_POINT('',(46.061803222,-2.449839561,0.948900478));
#17790=CARTESIAN_POINT('',(46.101922239,-2.432535124,0.96843665));
#17791=CARTESIAN_POINT('',(46.142041255,-2.415230686,0.987972821));
#17792=CARTESIAN_POINT('',(46.189053771,-2.405790615,1.));
#17793=CARTESIAN_POINT('',(46.23731517,-2.408461315,1.));
#17794=B_SPLINE_CURVE_WITH_KNOTS('',3,(#17784,#17785,#17786,#17787,#17788,#17789,#17790,#17791,#17792,#17793),.UNSPECIFIED.,.F.,.F.,(4,3,3,4),(0.,0.000285005,0.000427507,0.00057001),.UNSPECIFIED.);
#17795=EDGE_CURVE('',#8174,#14333,#17794,.T.);
#17796=ORIENTED_EDGE('',*,*,#17795,.T.);
#17797=ORIENTED_EDGE('',*,*,#14339,.F.);
#17798=EDGE_LOOP('',(#17768,#17769,#17782,#17783,#17796,#17797));
#17799=FACE_BOUND('',#17798,.T.);
#17800=ADVANCED_FACE('',(#17799),#17767,.F.);
#17801=CARTESIAN_POINT('',(46.220739064,2.70800302,22.));
#17802=DIRECTION('',(0.,0.,-1.));
#17803=DIRECTION('',(-1.,0.,0.));
#17804=AXIS2_PLACEMENT_3D('',#17801,#17802,#17803);
#17805=CYLINDRICAL_SURFACE('',#17804,0.3);
#17806=ORIENTED_EDGE('',*,*,#17757,.T.);
#17807=ORIENTED_EDGE('',*,*,#8212,.F.);
#17808=CARTESIAN_POINT('',(46.23731517,2.408461315,13.));
#17809=CARTESIAN_POINT('',(46.189053771,2.405790615,13.));
#17810=CARTESIAN_POINT('',(46.142041255,2.415230686,13.012027179));
#17811=CARTESIAN_POINT('',(46.101922239,2.432535124,13.03156335));
#17812=CARTESIAN_POINT('',(46.061803222,2.449839561,13.051099522));
#17813=CARTESIAN_POINT('',(46.028897784,2.474257351,13.077374019));
#17814=CARTESIAN_POINT('',(46.002817082,2.501823463,13.106439143));
#17815=CARTESIAN_POINT('',(45.950655679,2.556955687,13.164569392));
#17816=CARTESIAN_POINT('',(45.925208302,2.622940435,13.232145649));
#17817=CARTESIAN_POINT('',(45.921252634,2.690456564,13.3));
#17818=B_SPLINE_CURVE_WITH_KNOTS('',3,(#17808,#17809,#17810,#17811,#17812,#17813,#17814,#17815,#17816,#17817),.UNSPECIFIED.,.F.,.F.,(4,3,3,4),(0.,0.000142502,0.000285005,0.00057001),.UNSPECIFIED.);
#17819=EDGE_CURVE('',#14265,#8200,#17818,.T.);
#17820=ORIENTED_EDGE('',*,*,#17819,.F.);
#17821=ORIENTED_EDGE('',*,*,#14271,.F.);
#17822=ORIENTED_EDGE('',*,*,#14239,.F.);
#17823=ORIENTED_EDGE('',*,*,#14364,.F.);
#17824=EDGE_LOOP('',(#17806,#17807,#17820,#17821,#17822,#17823));
#17825=FACE_BOUND('',#17824,.T.);
#17826=ADVANCED_FACE('',(#17825),#17805,.F.);
#17827=CARTESIAN_POINT('',(0.,0.,13.3));
#17828=DIRECTION('',(0.,0.,1.));
#17829=DIRECTION('',(1.,0.,-0.));
#17830=AXIS2_PLACEMENT_3D('',#17827,#17828,#17829);
#17831=TOROIDAL_SURFACE('',#17830,46.3,0.3);
#17832=CARTESIAN_POINT('',(46.3,0.,13.3));
#17833=DIRECTION('',(-0.,1.,-0.));
#17834=DIRECTION('',(1.,0.,0.));
#17835=AXIS2_PLACEMENT_3D('',#17832,#17833,#17834);
#17836=CIRCLE('',#17835,0.3);
#17837=EDGE_CURVE('',#14274,#8191,#17836,.T.);
#17838=ORIENTED_EDGE('',*,*,#17837,.F.);
#17839=ORIENTED_EDGE('',*,*,#14280,.F.);
#17840=ORIENTED_EDGE('',*,*,#17819,.T.);
#17841=ORIENTED_EDGE('',*,*,#8206,.F.);
#17842=EDGE_LOOP('',(#17838,#17839,#17840,#17841));
#17843=FACE_BOUND('',#17842,.T.);
#17844=ADVANCED_FACE('',(#17843),#17831,.F.);
#17845=CARTESIAN_POINT('',(30.768150725,34.597845323,22.));
#17846=DIRECTION('',(0.,0.,-1.));
#17847=DIRECTION('',(-1.,0.,0.));
#17848=AXIS2_PLACEMENT_3D('',#17845,#17846,#17847);
#17849=CYLINDRICAL_SURFACE('',#17848,0.3);
#17850=CARTESIAN_POINT('',(30.568789057,34.373669219,0.7));
#17851=CARTESIAN_POINT('',(30.61932894,34.328723683,0.767852096));
#17852=CARTESIAN_POINT('',(30.683979525,34.300060936,0.835430608));
#17853=CARTESIAN_POINT('',(30.759847576,34.297960248,0.893560857));
#17854=CARTESIAN_POINT('',(30.797781602,34.296909905,0.922625981));
#17855=CARTESIAN_POINT('',(30.838315245,34.302911578,0.948900478));
#17856=CARTESIAN_POINT('',(30.878919759,34.319043922,0.96843665));
#17857=CARTESIAN_POINT('',(30.919524273,34.335176266,0.987972821));
#17858=CARTESIAN_POINT('',(30.95944228,34.361743996,1.));
#17859=CARTESIAN_POINT('',(30.991679772,34.397758429,1.));
#17860=B_SPLINE_CURVE_WITH_KNOTS('',3,(#17850,#17851,#17852,#17853,#17854,#17855,#17856,#17857,#17858,#17859),.UNSPECIFIED.,.F.,.F.,(4,3,3,4),(0.,0.000285005,0.000427507,0.00057001),.UNSPECIFIED.);
#17861=EDGE_CURVE('',#8219,#15530,#17860,.T.);
#17862=ORIENTED_EDGE('',*,*,#17861,.F.);
#17863=ORIENTED_EDGE('',*,*,#8224,.F.);
#17864=CARTESIAN_POINT('',(30.991679772,34.397758429,13.));
#17865=CARTESIAN_POINT('',(30.95944228,34.361743996,13.));
#17866=CARTESIAN_POINT('',(30.919524273,34.335176266,13.012027179));
#17867=CARTESIAN_POINT('',(30.878919759,34.319043922,13.03156335));
#17868=CARTESIAN_POINT('',(30.838315245,34.302911578,13.051099522));
#17869=CARTESIAN_POINT('',(30.797781602,34.296909905,13.077374019));
#17870=CARTESIAN_POINT('',(30.759847576,34.297960248,13.106439143));
#17871=CARTESIAN_POINT('',(30.683979525,34.300060936,13.164569392));
#17872=CARTESIAN_POINT('',(30.619327249,34.328725186,13.232145649));
#17873=CARTESIAN_POINT('',(30.568789057,34.373669219,13.3));
#17874=B_SPLINE_CURVE_WITH_KNOTS('',3,(#17864,#17865,#17866,#17867,#17868,#17869,#17870,#17871,#17872,#17873),.UNSPECIFIED.,.F.,.F.,(4,3,3,4),(0.,0.000142502,0.000285005,0.00057001),.UNSPECIFIED.);
#17875=EDGE_CURVE('',#15461,#8217,#17874,.T.);
#17876=ORIENTED_EDGE('',*,*,#17875,.F.);
#17877=ORIENTED_EDGE('',*,*,#15467,.F.);
#17878=ORIENTED_EDGE('',*,*,#15436,.F.);
#17879=ORIENTED_EDGE('',*,*,#15543,.F.);
#17880=EDGE_LOOP('',(#17862,#17863,#17876,#17877,#17878,#17879));
#17881=FACE_BOUND('',#17880,.T.);
#17882=ADVANCED_FACE('',(#17881),#17849,.F.);
#17883=CARTESIAN_POINT('',(0.,0.,13.3));
#17884=DIRECTION('',(0.,0.,1.));
#17885=DIRECTION('',(1.,0.,-0.));
#17886=AXIS2_PLACEMENT_3D('',#17883,#17884,#17885);
#17887=TOROIDAL_SURFACE('',#17886,46.3,0.3);
#17888=ORIENTED_EDGE('',*,*,#17875,.T.);
#17889=ORIENTED_EDGE('',*,*,#8248,.F.);
#17890=CARTESIAN_POINT('',(34.29784417,30.768150725,13.100153664));
#17891=VERTEX_POINT('',#17890);
#17892=CARTESIAN_POINT('',(34.397758429,30.991679772,13.));
#17893=CARTESIAN_POINT('',(34.361743996,30.95944228,13.));
#17894=CARTESIAN_POINT('',(34.335176266,30.919524273,13.012027179));
#17895=CARTESIAN_POINT('',(34.319043922,30.878919759,13.03156335));
#17896=CARTESIAN_POINT('',(34.302911578,30.838315245,13.051099522));
#17897=CARTESIAN_POINT('',(34.296909905,30.797781602,13.077374019));
#17898=CARTESIAN_POINT('',(34.297960248,30.759847576,13.106439143));
#17899=CARTESIAN_POINT('',(34.300060936,30.683979525,13.164569392));
#17900=CARTESIAN_POINT('',(34.328723683,30.61932894,13.232147904));
#17901=CARTESIAN_POINT('',(34.373669219,30.568789057,13.3));
#17902=B_SPLINE_CURVE_WITH_KNOTS('',3,(#17892,#17893,#17894,#17895,#17896,#17897,#17898,#17899,#17900,#17901),.UNSPECIFIED.,.F.,.F.,(4,3,3,4),(0.,0.000142502,0.000285005,0.00057001),.UNSPECIFIED.);
#17903=EDGE_CURVE('',#17891,#8236,#17902,.T.);
#17904=ORIENTED_EDGE('',*,*,#17903,.F.);
#17905=CARTESIAN_POINT('',(34.397758429,30.991679772,13.));
#17906=CARTESIAN_POINT('',(34.361743996,30.95944228,13.));
#17907=CARTESIAN_POINT('',(34.335176266,30.919524273,13.012027179));
#17908=CARTESIAN_POINT('',(34.319043922,30.878919759,13.03156335));
#17909=CARTESIAN_POINT('',(34.302911578,30.838315245,13.051099522));
#17910=CARTESIAN_POINT('',(34.296909905,30.797781602,13.077374019));
#17911=CARTESIAN_POINT('',(34.297960248,30.759847576,13.106439143));
#17912=CARTESIAN_POINT('',(34.300060936,30.683979525,13.164569392));
#17913=CARTESIAN_POINT('',(34.328723683,30.61932894,13.232147904));
#17914=CARTESIAN_POINT('',(34.373669219,30.568789057,13.3));
#17915=B_SPLINE_CURVE_WITH_KNOTS('',3,(#17905,#17906,#17907,#17908,#17909,#17910,#17911,#17912,#17913,#17914),.UNSPECIFIED.,.F.,.F.,(4,3,3,4),(0.,0.000142502,0.000285005,0.00057001),.UNSPECIFIED.);
#17916=EDGE_CURVE('',#15470,#17891,#17915,.T.);
#17917=ORIENTED_EDGE('',*,*,#17916,.F.);
#17918=ORIENTED_EDGE('',*,*,#15476,.F.);
#17919=EDGE_LOOP('',(#17888,#17889,#17904,#17917,#17918));
#17920=FACE_BOUND('',#17919,.T.);
#17921=ADVANCED_FACE('',(#17920),#17887,.F.);
#17922=CARTESIAN_POINT('',(0.,0.,0.7));
#17923=DIRECTION('',(0.,0.,1.));
#17924=DIRECTION('',(1.,0.,-0.));
#17925=AXIS2_PLACEMENT_3D('',#17922,#17923,#17924);
#17926=TOROIDAL_SURFACE('',#17925,46.3,0.3);
#17927=ORIENTED_EDGE('',*,*,#15536,.F.);
#17928=CARTESIAN_POINT('',(34.29784417,30.768150725,0.899846336));
#17929=VERTEX_POINT('',#17928);
#17930=CARTESIAN_POINT('',(34.373669219,30.568789057,0.7));
#17931=CARTESIAN_POINT('',(34.328725186,30.619327249,0.767854351));
#17932=CARTESIAN_POINT('',(34.300060936,30.683979525,0.835430608));
#17933=CARTESIAN_POINT('',(34.297960248,30.759847576,0.893560857));
#17934=CARTESIAN_POINT('',(34.296909905,30.797781602,0.922625981));
#17935=CARTESIAN_POINT('',(34.302911578,30.838315245,0.948900478));
#17936=CARTESIAN_POINT('',(34.319043922,30.878919759,0.96843665));
#17937=CARTESIAN_POINT('',(34.335176266,30.919524273,0.987972821));
#17938=CARTESIAN_POINT('',(34.361743996,30.95944228,1.));
#17939=CARTESIAN_POINT('',(34.397758429,30.991679772,1.));
#17940=B_SPLINE_CURVE_WITH_KNOTS('',3,(#17930,#17931,#17932,#17933,#17934,#17935,#17936,#17937,#17938,#17939),.UNSPECIFIED.,.F.,.F.,(4,3,3,4),(0.,0.000285005,0.000427507,0.00057001),.UNSPECIFIED.);
#17941=EDGE_CURVE('',#17929,#15521,#17940,.T.);
#17942=ORIENTED_EDGE('',*,*,#17941,.F.);
#17943=CARTESIAN_POINT('',(34.373669219,30.568789057,0.7));
#17944=CARTESIAN_POINT('',(34.328725186,30.619327249,0.767854351));
#17945=CARTESIAN_POINT('',(34.300060936,30.683979525,0.835430608));
#17946=CARTESIAN_POINT('',(34.297960248,30.759847576,0.893560857));
#17947=CARTESIAN_POINT('',(34.296909905,30.797781602,0.922625981));
#17948=CARTESIAN_POINT('',(34.302911578,30.838315245,0.948900478));
#17949=CARTESIAN_POINT('',(34.319043922,30.878919759,0.96843665));
#17950=CARTESIAN_POINT('',(34.335176266,30.919524273,0.987972821));
#17951=CARTESIAN_POINT('',(34.361743996,30.95944228,1.));
#17952=CARTESIAN_POINT('',(34.397758429,30.991679772,1.));
#17953=B_SPLINE_CURVE_WITH_KNOTS('',3,(#17943,#17944,#17945,#17946,#17947,#17948,#17949,#17950,#17951,#17952),.UNSPECIFIED.,.F.,.F.,(4,3,3,4),(0.,0.000285005,0.000427507,0.00057001),.UNSPECIFIED.);
#17954=EDGE_CURVE('',#8227,#17929,#17953,.T.);
#17955=ORIENTED_EDGE('',*,*,#17954,.F.);
#17956=ORIENTED_EDGE('',*,*,#8233,.F.);
#17957=ORIENTED_EDGE('',*,*,#17861,.T.);
#17958=EDGE_LOOP('',(#17927,#17942,#17955,#17956,#17957));
#17959=FACE_BOUND('',#17958,.T.);
#17960=ADVANCED_FACE('',(#17959),#17926,.F.);
#17961=CARTESIAN_POINT('',(34.597845323,30.768150725,22.));
#17962=DIRECTION('',(0.,0.,-1.));
#17963=DIRECTION('',(-1.,0.,0.));
#17964=AXIS2_PLACEMENT_3D('',#17961,#17962,#17963);
#17965=CYLINDRICAL_SURFACE('',#17964,0.3);
#17966=CARTESIAN_POINT('',(34.297845323,30.768150725,0.899846336));
#17967=DIRECTION('',(-0.,-0.,1.));
#17968=VECTOR('',#17967,12.200307327);
#17969=LINE('',#17966,#17968);
#17970=EDGE_CURVE('',#17929,#17891,#17969,.T.);
#17971=ORIENTED_EDGE('',*,*,#17970,.F.);
#17972=ORIENTED_EDGE('',*,*,#17941,.T.);
#17973=ORIENTED_EDGE('',*,*,#15527,.F.);
#17974=ORIENTED_EDGE('',*,*,#15354,.F.);
#17975=ORIENTED_EDGE('',*,*,#15483,.F.);
#17976=ORIENTED_EDGE('',*,*,#17916,.T.);
#17977=EDGE_LOOP('',(#17971,#17972,#17973,#17974,#17975,#17976));
#17978=FACE_BOUND('',#17977,.T.);
#17979=ADVANCED_FACE('',(#17978),#17965,.F.);
#17980=CARTESIAN_POINT('',(38.674332701,25.455568941,22.));
#17981=DIRECTION('',(0.,0.,-1.));
#17982=DIRECTION('',(-1.,0.,0.));
#17983=AXIS2_PLACEMENT_3D('',#17980,#17981,#17982);
#17984=CYLINDRICAL_SURFACE('',#17983,0.3);
#17985=CARTESIAN_POINT('',(38.423743073,25.290630049,0.7));
#17986=CARTESIAN_POINT('',(38.460928089,25.234135311,0.767852096));
#17987=CARTESIAN_POINT('',(38.515957295,25.189716421,0.835430608));
#17988=CARTESIAN_POINT('',(38.588696507,25.168051216,0.893560857));
#17989=CARTESIAN_POINT('',(38.625066113,25.157218613,0.922625981));
#17990=CARTESIAN_POINT('',(38.665771954,25.152524906,0.948900478));
#17991=CARTESIAN_POINT('',(38.70916826,25.157598332,0.96843665));
#17992=CARTESIAN_POINT('',(38.752564566,25.162671758,0.987972821));
#17993=CARTESIAN_POINT('',(38.797998635,25.178002675,1.));
#17994=CARTESIAN_POINT('',(38.838458882,25.204446268,1.));
#17995=B_SPLINE_CURVE_WITH_KNOTS('',3,(#17985,#17986,#17987,#17988,#17989,#17990,#17991,#17992,#17993,#17994),.UNSPECIFIED.,.F.,.F.,(4,3,3,4),(0.,0.000285005,0.000427507,0.00057001),.UNSPECIFIED.);
#17996=EDGE_CURVE('',#8255,#15137,#17995,.T.);
#17997=ORIENTED_EDGE('',*,*,#17996,.F.);
#17998=ORIENTED_EDGE('',*,*,#8260,.F.);
#17999=CARTESIAN_POINT('',(38.838458882,25.204446268,13.));
#18000=CARTESIAN_POINT('',(38.797998635,25.178002675,13.));
#18001=CARTESIAN_POINT('',(38.752564566,25.162671758,13.012027179));
#18002=CARTESIAN_POINT('',(38.70916826,25.157598332,13.03156335));
#18003=CARTESIAN_POINT('',(38.665771954,25.152524906,13.051099522));
#18004=CARTESIAN_POINT('',(38.625066113,25.157218613,13.077374019));
#18005=CARTESIAN_POINT('',(38.588696507,25.168051216,13.106439143));
#18006=CARTESIAN_POINT('',(38.515957295,25.189716421,13.164569392));
#18007=CARTESIAN_POINT('',(38.460926846,25.2341372,13.232145649));
#18008=CARTESIAN_POINT('',(38.423743073,25.290630049,13.3));
#18009=B_SPLINE_CURVE_WITH_KNOTS('',3,(#17999,#18000,#18001,#18002,#18003,#18004,#18005,#18006,#18007,#18008),.UNSPECIFIED.,.F.,.F.,(4,3,3,4),(0.,0.000142502,0.000285005,0.00057001),.UNSPECIFIED.);
#18010=EDGE_CURVE('',#15068,#8253,#18009,.T.);
#18011=ORIENTED_EDGE('',*,*,#18010,.F.);
#18012=ORIENTED_EDGE('',*,*,#15074,.F.);
#18013=ORIENTED_EDGE('',*,*,#15043,.F.);
#18014=ORIENTED_EDGE('',*,*,#15150,.F.);
#18015=EDGE_LOOP('',(#17997,#17998,#18011,#18012,#18013,#18014));
#18016=FACE_BOUND('',#18015,.T.);
#18017=ADVANCED_FACE('',(#18016),#17984,.F.);
#18018=CARTESIAN_POINT('',(0.,0.,13.3));
#18019=DIRECTION('',(0.,0.,1.));
#18020=DIRECTION('',(1.,0.,-0.));
#18021=AXIS2_PLACEMENT_3D('',#18018,#18019,#18020);
#18022=TOROIDAL_SURFACE('',#18021,46.3,0.3);
#18023=ORIENTED_EDGE('',*,*,#18010,.T.);
#18024=ORIENTED_EDGE('',*,*,#8284,.F.);
#18025=CARTESIAN_POINT('',(41.082089741,20.765170959,13.164950463));
#18026=VERTEX_POINT('',#18025);
#18027=CARTESIAN_POINT('',(41.246920197,21.032868902,13.));
#18028=CARTESIAN_POINT('',(41.20378925,21.011051096,13.));
#18029=CARTESIAN_POINT('',(41.167795252,20.979369498,13.012027179));
#18030=CARTESIAN_POINT('',(41.141703384,20.944323907,13.03156335));
#18031=CARTESIAN_POINT('',(41.115611515,20.909278316,13.051099522));
#18032=CARTESIAN_POINT('',(41.099323464,20.87167917,13.077374019));
#18033=CARTESIAN_POINT('',(41.09051997,20.834765866,13.106439143));
#18034=CARTESIAN_POINT('',(41.072912982,20.760939259,13.164569392));
#18035=CARTESIAN_POINT('',(41.083866266,20.691073123,13.232147904));
#18036=CARTESIAN_POINT('',(41.114199637,20.630622585,13.3));
#18037=B_SPLINE_CURVE_WITH_KNOTS('',3,(#18027,#18028,#18029,#18030,#18031,#18032,#18033,#18034,#18035,#18036),.UNSPECIFIED.,.F.,.F.,(4,3,3,4),(0.,0.000142502,0.000285005,0.00057001),.UNSPECIFIED.);
#18038=EDGE_CURVE('',#18026,#8272,#18037,.T.);
#18039=ORIENTED_EDGE('',*,*,#18038,.F.);
#18040=CARTESIAN_POINT('',(41.246920197,21.032868902,13.));
#18041=CARTESIAN_POINT('',(41.20378925,21.011051096,13.));
#18042=CARTESIAN_POINT('',(41.167795252,20.979369498,13.012027179));
#18043=CARTESIAN_POINT('',(41.141703384,20.944323907,13.03156335));
#18044=CARTESIAN_POINT('',(41.115611515,20.909278316,13.051099522));
#18045=CARTESIAN_POINT('',(41.099323464,20.87167917,13.077374019));
#18046=CARTESIAN_POINT('',(41.09051997,20.834765866,13.106439143));
#18047=CARTESIAN_POINT('',(41.072912982,20.760939259,13.164569392));
#18048=CARTESIAN_POINT('',(41.083866266,20.691073123,13.232147904));
#18049=CARTESIAN_POINT('',(41.114199637,20.630622585,13.3));
#18050=B_SPLINE_CURVE_WITH_KNOTS('',3,(#18040,#18041,#18042,#18043,#18044,#18045,#18046,#18047,#18048,#18049),.UNSPECIFIED.,.F.,.F.,(4,3,3,4),(0.,0.000142502,0.000285005,0.00057001),.UNSPECIFIED.);
#18051=EDGE_CURVE('',#15077,#18026,#18050,.T.);
#18052=ORIENTED_EDGE('',*,*,#18051,.F.);
#18053=ORIENTED_EDGE('',*,*,#15083,.F.);
#18054=EDGE_LOOP('',(#18023,#18024,#18039,#18052,#18053));
#18055=FACE_BOUND('',#18054,.T.);
#18056=ADVANCED_FACE('',(#18055),#18022,.F.);
#18057=CARTESIAN_POINT('',(0.,0.,0.7));
#18058=DIRECTION('',(0.,0.,1.));
#18059=DIRECTION('',(1.,0.,-0.));
#18060=AXIS2_PLACEMENT_3D('',#18057,#18058,#18059);
#18061=TOROIDAL_SURFACE('',#18060,46.3,0.3);
#18062=ORIENTED_EDGE('',*,*,#15143,.F.);
#18063=CARTESIAN_POINT('',(41.082089955,20.765170957,0.835050386));
#18064=VERTEX_POINT('',#18063);
#18065=CARTESIAN_POINT('',(41.114199637,20.630622585,0.7));
#18066=CARTESIAN_POINT('',(41.083867281,20.691071102,0.767854351));
#18067=CARTESIAN_POINT('',(41.072912982,20.760939259,0.835430608));
#18068=CARTESIAN_POINT('',(41.09051997,20.834765866,0.893560857));
#18069=CARTESIAN_POINT('',(41.099323464,20.87167917,0.922625981));
#18070=CARTESIAN_POINT('',(41.115611515,20.909278316,0.948900478));
#18071=CARTESIAN_POINT('',(41.141703384,20.944323907,0.96843665));
#18072=CARTESIAN_POINT('',(41.167795252,20.979369498,0.987972821));
#18073=CARTESIAN_POINT('',(41.20378925,21.011051096,1.));
#18074=CARTESIAN_POINT('',(41.246920197,21.032868902,1.));
#18075=B_SPLINE_CURVE_WITH_KNOTS('',3,(#18065,#18066,#18067,#18068,#18069,#18070,#18071,#18072,#18073,#18074),.UNSPECIFIED.,.F.,.F.,(4,3,3,4),(0.,0.000285005,0.000427507,0.00057001),.UNSPECIFIED.);
#18076=EDGE_CURVE('',#18064,#15128,#18075,.T.);
#18077=ORIENTED_EDGE('',*,*,#18076,.F.);
#18078=CARTESIAN_POINT('',(41.114199637,20.630622585,0.7));
#18079=CARTESIAN_POINT('',(41.083867281,20.691071102,0.767854351));
#18080=CARTESIAN_POINT('',(41.072912982,20.760939259,0.835430608));
#18081=CARTESIAN_POINT('',(41.09051997,20.834765866,0.893560857));
#18082=CARTESIAN_POINT('',(41.099323464,20.87167917,0.922625981));
#18083=CARTESIAN_POINT('',(41.115611515,20.909278316,0.948900478));
#18084=CARTESIAN_POINT('',(41.141703384,20.944323907,0.96843665));
#18085=CARTESIAN_POINT('',(41.167795252,20.979369498,0.987972821));
#18086=CARTESIAN_POINT('',(41.20378925,21.011051096,1.));
#18087=CARTESIAN_POINT('',(41.246920197,21.032868902,1.));
#18088=B_SPLINE_CURVE_WITH_KNOTS('',3,(#18078,#18079,#18080,#18081,#18082,#18083,#18084,#18085,#18086,#18087),.UNSPECIFIED.,.F.,.F.,(4,3,3,4),(0.,0.000285005,0.000427507,0.00057001),.UNSPECIFIED.);
#18089=EDGE_CURVE('',#8263,#18064,#18088,.T.);
#18090=ORIENTED_EDGE('',*,*,#18089,.F.);
#18091=ORIENTED_EDGE('',*,*,#8269,.F.);
#18092=ORIENTED_EDGE('',*,*,#17996,.T.);
#18093=EDGE_LOOP('',(#18062,#18077,#18090,#18091,#18092));
#18094=FACE_BOUND('',#18093,.T.);
#18095=ADVANCED_FACE('',(#18094),#18061,.F.);
#18096=CARTESIAN_POINT('',(41.382335721,20.765170123,22.));
#18097=DIRECTION('',(0.,0.,-1.));
#18098=DIRECTION('',(-1.,0.,0.));
#18099=AXIS2_PLACEMENT_3D('',#18096,#18097,#18098);
#18100=CYLINDRICAL_SURFACE('',#18099,0.3);
#18101=CARTESIAN_POINT('',(41.082335721,20.765170123,0.835050386));
#18102=DIRECTION('',(-0.,-0.,1.));
#18103=VECTOR('',#18102,12.329900078);
#18104=LINE('',#18101,#18103);
#18105=EDGE_CURVE('',#18064,#18026,#18104,.T.);
#18106=ORIENTED_EDGE('',*,*,#18105,.F.);
#18107=ORIENTED_EDGE('',*,*,#18076,.T.);
#18108=ORIENTED_EDGE('',*,*,#15134,.F.);
#18109=ORIENTED_EDGE('',*,*,#14961,.F.);
#18110=ORIENTED_EDGE('',*,*,#15090,.F.);
#18111=ORIENTED_EDGE('',*,*,#18051,.T.);
#18112=EDGE_LOOP('',(#18106,#18107,#18108,#18109,#18110,#18111));
#18113=FACE_BOUND('',#18112,.T.);
#18114=ADVANCED_FACE('',(#18113),#18100,.F.);
#18115=CARTESIAN_POINT('',(-41.382335721,20.765170123,22.));
#18116=DIRECTION('',(0.,0.,-1.));
#18117=DIRECTION('',(-1.,0.,0.));
#18118=AXIS2_PLACEMENT_3D('',#18115,#18116,#18117);
#18119=CYLINDRICAL_SURFACE('',#18118,0.3);
#18120=CARTESIAN_POINT('',(-41.114199637,20.630622585,0.7));
#18121=CARTESIAN_POINT('',(-41.083866266,20.691073123,0.767852096));
#18122=CARTESIAN_POINT('',(-41.072912982,20.760939259,0.835430608));
#18123=CARTESIAN_POINT('',(-41.09051997,20.834765866,0.893560857));
#18124=CARTESIAN_POINT('',(-41.099323464,20.87167917,0.922625981));
#18125=CARTESIAN_POINT('',(-41.115611515,20.909278316,0.948900478));
#18126=CARTESIAN_POINT('',(-41.141703384,20.944323907,0.96843665));
#18127=CARTESIAN_POINT('',(-41.167795252,20.979369498,0.987972821));
#18128=CARTESIAN_POINT('',(-41.20378925,21.011051096,1.));
#18129=CARTESIAN_POINT('',(-41.246920197,21.032868902,1.));
#18130=B_SPLINE_CURVE_WITH_KNOTS('',3,(#18120,#18121,#18122,#18123,#18124,#18125,#18126,#18127,#18128,#18129),.UNSPECIFIED.,.F.,.F.,(4,3,3,4),(0.,0.000285005,0.000427507,0.00057001),.UNSPECIFIED.);
#18131=EDGE_CURVE('',#8291,#9224,#18130,.T.);
#18132=ORIENTED_EDGE('',*,*,#18131,.F.);
#18133=ORIENTED_EDGE('',*,*,#8296,.F.);
#18134=CARTESIAN_POINT('',(-41.246920197,21.032868902,13.));
#18135=CARTESIAN_POINT('',(-41.20378925,21.011051096,13.));
#18136=CARTESIAN_POINT('',(-41.167795252,20.979369498,13.012027179));
#18137=CARTESIAN_POINT('',(-41.141703384,20.944323907,13.03156335));
#18138=CARTESIAN_POINT('',(-41.115611515,20.909278316,13.051099522));
#18139=CARTESIAN_POINT('',(-41.099323464,20.87167917,13.077374019));
#18140=CARTESIAN_POINT('',(-41.09051997,20.834765866,13.106439143));
#18141=CARTESIAN_POINT('',(-41.072912982,20.760939259,13.164569392));
#18142=CARTESIAN_POINT('',(-41.083867281,20.691071102,13.232145649));
#18143=CARTESIAN_POINT('',(-41.114199637,20.630622585,13.3));
#18144=B_SPLINE_CURVE_WITH_KNOTS('',3,(#18134,#18135,#18136,#18137,#18138,#18139,#18140,#18141,#18142,#18143),.UNSPECIFIED.,.F.,.F.,(4,3,3,4),(0.,0.000142502,0.000285005,0.00057001),.UNSPECIFIED.);
#18145=EDGE_CURVE('',#9156,#8289,#18144,.T.);
#18146=ORIENTED_EDGE('',*,*,#18145,.F.);
#18147=ORIENTED_EDGE('',*,*,#9162,.F.);
#18148=ORIENTED_EDGE('',*,*,#9130,.F.);
#18149=ORIENTED_EDGE('',*,*,#9237,.F.);
#18150=EDGE_LOOP('',(#18132,#18133,#18146,#18147,#18148,#18149));
#18151=FACE_BOUND('',#18150,.T.);
#18152=ADVANCED_FACE('',(#18151),#18119,.F.);
#18153=CARTESIAN_POINT('',(0.,0.,13.3));
#18154=DIRECTION('',(0.,0.,1.));
#18155=DIRECTION('',(1.,0.,-0.));
#18156=AXIS2_PLACEMENT_3D('',#18153,#18154,#18155);
#18157=TOROIDAL_SURFACE('',#18156,46.3,0.3);
#18158=ORIENTED_EDGE('',*,*,#18145,.T.);
#18159=ORIENTED_EDGE('',*,*,#8320,.F.);
#18160=CARTESIAN_POINT('',(-38.838458882,25.204446268,13.));
#18161=CARTESIAN_POINT('',(-38.797998635,25.178002675,13.));
#18162=CARTESIAN_POINT('',(-38.752564566,25.162671758,13.012027179));
#18163=CARTESIAN_POINT('',(-38.70916826,25.157598332,13.03156335));
#18164=CARTESIAN_POINT('',(-38.665771954,25.152524906,13.051099522));
#18165=CARTESIAN_POINT('',(-38.625066113,25.157218613,13.077374019));
#18166=CARTESIAN_POINT('',(-38.588696507,25.168051216,13.106439143));
#18167=CARTESIAN_POINT('',(-38.515957295,25.189716421,13.164569392));
#18168=CARTESIAN_POINT('',(-38.460928089,25.234135311,13.232147904));
#18169=CARTESIAN_POINT('',(-38.423743073,25.290630049,13.3));
#18170=B_SPLINE_CURVE_WITH_KNOTS('',3,(#18160,#18161,#18162,#18163,#18164,#18165,#18166,#18167,#18168,#18169),.UNSPECIFIED.,.F.,.F.,(4,3,3,4),(0.,0.000142502,0.000285005,0.00057001),.UNSPECIFIED.);
#18171=EDGE_CURVE('',#9165,#8308,#18170,.T.);
#18172=ORIENTED_EDGE('',*,*,#18171,.F.);
#18173=ORIENTED_EDGE('',*,*,#9171,.F.);
#18174=EDGE_LOOP('',(#18158,#18159,#18172,#18173));
#18175=FACE_BOUND('',#18174,.T.);
#18176=ADVANCED_FACE('',(#18175),#18157,.F.);
#18177=CARTESIAN_POINT('',(0.,0.,0.7));
#18178=DIRECTION('',(0.,0.,1.));
#18179=DIRECTION('',(1.,0.,-0.));
#18180=AXIS2_PLACEMENT_3D('',#18177,#18178,#18179);
#18181=TOROIDAL_SURFACE('',#18180,46.3,0.3);
#18182=ORIENTED_EDGE('',*,*,#9230,.F.);
#18183=CARTESIAN_POINT('',(-38.423743073,25.290630049,0.7));
#18184=CARTESIAN_POINT('',(-38.460926846,25.2341372,0.767854351));
#18185=CARTESIAN_POINT('',(-38.515957295,25.189716421,0.835430608));
#18186=CARTESIAN_POINT('',(-38.588696507,25.168051216,0.893560857));
#18187=CARTESIAN_POINT('',(-38.625066113,25.157218613,0.922625981));
#18188=CARTESIAN_POINT('',(-38.665771954,25.152524906,0.948900478));
#18189=CARTESIAN_POINT('',(-38.70916826,25.157598332,0.96843665));
#18190=CARTESIAN_POINT('',(-38.752564566,25.162671758,0.987972821));
#18191=CARTESIAN_POINT('',(-38.797998635,25.178002675,1.));
#18192=CARTESIAN_POINT('',(-38.838458882,25.204446268,1.));
#18193=B_SPLINE_CURVE_WITH_KNOTS('',3,(#18183,#18184,#18185,#18186,#18187,#18188,#18189,#18190,#18191,#18192),.UNSPECIFIED.,.F.,.F.,(4,3,3,4),(0.,0.000285005,0.000427507,0.00057001),.UNSPECIFIED.);
#18194=EDGE_CURVE('',#8299,#9215,#18193,.T.);
#18195=ORIENTED_EDGE('',*,*,#18194,.F.);
#18196=ORIENTED_EDGE('',*,*,#8305,.F.);
#18197=ORIENTED_EDGE('',*,*,#18131,.T.);
#18198=EDGE_LOOP('',(#18182,#18195,#18196,#18197));
#18199=FACE_BOUND('',#18198,.T.);
#18200=ADVANCED_FACE('',(#18199),#18181,.F.);
#18201=CARTESIAN_POINT('',(-38.674332701,25.455568941,22.));
#18202=DIRECTION('',(0.,0.,-1.));
#18203=DIRECTION('',(-1.,0.,0.));
#18204=AXIS2_PLACEMENT_3D('',#18201,#18202,#18203);
#18205=CYLINDRICAL_SURFACE('',#18204,0.3);
#18206=ORIENTED_EDGE('',*,*,#18171,.T.);
#18207=ORIENTED_EDGE('',*,*,#8313,.F.);
#18208=ORIENTED_EDGE('',*,*,#18194,.T.);
#18209=ORIENTED_EDGE('',*,*,#9221,.F.);
#18210=ORIENTED_EDGE('',*,*,#9048,.F.);
#18211=ORIENTED_EDGE('',*,*,#9178,.F.);
#18212=EDGE_LOOP('',(#18206,#18207,#18208,#18209,#18210,#18211));
#18213=FACE_BOUND('',#18212,.T.);
#18214=ADVANCED_FACE('',(#18213),#18205,.F.);
#18215=CARTESIAN_POINT('',(-45.346688328,9.347077494,22.));
#18216=DIRECTION('',(0.,0.,-1.));
#18217=DIRECTION('',(-1.,0.,0.));
#18218=AXIS2_PLACEMENT_3D('',#18215,#18216,#18217);
#18219=CYLINDRICAL_SURFACE('',#18218,0.3);
#18220=CARTESIAN_POINT('',(-45.052865294,9.286513277,0.7));
#18221=CARTESIAN_POINT('',(-45.039211258,9.352754867,0.767852096));
#18222=CARTESIAN_POINT('',(-45.046713885,9.42307529,0.835430608));
#18223=CARTESIAN_POINT('',(-45.082828661,9.489829293,0.893560857));
#18224=CARTESIAN_POINT('',(-45.10088605,9.523206295,0.922625981));
#18225=CARTESIAN_POINT('',(-45.126350473,9.555308623,0.948900478));
#18226=CARTESIAN_POINT('',(-45.16062375,9.582406992,0.96843665));
#18227=CARTESIAN_POINT('',(-45.194897026,9.609505361,0.987972821));
#18228=CARTESIAN_POINT('',(-45.237864359,9.630791503,1.));
#18229=CARTESIAN_POINT('',(-45.285172518,9.640702774,1.));
#18230=B_SPLINE_CURVE_WITH_KNOTS('',3,(#18220,#18221,#18222,#18223,#18224,#18225,#18226,#18227,#18228,#18229),.UNSPECIFIED.,.F.,.F.,(4,3,3,4),(0.,0.000285005,0.000427507,0.00057001),.UNSPECIFIED.);
#18231=EDGE_CURVE('',#8327,#7533,#18230,.T.);
#18232=ORIENTED_EDGE('',*,*,#18231,.F.);
#18233=ORIENTED_EDGE('',*,*,#8332,.F.);
#18234=CARTESIAN_POINT('',(-45.285172518,9.640702774,13.));
#18235=CARTESIAN_POINT('',(-45.237864359,9.630791503,13.));
#18236=CARTESIAN_POINT('',(-45.194897026,9.609505361,13.012027179));
#18237=CARTESIAN_POINT('',(-45.16062375,9.582406992,13.03156335));
#18238=CARTESIAN_POINT('',(-45.126350473,9.555308623,13.051099522));
#18239=CARTESIAN_POINT('',(-45.10088605,9.523206295,13.077374019));
#18240=CARTESIAN_POINT('',(-45.082828661,9.489829293,13.106439143));
#18241=CARTESIAN_POINT('',(-45.046713885,9.42307529,13.164569392));
#18242=CARTESIAN_POINT('',(-45.039211715,9.352752652,13.232145649));
#18243=CARTESIAN_POINT('',(-45.052865294,9.286513277,13.3));
#18244=B_SPLINE_CURVE_WITH_KNOTS('',3,(#18234,#18235,#18236,#18237,#18238,#18239,#18240,#18241,#18242,#18243),.UNSPECIFIED.,.F.,.F.,(4,3,3,4),(0.,0.000142502,0.000285005,0.00057001),.UNSPECIFIED.);
#18245=EDGE_CURVE('',#7464,#8325,#18244,.T.);
#18246=ORIENTED_EDGE('',*,*,#18245,.F.);
#18247=ORIENTED_EDGE('',*,*,#7470,.F.);
#18248=ORIENTED_EDGE('',*,*,#7439,.F.);
#18249=ORIENTED_EDGE('',*,*,#7546,.F.);
#18250=EDGE_LOOP('',(#18232,#18233,#18246,#18247,#18248,#18249));
#18251=FACE_BOUND('',#18250,.T.);
#18252=ADVANCED_FACE('',(#18251),#18219,.F.);
#18253=CARTESIAN_POINT('',(0.,0.,13.3));
#18254=DIRECTION('',(0.,0.,1.));
#18255=DIRECTION('',(1.,0.,-0.));
#18256=AXIS2_PLACEMENT_3D('',#18253,#18254,#18255);
#18257=TOROIDAL_SURFACE('',#18256,46.3,0.3);
#18258=ORIENTED_EDGE('',*,*,#18245,.T.);
#18259=ORIENTED_EDGE('',*,*,#8356,.F.);
#18260=CARTESIAN_POINT('',(-44.038461203,14.293492747,13.));
#18261=CARTESIAN_POINT('',(-43.992535499,14.278422079,13.));
#18262=CARTESIAN_POINT('',(-43.944681626,14.275372753,13.012027179));
#18263=CARTESIAN_POINT('',(-43.901450914,14.28170399,13.03156335));
#18264=CARTESIAN_POINT('',(-43.858220202,14.288035228,13.051099522));
#18265=CARTESIAN_POINT('',(-43.8201162,14.303104448,13.077374019));
#18266=CARTESIAN_POINT('',(-43.787789542,14.322981085,13.106439143));
#18267=CARTESIAN_POINT('',(-43.723136226,14.362734359,13.164569392));
#18268=CARTESIAN_POINT('',(-43.68147855,14.419882319,13.232147904));
#18269=CARTESIAN_POINT('',(-43.660182496,14.484076236,13.3));
#18270=B_SPLINE_CURVE_WITH_KNOTS('',3,(#18260,#18261,#18262,#18263,#18264,#18265,#18266,#18267,#18268,#18269),.UNSPECIFIED.,.F.,.F.,(4,3,3,4),(0.,0.000142502,0.000285005,0.00057001),.UNSPECIFIED.);
#18271=EDGE_CURVE('',#7473,#8344,#18270,.T.);
#18272=ORIENTED_EDGE('',*,*,#18271,.F.);
#18273=ORIENTED_EDGE('',*,*,#7479,.F.);
#18274=EDGE_LOOP('',(#18258,#18259,#18272,#18273));
#18275=FACE_BOUND('',#18274,.T.);
#18276=ADVANCED_FACE('',(#18275),#18257,.F.);
#18277=CARTESIAN_POINT('',(0.,0.,0.7));
#18278=DIRECTION('',(0.,0.,1.));
#18279=DIRECTION('',(1.,0.,-0.));
#18280=AXIS2_PLACEMENT_3D('',#18277,#18278,#18279);
#18281=TOROIDAL_SURFACE('',#18280,46.3,0.3);
#18282=ORIENTED_EDGE('',*,*,#7539,.F.);
#18283=CARTESIAN_POINT('',(-43.660182496,14.484076236,0.7));
#18284=CARTESIAN_POINT('',(-43.681477838,14.419884466,0.767854351));
#18285=CARTESIAN_POINT('',(-43.723136226,14.362734359,0.835430608));
#18286=CARTESIAN_POINT('',(-43.787789542,14.322981085,0.893560857));
#18287=CARTESIAN_POINT('',(-43.8201162,14.303104448,0.922625981));
#18288=CARTESIAN_POINT('',(-43.858220202,14.288035228,0.948900478));
#18289=CARTESIAN_POINT('',(-43.901450914,14.28170399,0.96843665));
#18290=CARTESIAN_POINT('',(-43.944681626,14.275372753,0.987972821));
#18291=CARTESIAN_POINT('',(-43.992535499,14.278422079,1.));
#18292=CARTESIAN_POINT('',(-44.038461203,14.293492747,1.));
#18293=B_SPLINE_CURVE_WITH_KNOTS('',3,(#18283,#18284,#18285,#18286,#18287,#18288,#18289,#18290,#18291,#18292),.UNSPECIFIED.,.F.,.F.,(4,3,3,4),(0.,0.000285005,0.000427507,0.00057001),.UNSPECIFIED.);
#18294=EDGE_CURVE('',#8335,#7524,#18293,.T.);
#18295=ORIENTED_EDGE('',*,*,#18294,.F.);
#18296=ORIENTED_EDGE('',*,*,#8341,.F.);
#18297=ORIENTED_EDGE('',*,*,#18231,.T.);
#18298=EDGE_LOOP('',(#18282,#18295,#18296,#18297));
#18299=FACE_BOUND('',#18298,.T.);
#18300=ADVANCED_FACE('',(#18299),#18281,.F.);
#18301=CARTESIAN_POINT('',(-43.944922817,14.578537603,22.));
#18302=DIRECTION('',(0.,0.,-1.));
#18303=DIRECTION('',(-1.,0.,0.));
#18304=AXIS2_PLACEMENT_3D('',#18301,#18302,#18303);
#18305=CYLINDRICAL_SURFACE('',#18304,0.3);
#18306=ORIENTED_EDGE('',*,*,#18271,.T.);
#18307=ORIENTED_EDGE('',*,*,#8349,.F.);
#18308=ORIENTED_EDGE('',*,*,#18294,.T.);
#18309=ORIENTED_EDGE('',*,*,#7530,.F.);
#18310=ORIENTED_EDGE('',*,*,#7357,.F.);
#18311=ORIENTED_EDGE('',*,*,#7486,.F.);
#18312=EDGE_LOOP('',(#18306,#18307,#18308,#18309,#18310,#18311));
#18313=FACE_BOUND('',#18312,.T.);
#18314=ADVANCED_FACE('',(#18313),#18305,.F.);
#18315=CARTESIAN_POINT('',(2.70800302,-46.220739064,22.));
#18316=DIRECTION('',(0.,0.,-1.));
#18317=DIRECTION('',(-1.,0.,0.));
#18318=AXIS2_PLACEMENT_3D('',#18315,#18316,#18317);
#18319=CYLINDRICAL_SURFACE('',#18318,0.3);
#18320=CARTESIAN_POINT('',(2.408013941,-46.220739077,0.999530594));
#18321=VERTEX_POINT('',#18320);
#18322=CARTESIAN_POINT('',(2.408013941,-46.220739077,13.000469406));
#18323=VERTEX_POINT('',#18322);
#18324=CARTESIAN_POINT('',(2.40800302,-46.220739064,0.999530594));
#18325=DIRECTION('',(-0.,-0.,1.));
#18326=VECTOR('',#18325,12.000938811);
#18327=LINE('',#18324,#18326);
#18328=EDGE_CURVE('',#18321,#18323,#18327,.T.);
#18329=ORIENTED_EDGE('',*,*,#18328,.F.);
#18330=CARTESIAN_POINT('',(2.690456564,-45.921252634,0.7));
#18331=CARTESIAN_POINT('',(2.622938177,-45.925208434,0.767852096));
#18332=CARTESIAN_POINT('',(2.556955687,-45.950655679,0.835430608));
#18333=CARTESIAN_POINT('',(2.501823463,-46.002817082,0.893560857));
#18334=CARTESIAN_POINT('',(2.474257351,-46.028897784,0.922625981));
#18335=CARTESIAN_POINT('',(2.449839561,-46.061803222,0.948900478));
#18336=CARTESIAN_POINT('',(2.432535124,-46.101922239,0.96843665));
#18337=CARTESIAN_POINT('',(2.415230686,-46.142041255,0.987972821));
#18338=CARTESIAN_POINT('',(2.405790615,-46.189053771,1.));
#18339=CARTESIAN_POINT('',(2.408461315,-46.23731517,1.));
#18340=B_SPLINE_CURVE_WITH_KNOTS('',3,(#18330,#18331,#18332,#18333,#18334,#18335,#18336,#18337,#18338,#18339),.UNSPECIFIED.,.F.,.F.,(4,3,3,4),(0.,0.000285005,0.000427507,0.00057001),.UNSPECIFIED.);
#18341=EDGE_CURVE('',#8363,#18321,#18340,.T.);
#18342=ORIENTED_EDGE('',*,*,#18341,.F.);
#18343=ORIENTED_EDGE('',*,*,#8368,.F.);
#18344=CARTESIAN_POINT('',(2.408461315,-46.23731517,13.));
#18345=CARTESIAN_POINT('',(2.405790615,-46.189053771,13.));
#18346=CARTESIAN_POINT('',(2.415230686,-46.142041255,13.012027179));
#18347=CARTESIAN_POINT('',(2.432535124,-46.101922239,13.03156335));
#18348=CARTESIAN_POINT('',(2.449839561,-46.061803222,13.051099522));
#18349=CARTESIAN_POINT('',(2.474257351,-46.028897784,13.077374019));
#18350=CARTESIAN_POINT('',(2.501823463,-46.002817082,13.106439143));
#18351=CARTESIAN_POINT('',(2.556955687,-45.950655679,13.164569392));
#18352=CARTESIAN_POINT('',(2.622940435,-45.925208302,13.232145649));
#18353=CARTESIAN_POINT('',(2.690456564,-45.921252634,13.3));
#18354=B_SPLINE_CURVE_WITH_KNOTS('',3,(#18344,#18345,#18346,#18347,#18348,#18349,#18350,#18351,#18352,#18353),.UNSPECIFIED.,.F.,.F.,(4,3,3,4),(0.,0.000142502,0.000285005,0.00057001),.UNSPECIFIED.);
#18355=EDGE_CURVE('',#18323,#8361,#18354,.T.);
#18356=ORIENTED_EDGE('',*,*,#18355,.F.);
#18357=EDGE_LOOP('',(#18329,#18342,#18343,#18356));
#18358=FACE_BOUND('',#18357,.T.);
#18359=ADVANCED_FACE('',(#18358),#18319,.F.);
#18360=CARTESIAN_POINT('',(0.,0.,13.3));
#18361=DIRECTION('',(0.,0.,1.));
#18362=DIRECTION('',(1.,0.,-0.));
#18363=AXIS2_PLACEMENT_3D('',#18360,#18361,#18362);
#18364=TOROIDAL_SURFACE('',#18363,46.3,0.3);
#18365=CARTESIAN_POINT('',(2.408461315,-46.23731517,13.));
#18366=CARTESIAN_POINT('',(2.405790615,-46.189053771,13.));
#18367=CARTESIAN_POINT('',(2.415230686,-46.142041255,13.012027179));
#18368=CARTESIAN_POINT('',(2.432535124,-46.101922239,13.03156335));
#18369=CARTESIAN_POINT('',(2.449839561,-46.061803222,13.051099522));
#18370=CARTESIAN_POINT('',(2.474257351,-46.028897784,13.077374019));
#18371=CARTESIAN_POINT('',(2.501823463,-46.002817082,13.106439143));
#18372=CARTESIAN_POINT('',(2.556955687,-45.950655679,13.164569392));
#18373=CARTESIAN_POINT('',(2.622940435,-45.925208302,13.232145649));
#18374=CARTESIAN_POINT('',(2.690456564,-45.921252634,13.3));
#18375=B_SPLINE_CURVE_WITH_KNOTS('',3,(#18365,#18366,#18367,#18368,#18369,#18370,#18371,#18372,#18373,#18374),.UNSPECIFIED.,.F.,.F.,(4,3,3,4),(0.,0.000142502,0.000285005,0.00057001),.UNSPECIFIED.);
#18376=EDGE_CURVE('',#11907,#18323,#18375,.T.);
#18377=ORIENTED_EDGE('',*,*,#18376,.T.);
#18378=ORIENTED_EDGE('',*,*,#18355,.T.);
#18379=ORIENTED_EDGE('',*,*,#8392,.F.);
#18380=CARTESIAN_POINT('',(-2.408461315,-46.23731517,13.));
#18381=CARTESIAN_POINT('',(-2.405790615,-46.189053771,13.));
#18382=CARTESIAN_POINT('',(-2.415230686,-46.142041255,13.012027179));
#18383=CARTESIAN_POINT('',(-2.432535124,-46.101922239,13.03156335));
#18384=CARTESIAN_POINT('',(-2.449839561,-46.061803222,13.051099522));
#18385=CARTESIAN_POINT('',(-2.474257351,-46.028897784,13.077374019));
#18386=CARTESIAN_POINT('',(-2.501823463,-46.002817082,13.106439143));
#18387=CARTESIAN_POINT('',(-2.556955687,-45.950655679,13.164569392));
#18388=CARTESIAN_POINT('',(-2.622938177,-45.925208434,13.232147904));
#18389=CARTESIAN_POINT('',(-2.690456564,-45.921252634,13.3));
#18390=B_SPLINE_CURVE_WITH_KNOTS('',3,(#18380,#18381,#18382,#18383,#18384,#18385,#18386,#18387,#18388,#18389),.UNSPECIFIED.,.F.,.F.,(4,3,3,4),(0.,0.000142502,0.000285005,0.00057001),.UNSPECIFIED.);
#18391=EDGE_CURVE('',#11916,#8380,#18390,.T.);
#18392=ORIENTED_EDGE('',*,*,#18391,.F.);
#18393=ORIENTED_EDGE('',*,*,#11922,.F.);
#18394=EDGE_LOOP('',(#18377,#18378,#18379,#18392,#18393));
#18395=FACE_BOUND('',#18394,.T.);
#18396=ADVANCED_FACE('',(#18395),#18364,.F.);
#18397=CARTESIAN_POINT('',(0.,0.,0.7));
#18398=DIRECTION('',(0.,0.,1.));
#18399=DIRECTION('',(1.,0.,-0.));
#18400=AXIS2_PLACEMENT_3D('',#18397,#18398,#18399);
#18401=TOROIDAL_SURFACE('',#18400,46.3,0.3);
#18402=ORIENTED_EDGE('',*,*,#11981,.F.);
#18403=CARTESIAN_POINT('',(-2.690456564,-45.921252634,0.7));
#18404=CARTESIAN_POINT('',(-2.622940435,-45.925208302,0.767854351));
#18405=CARTESIAN_POINT('',(-2.556955687,-45.950655679,0.835430608));
#18406=CARTESIAN_POINT('',(-2.501823463,-46.002817082,0.893560857));
#18407=CARTESIAN_POINT('',(-2.474257351,-46.028897784,0.922625981));
#18408=CARTESIAN_POINT('',(-2.449839561,-46.061803222,0.948900478));
#18409=CARTESIAN_POINT('',(-2.432535124,-46.101922239,0.96843665));
#18410=CARTESIAN_POINT('',(-2.415230686,-46.142041255,0.987972821));
#18411=CARTESIAN_POINT('',(-2.405790615,-46.189053771,1.));
#18412=CARTESIAN_POINT('',(-2.408461315,-46.23731517,1.));
#18413=B_SPLINE_CURVE_WITH_KNOTS('',3,(#18403,#18404,#18405,#18406,#18407,#18408,#18409,#18410,#18411,#18412),.UNSPECIFIED.,.F.,.F.,(4,3,3,4),(0.,0.000285005,0.000427507,0.00057001),.UNSPECIFIED.);
#18414=EDGE_CURVE('',#8371,#11966,#18413,.T.);
#18415=ORIENTED_EDGE('',*,*,#18414,.F.);
#18416=ORIENTED_EDGE('',*,*,#8377,.F.);
#18417=ORIENTED_EDGE('',*,*,#18341,.T.);
#18418=CARTESIAN_POINT('',(2.690456564,-45.921252634,0.7));
#18419=CARTESIAN_POINT('',(2.622938177,-45.925208434,0.767852096));
#18420=CARTESIAN_POINT('',(2.556955687,-45.950655679,0.835430608));
#18421=CARTESIAN_POINT('',(2.501823463,-46.002817082,0.893560857));
#18422=CARTESIAN_POINT('',(2.474257351,-46.028897784,0.922625981));
#18423=CARTESIAN_POINT('',(2.449839561,-46.061803222,0.948900478));
#18424=CARTESIAN_POINT('',(2.432535124,-46.101922239,0.96843665));
#18425=CARTESIAN_POINT('',(2.415230686,-46.142041255,0.987972821));
#18426=CARTESIAN_POINT('',(2.405790615,-46.189053771,1.));
#18427=CARTESIAN_POINT('',(2.408461315,-46.23731517,1.));
#18428=B_SPLINE_CURVE_WITH_KNOTS('',3,(#18418,#18419,#18420,#18421,#18422,#18423,#18424,#18425,#18426,#18427),.UNSPECIFIED.,.F.,.F.,(4,3,3,4),(0.,0.000285005,0.000427507,0.00057001),.UNSPECIFIED.);
#18429=EDGE_CURVE('',#18321,#11975,#18428,.T.);
#18430=ORIENTED_EDGE('',*,*,#18429,.T.);
#18431=EDGE_LOOP('',(#18402,#18415,#18416,#18417,#18430));
#18432=FACE_BOUND('',#18431,.T.);
#18433=ADVANCED_FACE('',(#18432),#18401,.F.);
#18434=CARTESIAN_POINT('',(-2.70800302,-46.220739064,22.));
#18435=DIRECTION('',(0.,0.,-1.));
#18436=DIRECTION('',(-1.,0.,0.));
#18437=AXIS2_PLACEMENT_3D('',#18434,#18435,#18436);
#18438=CYLINDRICAL_SURFACE('',#18437,0.3);
#18439=ORIENTED_EDGE('',*,*,#18391,.T.);
#18440=ORIENTED_EDGE('',*,*,#8385,.F.);
#18441=ORIENTED_EDGE('',*,*,#18414,.T.);
#18442=ORIENTED_EDGE('',*,*,#11972,.F.);
#18443=ORIENTED_EDGE('',*,*,#11799,.F.);
#18444=ORIENTED_EDGE('',*,*,#11929,.F.);
#18445=EDGE_LOOP('',(#18439,#18440,#18441,#18442,#18443,#18444));
#18446=FACE_BOUND('',#18445,.T.);
#18447=ADVANCED_FACE('',(#18446),#18438,.F.);
#18448=CARTESIAN_POINT('',(0.,0.,0.7));
#18449=DIRECTION('',(0.,0.,1.));
#18450=DIRECTION('',(1.,0.,-0.));
#18451=AXIS2_PLACEMENT_3D('',#18448,#18449,#18450);
#18452=TOROIDAL_SURFACE('',#18451,46.3,0.3);
#18453=ORIENTED_EDGE('',*,*,#9624,.F.);
#18454=CARTESIAN_POINT('',(-45.921252634,2.690456564,0.7));
#18455=CARTESIAN_POINT('',(-45.925208302,2.622940435,0.767854351));
#18456=CARTESIAN_POINT('',(-45.950655679,2.556955687,0.835430608));
#18457=CARTESIAN_POINT('',(-46.002817082,2.501823463,0.893560857));
#18458=CARTESIAN_POINT('',(-46.028897784,2.474257351,0.922625981));
#18459=CARTESIAN_POINT('',(-46.061803222,2.449839561,0.948900478));
#18460=CARTESIAN_POINT('',(-46.101922239,2.432535124,0.96843665));
#18461=CARTESIAN_POINT('',(-46.142041255,2.415230686,0.987972821));
#18462=CARTESIAN_POINT('',(-46.189053771,2.405790615,1.));
#18463=CARTESIAN_POINT('',(-46.23731517,2.408461315,1.));
#18464=B_SPLINE_CURVE_WITH_KNOTS('',3,(#18454,#18455,#18456,#18457,#18458,#18459,#18460,#18461,#18462,#18463),.UNSPECIFIED.,.F.,.F.,(4,3,3,4),(0.,0.000285005,0.000427507,0.00057001),.UNSPECIFIED.);
#18465=EDGE_CURVE('',#7813,#9609,#18464,.T.);
#18466=ORIENTED_EDGE('',*,*,#18465,.F.);
#18467=ORIENTED_EDGE('',*,*,#7819,.F.);
#18468=ORIENTED_EDGE('',*,*,#7785,.F.);
#18469=CARTESIAN_POINT('',(-46.23731517,-2.408461315,1.));
#18470=CARTESIAN_POINT('',(-46.189053771,-2.405790615,1.));
#18471=CARTESIAN_POINT('',(-46.142041255,-2.415230686,0.987972821));
#18472=CARTESIAN_POINT('',(-46.101922239,-2.432535124,0.96843665));
#18473=CARTESIAN_POINT('',(-46.061803222,-2.449839561,0.948900478));
#18474=CARTESIAN_POINT('',(-46.028897784,-2.474257351,0.922625981));
#18475=CARTESIAN_POINT('',(-46.002817082,-2.501823463,0.893560857));
#18476=CARTESIAN_POINT('',(-45.950655679,-2.556955687,0.835430608));
#18477=CARTESIAN_POINT('',(-45.925208434,-2.622938177,0.767852096));
#18478=CARTESIAN_POINT('',(-45.921252634,-2.690456564,0.7));
#18479=B_SPLINE_CURVE_WITH_KNOTS('',3,(#18469,#18470,#18471,#18472,#18473,#18474,#18475,#18476,#18477,#18478),.UNSPECIFIED.,.F.,.F.,(4,3,3,4),(0.,0.000142502,0.000285005,0.00057001),.UNSPECIFIED.);
#18480=EDGE_CURVE('',#9618,#7771,#18479,.T.);
#18481=ORIENTED_EDGE('',*,*,#18480,.F.);
#18482=EDGE_LOOP('',(#18453,#18466,#18467,#18468,#18481));
#18483=FACE_BOUND('',#18482,.T.);
#18484=ADVANCED_FACE('',(#18483),#18452,.F.);
#18485=CARTESIAN_POINT('',(-46.220739064,2.70800302,22.));
#18486=DIRECTION('',(0.,0.,-1.));
#18487=DIRECTION('',(-1.,0.,0.));
#18488=AXIS2_PLACEMENT_3D('',#18485,#18486,#18487);
#18489=CYLINDRICAL_SURFACE('',#18488,0.3);
#18490=ORIENTED_EDGE('',*,*,#9441,.F.);
#18491=ORIENTED_EDGE('',*,*,#9571,.F.);
#18492=CARTESIAN_POINT('',(-45.921252634,2.690456564,13.3));
#18493=CARTESIAN_POINT('',(-45.925208434,2.622938177,13.232147904));
#18494=CARTESIAN_POINT('',(-45.950655679,2.556955687,13.164569392));
#18495=CARTESIAN_POINT('',(-46.002817082,2.501823463,13.106439143));
#18496=CARTESIAN_POINT('',(-46.028897784,2.474257351,13.077374019));
#18497=CARTESIAN_POINT('',(-46.061803222,2.449839561,13.051099522));
#18498=CARTESIAN_POINT('',(-46.101922239,2.432535124,13.03156335));
#18499=CARTESIAN_POINT('',(-46.142041255,2.415230686,13.012027179));
#18500=CARTESIAN_POINT('',(-46.189053771,2.405790615,13.));
#18501=CARTESIAN_POINT('',(-46.23731517,2.408461315,13.));
#18502=B_SPLINE_CURVE_WITH_KNOTS('',3,(#18492,#18493,#18494,#18495,#18496,#18497,#18498,#18499,#18500,#18501),.UNSPECIFIED.,.F.,.F.,(4,3,3,4),(0.,0.000285005,0.000427507,0.00057001),.UNSPECIFIED.);
#18503=EDGE_CURVE('',#7822,#9558,#18502,.T.);
#18504=ORIENTED_EDGE('',*,*,#18503,.F.);
#18505=ORIENTED_EDGE('',*,*,#7827,.F.);
#18506=ORIENTED_EDGE('',*,*,#18465,.T.);
#18507=ORIENTED_EDGE('',*,*,#9615,.F.);
#18508=EDGE_LOOP('',(#18490,#18491,#18504,#18505,#18506,#18507));
#18509=FACE_BOUND('',#18508,.T.);
#18510=ADVANCED_FACE('',(#18509),#18489,.F.);
#18511=CARTESIAN_POINT('',(-46.220739064,-2.70800302,22.));
#18512=DIRECTION('',(0.,0.,-1.));
#18513=DIRECTION('',(-1.,0.,0.));
#18514=AXIS2_PLACEMENT_3D('',#18511,#18512,#18513);
#18515=CYLINDRICAL_SURFACE('',#18514,0.3);
#18516=ORIENTED_EDGE('',*,*,#18480,.T.);
#18517=ORIENTED_EDGE('',*,*,#7776,.F.);
#18518=CARTESIAN_POINT('',(-46.23731517,-2.408461315,13.));
#18519=CARTESIAN_POINT('',(-46.189053771,-2.405790615,13.));
#18520=CARTESIAN_POINT('',(-46.142041255,-2.415230686,13.012027179));
#18521=CARTESIAN_POINT('',(-46.101922239,-2.432535124,13.03156335));
#18522=CARTESIAN_POINT('',(-46.061803222,-2.449839561,13.051099522));
#18523=CARTESIAN_POINT('',(-46.028897784,-2.474257351,13.077374019));
#18524=CARTESIAN_POINT('',(-46.002817082,-2.501823463,13.106439143));
#18525=CARTESIAN_POINT('',(-45.950655679,-2.556955687,13.164569392));
#18526=CARTESIAN_POINT('',(-45.925208302,-2.622940435,13.232145649));
#18527=CARTESIAN_POINT('',(-45.921252634,-2.690456564,13.3));
#18528=B_SPLINE_CURVE_WITH_KNOTS('',3,(#18518,#18519,#18520,#18521,#18522,#18523,#18524,#18525,#18526,#18527),.UNSPECIFIED.,.F.,.F.,(4,3,3,4),(0.,0.000142502,0.000285005,0.00057001),.UNSPECIFIED.);
#18529=EDGE_CURVE('',#9549,#7762,#18528,.T.);
#18530=ORIENTED_EDGE('',*,*,#18529,.F.);
#18531=ORIENTED_EDGE('',*,*,#9555,.F.);
#18532=ORIENTED_EDGE('',*,*,#9523,.F.);
#18533=ORIENTED_EDGE('',*,*,#9631,.F.);
#18534=EDGE_LOOP('',(#18516,#18517,#18530,#18531,#18532,#18533));
#18535=FACE_BOUND('',#18534,.T.);
#18536=ADVANCED_FACE('',(#18535),#18515,.F.);
#18537=CARTESIAN_POINT('',(0.,0.,13.3));
#18538=DIRECTION('',(0.,0.,1.));
#18539=DIRECTION('',(1.,0.,-0.));
#18540=AXIS2_PLACEMENT_3D('',#18537,#18538,#18539);
#18541=TOROIDAL_SURFACE('',#18540,46.3,0.3);
#18542=ORIENTED_EDGE('',*,*,#18503,.T.);
#18543=ORIENTED_EDGE('',*,*,#9564,.F.);
#18544=ORIENTED_EDGE('',*,*,#18529,.T.);
#18545=ORIENTED_EDGE('',*,*,#7768,.F.);
#18546=ORIENTED_EDGE('',*,*,#7834,.F.);
#18547=EDGE_LOOP('',(#18542,#18543,#18544,#18545,#18546));
#18548=FACE_BOUND('',#18547,.T.);
#18549=ADVANCED_FACE('',(#18548),#18541,.F.);
#18550=CARTESIAN_POINT('',(0.,0.,0.7));
#18551=DIRECTION('',(0.,0.,1.));
#18552=DIRECTION('',(1.,0.,-0.));
#18553=AXIS2_PLACEMENT_3D('',#18550,#18551,#18552);
#18554=TOROIDAL_SURFACE('',#18553,46.3,0.3);
#18555=ORIENTED_EDGE('',*,*,#10802,.F.);
#18556=CARTESIAN_POINT('',(-34.373669219,-30.568789057,0.7));
#18557=CARTESIAN_POINT('',(-34.328725186,-30.619327249,0.767854351));
#18558=CARTESIAN_POINT('',(-34.300060936,-30.683979525,0.835430608));
#18559=CARTESIAN_POINT('',(-34.297960248,-30.759847576,0.893560857));
#18560=CARTESIAN_POINT('',(-34.296909905,-30.797781602,0.922625981));
#18561=CARTESIAN_POINT('',(-34.302911578,-30.838315245,0.948900478));
#18562=CARTESIAN_POINT('',(-34.319043922,-30.878919759,0.96843665));
#18563=CARTESIAN_POINT('',(-34.335176266,-30.919524273,0.987972821));
#18564=CARTESIAN_POINT('',(-34.361743996,-30.95944228,1.));
#18565=CARTESIAN_POINT('',(-34.397758429,-30.991679772,1.));
#18566=B_SPLINE_CURVE_WITH_KNOTS('',3,(#18556,#18557,#18558,#18559,#18560,#18561,#18562,#18563,#18564,#18565),.UNSPECIFIED.,.F.,.F.,(4,3,3,4),(0.,0.000285005,0.000427507,0.00057001),.UNSPECIFIED.);
#18567=EDGE_CURVE('',#8399,#10787,#18566,.T.);
#18568=ORIENTED_EDGE('',*,*,#18567,.F.);
#18569=ORIENTED_EDGE('',*,*,#8405,.F.);
#18570=CARTESIAN_POINT('',(-30.991679772,-34.397758429,1.));
#18571=CARTESIAN_POINT('',(-30.95944228,-34.361743996,1.));
#18572=CARTESIAN_POINT('',(-30.919524273,-34.335176266,0.987972821));
#18573=CARTESIAN_POINT('',(-30.878919759,-34.319043922,0.96843665));
#18574=CARTESIAN_POINT('',(-30.838315245,-34.302911578,0.948900478));
#18575=CARTESIAN_POINT('',(-30.797781602,-34.296909905,0.922625981));
#18576=CARTESIAN_POINT('',(-30.759847576,-34.297960248,0.893560857));
#18577=CARTESIAN_POINT('',(-30.683979525,-34.300060936,0.835430608));
#18578=CARTESIAN_POINT('',(-30.61932894,-34.328723683,0.767852096));
#18579=CARTESIAN_POINT('',(-30.568789057,-34.373669219,0.7));
#18580=B_SPLINE_CURVE_WITH_KNOTS('',3,(#18570,#18571,#18572,#18573,#18574,#18575,#18576,#18577,#18578,#18579),.UNSPECIFIED.,.F.,.F.,(4,3,3,4),(0.,0.000142502,0.000285005,0.00057001),.UNSPECIFIED.);
#18581=EDGE_CURVE('',#10796,#8397,#18580,.T.);
#18582=ORIENTED_EDGE('',*,*,#18581,.F.);
#18583=EDGE_LOOP('',(#18555,#18568,#18569,#18582));
#18584=FACE_BOUND('',#18583,.T.);
#18585=ADVANCED_FACE('',(#18584),#18554,.F.);
#18586=CARTESIAN_POINT('',(-34.597845323,-30.768150725,22.));
#18587=DIRECTION('',(0.,0.,-1.));
#18588=DIRECTION('',(-1.,0.,0.));
#18589=AXIS2_PLACEMENT_3D('',#18586,#18587,#18588);
#18590=CYLINDRICAL_SURFACE('',#18589,0.3);
#18591=ORIENTED_EDGE('',*,*,#10620,.F.);
#18592=ORIENTED_EDGE('',*,*,#10750,.F.);
#18593=CARTESIAN_POINT('',(-34.373669219,-30.568789057,13.3));
#18594=CARTESIAN_POINT('',(-34.328723683,-30.61932894,13.232147904));
#18595=CARTESIAN_POINT('',(-34.300060936,-30.683979525,13.164569392));
#18596=CARTESIAN_POINT('',(-34.297960248,-30.759847576,13.106439143));
#18597=CARTESIAN_POINT('',(-34.296909905,-30.797781602,13.077374019));
#18598=CARTESIAN_POINT('',(-34.302911578,-30.838315245,13.051099522));
#18599=CARTESIAN_POINT('',(-34.319043922,-30.878919759,13.03156335));
#18600=CARTESIAN_POINT('',(-34.335176266,-30.919524273,13.012027179));
#18601=CARTESIAN_POINT('',(-34.361743996,-30.95944228,13.));
#18602=CARTESIAN_POINT('',(-34.397758429,-30.991679772,13.));
#18603=B_SPLINE_CURVE_WITH_KNOTS('',3,(#18593,#18594,#18595,#18596,#18597,#18598,#18599,#18600,#18601,#18602),.UNSPECIFIED.,.F.,.F.,(4,3,3,4),(0.,0.000285005,0.000427507,0.00057001),.UNSPECIFIED.);
#18604=EDGE_CURVE('',#8408,#10737,#18603,.T.);
#18605=ORIENTED_EDGE('',*,*,#18604,.F.);
#18606=ORIENTED_EDGE('',*,*,#8413,.F.);
#18607=ORIENTED_EDGE('',*,*,#18567,.T.);
#18608=ORIENTED_EDGE('',*,*,#10793,.F.);
#18609=EDGE_LOOP('',(#18591,#18592,#18605,#18606,#18607,#18608));
#18610=FACE_BOUND('',#18609,.T.);
#18611=ADVANCED_FACE('',(#18610),#18590,.F.);
#18612=CARTESIAN_POINT('',(-30.768150725,-34.597845323,22.));
#18613=DIRECTION('',(0.,0.,-1.));
#18614=DIRECTION('',(-1.,0.,0.));
#18615=AXIS2_PLACEMENT_3D('',#18612,#18613,#18614);
#18616=CYLINDRICAL_SURFACE('',#18615,0.3);
#18617=ORIENTED_EDGE('',*,*,#18581,.T.);
#18618=ORIENTED_EDGE('',*,*,#8428,.F.);
#18619=CARTESIAN_POINT('',(-30.991679772,-34.397758429,13.));
#18620=CARTESIAN_POINT('',(-30.95944228,-34.361743996,13.));
#18621=CARTESIAN_POINT('',(-30.919524273,-34.335176266,13.012027179));
#18622=CARTESIAN_POINT('',(-30.878919759,-34.319043922,13.03156335));
#18623=CARTESIAN_POINT('',(-30.838315245,-34.302911578,13.051099522));
#18624=CARTESIAN_POINT('',(-30.797781602,-34.296909905,13.077374019));
#18625=CARTESIAN_POINT('',(-30.759847576,-34.297960248,13.106439143));
#18626=CARTESIAN_POINT('',(-30.683979525,-34.300060936,13.164569392));
#18627=CARTESIAN_POINT('',(-30.619327249,-34.328725186,13.232145649));
#18628=CARTESIAN_POINT('',(-30.568789057,-34.373669219,13.3));
#18629=B_SPLINE_CURVE_WITH_KNOTS('',3,(#18619,#18620,#18621,#18622,#18623,#18624,#18625,#18626,#18627,#18628),.UNSPECIFIED.,.F.,.F.,(4,3,3,4),(0.,0.000142502,0.000285005,0.00057001),.UNSPECIFIED.);
#18630=EDGE_CURVE('',#10728,#8416,#18629,.T.);
#18631=ORIENTED_EDGE('',*,*,#18630,.F.);
#18632=ORIENTED_EDGE('',*,*,#10734,.F.);
#18633=ORIENTED_EDGE('',*,*,#10702,.F.);
#18634=ORIENTED_EDGE('',*,*,#10809,.F.);
#18635=EDGE_LOOP('',(#18617,#18618,#18631,#18632,#18633,#18634));
#18636=FACE_BOUND('',#18635,.T.);
#18637=ADVANCED_FACE('',(#18636),#18616,.F.);
#18638=CARTESIAN_POINT('',(0.,0.,13.3));
#18639=DIRECTION('',(0.,0.,1.));
#18640=DIRECTION('',(1.,0.,-0.));
#18641=AXIS2_PLACEMENT_3D('',#18638,#18639,#18640);
#18642=TOROIDAL_SURFACE('',#18641,46.3,0.3);
#18643=ORIENTED_EDGE('',*,*,#18604,.T.);
#18644=ORIENTED_EDGE('',*,*,#10743,.F.);
#18645=ORIENTED_EDGE('',*,*,#18630,.T.);
#18646=ORIENTED_EDGE('',*,*,#8422,.F.);
#18647=EDGE_LOOP('',(#18643,#18644,#18645,#18646));
#18648=FACE_BOUND('',#18647,.T.);
#18649=ADVANCED_FACE('',(#18648),#18642,.F.);
#18650=CARTESIAN_POINT('',(0.,0.,0.7));
#18651=DIRECTION('',(0.,0.,1.));
#18652=DIRECTION('',(1.,0.,-0.));
#18653=AXIS2_PLACEMENT_3D('',#18650,#18651,#18652);
#18654=TOROIDAL_SURFACE('',#18653,46.3,0.3);
#18655=ORIENTED_EDGE('',*,*,#12767,.F.);
#18656=CARTESIAN_POINT('',(20.630622585,-41.114199637,0.7));
#18657=CARTESIAN_POINT('',(20.691071102,-41.083867281,0.767854351));
#18658=CARTESIAN_POINT('',(20.760939259,-41.072912982,0.835430608));
#18659=CARTESIAN_POINT('',(20.834765866,-41.09051997,0.893560857));
#18660=CARTESIAN_POINT('',(20.87167917,-41.099323464,0.922625981));
#18661=CARTESIAN_POINT('',(20.909278316,-41.115611515,0.948900478));
#18662=CARTESIAN_POINT('',(20.944323907,-41.141703384,0.96843665));
#18663=CARTESIAN_POINT('',(20.979369498,-41.167795252,0.987972821));
#18664=CARTESIAN_POINT('',(21.011051096,-41.20378925,1.));
#18665=CARTESIAN_POINT('',(21.032868902,-41.246920197,1.));
#18666=B_SPLINE_CURVE_WITH_KNOTS('',3,(#18656,#18657,#18658,#18659,#18660,#18661,#18662,#18663,#18664,#18665),.UNSPECIFIED.,.F.,.F.,(4,3,3,4),(0.,0.000285005,0.000427507,0.00057001),.UNSPECIFIED.);
#18667=EDGE_CURVE('',#8435,#12752,#18666,.T.);
#18668=ORIENTED_EDGE('',*,*,#18667,.F.);
#18669=ORIENTED_EDGE('',*,*,#8441,.F.);
#18670=CARTESIAN_POINT('',(25.155553206,-38.674332709,0.951049158));
#18671=VERTEX_POINT('',#18670);
#18672=CARTESIAN_POINT('',(25.204446268,-38.838458882,1.));
#18673=CARTESIAN_POINT('',(25.178002675,-38.797998635,1.));
#18674=CARTESIAN_POINT('',(25.162671758,-38.752564566,0.987972821));
#18675=CARTESIAN_POINT('',(25.157598332,-38.70916826,0.96843665));
#18676=CARTESIAN_POINT('',(25.152524906,-38.665771954,0.948900478));
#18677=CARTESIAN_POINT('',(25.157218613,-38.625066113,0.922625981));
#18678=CARTESIAN_POINT('',(25.168051216,-38.588696507,0.893560857));
#18679=CARTESIAN_POINT('',(25.189716421,-38.515957295,0.835430608));
#18680=CARTESIAN_POINT('',(25.234135311,-38.460928089,0.767852096));
#18681=CARTESIAN_POINT('',(25.290630049,-38.423743073,0.7));
#18682=B_SPLINE_CURVE_WITH_KNOTS('',3,(#18672,#18673,#18674,#18675,#18676,#18677,#18678,#18679,#18680,#18681),.UNSPECIFIED.,.F.,.F.,(4,3,3,4),(0.,0.000142502,0.000285005,0.00057001),.UNSPECIFIED.);
#18683=EDGE_CURVE('',#18671,#8433,#18682,.T.);
#18684=ORIENTED_EDGE('',*,*,#18683,.F.);
#18685=CARTESIAN_POINT('',(25.204446268,-38.838458882,1.));
#18686=CARTESIAN_POINT('',(25.178002675,-38.797998635,1.));
#18687=CARTESIAN_POINT('',(25.162671758,-38.752564566,0.987972821));
#18688=CARTESIAN_POINT('',(25.157598332,-38.70916826,0.96843665));
#18689=CARTESIAN_POINT('',(25.152524906,-38.665771954,0.948900478));
#18690=CARTESIAN_POINT('',(25.157218613,-38.625066113,0.922625981));
#18691=CARTESIAN_POINT('',(25.168051216,-38.588696507,0.893560857));
#18692=CARTESIAN_POINT('',(25.189716421,-38.515957295,0.835430608));
#18693=CARTESIAN_POINT('',(25.234135311,-38.460928089,0.767852096));
#18694=CARTESIAN_POINT('',(25.290630049,-38.423743073,0.7));
#18695=B_SPLINE_CURVE_WITH_KNOTS('',3,(#18685,#18686,#18687,#18688,#18689,#18690,#18691,#18692,#18693,#18694),.UNSPECIFIED.,.F.,.F.,(4,3,3,4),(0.,0.000142502,0.000285005,0.00057001),.UNSPECIFIED.);
#18696=EDGE_CURVE('',#12761,#18671,#18695,.T.);
#18697=ORIENTED_EDGE('',*,*,#18696,.F.);
#18698=EDGE_LOOP('',(#18655,#18668,#18669,#18684,#18697));
#18699=FACE_BOUND('',#18698,.T.);
#18700=ADVANCED_FACE('',(#18699),#18654,.F.);
#18701=CARTESIAN_POINT('',(20.765170123,-41.382335721,22.));
#18702=DIRECTION('',(0.,0.,-1.));
#18703=DIRECTION('',(-1.,0.,0.));
#18704=AXIS2_PLACEMENT_3D('',#18701,#18702,#18703);
#18705=CYLINDRICAL_SURFACE('',#18704,0.3);
#18706=ORIENTED_EDGE('',*,*,#12585,.F.);
#18707=ORIENTED_EDGE('',*,*,#12715,.F.);
#18708=CARTESIAN_POINT('',(20.630622585,-41.114199637,13.3));
#18709=CARTESIAN_POINT('',(20.691073123,-41.083866266,13.232147904));
#18710=CARTESIAN_POINT('',(20.760939259,-41.072912982,13.164569392));
#18711=CARTESIAN_POINT('',(20.834765866,-41.09051997,13.106439143));
#18712=CARTESIAN_POINT('',(20.87167917,-41.099323464,13.077374019));
#18713=CARTESIAN_POINT('',(20.909278316,-41.115611515,13.051099522));
#18714=CARTESIAN_POINT('',(20.944323907,-41.141703384,13.03156335));
#18715=CARTESIAN_POINT('',(20.979369498,-41.167795252,13.012027179));
#18716=CARTESIAN_POINT('',(21.011051096,-41.20378925,13.));
#18717=CARTESIAN_POINT('',(21.032868902,-41.246920197,13.));
#18718=B_SPLINE_CURVE_WITH_KNOTS('',3,(#18708,#18709,#18710,#18711,#18712,#18713,#18714,#18715,#18716,#18717),.UNSPECIFIED.,.F.,.F.,(4,3,3,4),(0.,0.000285005,0.000427507,0.00057001),.UNSPECIFIED.);
#18719=EDGE_CURVE('',#8444,#12702,#18718,.T.);
#18720=ORIENTED_EDGE('',*,*,#18719,.F.);
#18721=ORIENTED_EDGE('',*,*,#8449,.F.);
#18722=ORIENTED_EDGE('',*,*,#18667,.T.);
#18723=ORIENTED_EDGE('',*,*,#12758,.F.);
#18724=EDGE_LOOP('',(#18706,#18707,#18720,#18721,#18722,#18723));
#18725=FACE_BOUND('',#18724,.T.);
#18726=ADVANCED_FACE('',(#18725),#18705,.F.);
#18727=CARTESIAN_POINT('',(25.455568941,-38.674332701,22.));
#18728=DIRECTION('',(0.,0.,-1.));
#18729=DIRECTION('',(-1.,0.,0.));
#18730=AXIS2_PLACEMENT_3D('',#18727,#18728,#18729);
#18731=CYLINDRICAL_SURFACE('',#18730,0.3);
#18732=CARTESIAN_POINT('',(25.155553206,-38.674332709,13.048950842));
#18733=VERTEX_POINT('',#18732);
#18734=CARTESIAN_POINT('',(25.155568941,-38.674332701,0.951049158));
#18735=DIRECTION('',(-0.,-0.,1.));
#18736=VECTOR('',#18735,12.097901684);
#18737=LINE('',#18734,#18736);
#18738=EDGE_CURVE('',#18671,#18733,#18737,.T.);
#18739=ORIENTED_EDGE('',*,*,#18738,.F.);
#18740=ORIENTED_EDGE('',*,*,#18683,.T.);
#18741=ORIENTED_EDGE('',*,*,#8464,.F.);
#18742=CARTESIAN_POINT('',(25.204446268,-38.838458882,13.));
#18743=CARTESIAN_POINT('',(25.178002675,-38.797998635,13.));
#18744=CARTESIAN_POINT('',(25.162671758,-38.752564566,13.012027179));
#18745=CARTESIAN_POINT('',(25.157598332,-38.70916826,13.03156335));
#18746=CARTESIAN_POINT('',(25.152524906,-38.665771954,13.051099522));
#18747=CARTESIAN_POINT('',(25.157218613,-38.625066113,13.077374019));
#18748=CARTESIAN_POINT('',(25.168051216,-38.588696507,13.106439143));
#18749=CARTESIAN_POINT('',(25.189716421,-38.515957295,13.164569392));
#18750=CARTESIAN_POINT('',(25.2341372,-38.460926846,13.232145649));
#18751=CARTESIAN_POINT('',(25.290630049,-38.423743073,13.3));
#18752=B_SPLINE_CURVE_WITH_KNOTS('',3,(#18742,#18743,#18744,#18745,#18746,#18747,#18748,#18749,#18750,#18751),.UNSPECIFIED.,.F.,.F.,(4,3,3,4),(0.,0.000142502,0.000285005,0.00057001),.UNSPECIFIED.);
#18753=EDGE_CURVE('',#18733,#8452,#18752,.T.);
#18754=ORIENTED_EDGE('',*,*,#18753,.F.);
#18755=EDGE_LOOP('',(#18739,#18740,#18741,#18754));
#18756=FACE_BOUND('',#18755,.T.);
#18757=ADVANCED_FACE('',(#18756),#18731,.F.);
#18758=CARTESIAN_POINT('',(0.,0.,13.3));
#18759=DIRECTION('',(0.,0.,1.));
#18760=DIRECTION('',(1.,0.,-0.));
#18761=AXIS2_PLACEMENT_3D('',#18758,#18759,#18760);
#18762=TOROIDAL_SURFACE('',#18761,46.3,0.3);
#18763=ORIENTED_EDGE('',*,*,#18719,.T.);
#18764=ORIENTED_EDGE('',*,*,#12708,.F.);
#18765=CARTESIAN_POINT('',(25.204446268,-38.838458882,13.));
#18766=CARTESIAN_POINT('',(25.178002675,-38.797998635,13.));
#18767=CARTESIAN_POINT('',(25.162671758,-38.752564566,13.012027179));
#18768=CARTESIAN_POINT('',(25.157598332,-38.70916826,13.03156335));
#18769=CARTESIAN_POINT('',(25.152524906,-38.665771954,13.051099522));
#18770=CARTESIAN_POINT('',(25.157218613,-38.625066113,13.077374019));
#18771=CARTESIAN_POINT('',(25.168051216,-38.588696507,13.106439143));
#18772=CARTESIAN_POINT('',(25.189716421,-38.515957295,13.164569392));
#18773=CARTESIAN_POINT('',(25.2341372,-38.460926846,13.232145649));
#18774=CARTESIAN_POINT('',(25.290630049,-38.423743073,13.3));
#18775=B_SPLINE_CURVE_WITH_KNOTS('',3,(#18765,#18766,#18767,#18768,#18769,#18770,#18771,#18772,#18773,#18774),.UNSPECIFIED.,.F.,.F.,(4,3,3,4),(0.,0.000142502,0.000285005,0.00057001),.UNSPECIFIED.);
#18776=EDGE_CURVE('',#12693,#18733,#18775,.T.);
#18777=ORIENTED_EDGE('',*,*,#18776,.T.);
#18778=ORIENTED_EDGE('',*,*,#18753,.T.);
#18779=ORIENTED_EDGE('',*,*,#8458,.F.);
#18780=EDGE_LOOP('',(#18763,#18764,#18777,#18778,#18779));
#18781=FACE_BOUND('',#18780,.T.);
#18782=ADVANCED_FACE('',(#18781),#18762,.F.);
#18783=CARTESIAN_POINT('',(-20.765170123,-41.382335721,22.));
#18784=DIRECTION('',(0.,0.,-1.));
#18785=DIRECTION('',(-1.,0.,0.));
#18786=AXIS2_PLACEMENT_3D('',#18783,#18784,#18785);
#18787=CYLINDRICAL_SURFACE('',#18786,0.3);
#18788=CARTESIAN_POINT('',(-20.630622585,-41.114199637,0.7));
#18789=CARTESIAN_POINT('',(-20.691073123,-41.083866266,0.767852096));
#18790=CARTESIAN_POINT('',(-20.760939259,-41.072912982,0.835430608));
#18791=CARTESIAN_POINT('',(-20.834765866,-41.09051997,0.893560857));
#18792=CARTESIAN_POINT('',(-20.87167917,-41.099323464,0.922625981));
#18793=CARTESIAN_POINT('',(-20.909278316,-41.115611515,0.948900478));
#18794=CARTESIAN_POINT('',(-20.944323907,-41.141703384,0.96843665));
#18795=CARTESIAN_POINT('',(-20.979369498,-41.167795252,0.987972821));
#18796=CARTESIAN_POINT('',(-21.011051096,-41.20378925,1.));
#18797=CARTESIAN_POINT('',(-21.032868902,-41.246920197,1.));
#18798=B_SPLINE_CURVE_WITH_KNOTS('',3,(#18788,#18789,#18790,#18791,#18792,#18793,#18794,#18795,#18796,#18797),.UNSPECIFIED.,.F.,.F.,(4,3,3,4),(0.,0.000285005,0.000427507,0.00057001),.UNSPECIFIED.);
#18799=EDGE_CURVE('',#8471,#11189,#18798,.T.);
#18800=ORIENTED_EDGE('',*,*,#18799,.F.);
#18801=ORIENTED_EDGE('',*,*,#8476,.F.);
#18802=CARTESIAN_POINT('',(-21.032868902,-41.246920197,13.));
#18803=CARTESIAN_POINT('',(-21.011051096,-41.20378925,13.));
#18804=CARTESIAN_POINT('',(-20.979369498,-41.167795252,13.012027179));
#18805=CARTESIAN_POINT('',(-20.944323907,-41.141703384,13.03156335));
#18806=CARTESIAN_POINT('',(-20.909278316,-41.115611515,13.051099522));
#18807=CARTESIAN_POINT('',(-20.87167917,-41.099323464,13.077374019));
#18808=CARTESIAN_POINT('',(-20.834765866,-41.09051997,13.106439143));
#18809=CARTESIAN_POINT('',(-20.760939259,-41.072912982,13.164569392));
#18810=CARTESIAN_POINT('',(-20.691071102,-41.083867281,13.232145649));
#18811=CARTESIAN_POINT('',(-20.630622585,-41.114199637,13.3));
#18812=B_SPLINE_CURVE_WITH_KNOTS('',3,(#18802,#18803,#18804,#18805,#18806,#18807,#18808,#18809,#18810,#18811),.UNSPECIFIED.,.F.,.F.,(4,3,3,4),(0.,0.000142502,0.000285005,0.00057001),.UNSPECIFIED.);
#18813=EDGE_CURVE('',#11121,#8469,#18812,.T.);
#18814=ORIENTED_EDGE('',*,*,#18813,.F.);
#18815=ORIENTED_EDGE('',*,*,#11127,.F.);
#18816=ORIENTED_EDGE('',*,*,#11095,.F.);
#18817=ORIENTED_EDGE('',*,*,#11202,.F.);
#18818=EDGE_LOOP('',(#18800,#18801,#18814,#18815,#18816,#18817));
#18819=FACE_BOUND('',#18818,.T.);
#18820=ADVANCED_FACE('',(#18819),#18787,.F.);
#18821=CARTESIAN_POINT('',(0.,0.,13.3));
#18822=DIRECTION('',(0.,0.,1.));
#18823=DIRECTION('',(1.,0.,-0.));
#18824=AXIS2_PLACEMENT_3D('',#18821,#18822,#18823);
#18825=TOROIDAL_SURFACE('',#18824,46.3,0.3);
#18826=ORIENTED_EDGE('',*,*,#18813,.T.);
#18827=ORIENTED_EDGE('',*,*,#8500,.F.);
#18828=CARTESIAN_POINT('',(-25.204446268,-38.838458882,13.));
#18829=CARTESIAN_POINT('',(-25.178002675,-38.797998635,13.));
#18830=CARTESIAN_POINT('',(-25.162671758,-38.752564566,13.012027179));
#18831=CARTESIAN_POINT('',(-25.157598332,-38.70916826,13.03156335));
#18832=CARTESIAN_POINT('',(-25.152524906,-38.665771954,13.051099522));
#18833=CARTESIAN_POINT('',(-25.157218613,-38.625066113,13.077374019));
#18834=CARTESIAN_POINT('',(-25.168051216,-38.588696507,13.106439143));
#18835=CARTESIAN_POINT('',(-25.189716421,-38.515957295,13.164569392));
#18836=CARTESIAN_POINT('',(-25.234135311,-38.460928089,13.232147904));
#18837=CARTESIAN_POINT('',(-25.290630049,-38.423743073,13.3));
#18838=B_SPLINE_CURVE_WITH_KNOTS('',3,(#18828,#18829,#18830,#18831,#18832,#18833,#18834,#18835,#18836,#18837),.UNSPECIFIED.,.F.,.F.,(4,3,3,4),(0.,0.000142502,0.000285005,0.00057001),.UNSPECIFIED.);
#18839=EDGE_CURVE('',#11130,#8488,#18838,.T.);
#18840=ORIENTED_EDGE('',*,*,#18839,.F.);
#18841=ORIENTED_EDGE('',*,*,#11136,.F.);
#18842=EDGE_LOOP('',(#18826,#18827,#18840,#18841));
#18843=FACE_BOUND('',#18842,.T.);
#18844=ADVANCED_FACE('',(#18843),#18825,.F.);
#18845=CARTESIAN_POINT('',(0.,0.,0.7));
#18846=DIRECTION('',(0.,0.,1.));
#18847=DIRECTION('',(1.,0.,-0.));
#18848=AXIS2_PLACEMENT_3D('',#18845,#18846,#18847);
#18849=TOROIDAL_SURFACE('',#18848,46.3,0.3);
#18850=ORIENTED_EDGE('',*,*,#11195,.F.);
#18851=CARTESIAN_POINT('',(-25.290630049,-38.423743073,0.7));
#18852=CARTESIAN_POINT('',(-25.2341372,-38.460926846,0.767854351));
#18853=CARTESIAN_POINT('',(-25.189716421,-38.515957295,0.835430608));
#18854=CARTESIAN_POINT('',(-25.168051216,-38.588696507,0.893560857));
#18855=CARTESIAN_POINT('',(-25.157218613,-38.625066113,0.922625981));
#18856=CARTESIAN_POINT('',(-25.152524906,-38.665771954,0.948900478));
#18857=CARTESIAN_POINT('',(-25.157598332,-38.70916826,0.96843665));
#18858=CARTESIAN_POINT('',(-25.162671758,-38.752564566,0.987972821));
#18859=CARTESIAN_POINT('',(-25.178002675,-38.797998635,1.));
#18860=CARTESIAN_POINT('',(-25.204446268,-38.838458882,1.));
#18861=B_SPLINE_CURVE_WITH_KNOTS('',3,(#18851,#18852,#18853,#18854,#18855,#18856,#18857,#18858,#18859,#18860),.UNSPECIFIED.,.F.,.F.,(4,3,3,4),(0.,0.000285005,0.000427507,0.00057001),.UNSPECIFIED.);
#18862=EDGE_CURVE('',#8479,#11180,#18861,.T.);
#18863=ORIENTED_EDGE('',*,*,#18862,.F.);
#18864=ORIENTED_EDGE('',*,*,#8485,.F.);
#18865=ORIENTED_EDGE('',*,*,#18799,.T.);
#18866=EDGE_LOOP('',(#18850,#18863,#18864,#18865));
#18867=FACE_BOUND('',#18866,.T.);
#18868=ADVANCED_FACE('',(#18867),#18849,.F.);
#18869=CARTESIAN_POINT('',(-25.455568941,-38.674332701,22.));
#18870=DIRECTION('',(0.,0.,-1.));
#18871=DIRECTION('',(-1.,0.,0.));
#18872=AXIS2_PLACEMENT_3D('',#18869,#18870,#18871);
#18873=CYLINDRICAL_SURFACE('',#18872,0.3);
#18874=ORIENTED_EDGE('',*,*,#18839,.T.);
#18875=ORIENTED_EDGE('',*,*,#8493,.F.);
#18876=ORIENTED_EDGE('',*,*,#18862,.T.);
#18877=ORIENTED_EDGE('',*,*,#11186,.F.);
#18878=ORIENTED_EDGE('',*,*,#11013,.F.);
#18879=ORIENTED_EDGE('',*,*,#11143,.F.);
#18880=EDGE_LOOP('',(#18874,#18875,#18876,#18877,#18878,#18879));
#18881=FACE_BOUND('',#18880,.T.);
#18882=ADVANCED_FACE('',(#18881),#18873,.F.);
#18883=CARTESIAN_POINT('',(-34.597845323,30.768150725,22.));
#18884=DIRECTION('',(0.,0.,-1.));
#18885=DIRECTION('',(-1.,0.,0.));
#18886=AXIS2_PLACEMENT_3D('',#18883,#18884,#18885);
#18887=CYLINDRICAL_SURFACE('',#18886,0.3);
#18888=CARTESIAN_POINT('',(-34.373669219,30.568789057,0.7));
#18889=CARTESIAN_POINT('',(-34.328723683,30.61932894,0.767852096));
#18890=CARTESIAN_POINT('',(-34.300060936,30.683979525,0.835430608));
#18891=CARTESIAN_POINT('',(-34.297960248,30.759847576,0.893560857));
#18892=CARTESIAN_POINT('',(-34.296909905,30.797781602,0.922625981));
#18893=CARTESIAN_POINT('',(-34.302911578,30.838315245,0.948900478));
#18894=CARTESIAN_POINT('',(-34.319043922,30.878919759,0.96843665));
#18895=CARTESIAN_POINT('',(-34.335176266,30.919524273,0.987972821));
#18896=CARTESIAN_POINT('',(-34.361743996,30.95944228,1.));
#18897=CARTESIAN_POINT('',(-34.397758429,30.991679772,1.));
#18898=B_SPLINE_CURVE_WITH_KNOTS('',3,(#18888,#18889,#18890,#18891,#18892,#18893,#18894,#18895,#18896,#18897),.UNSPECIFIED.,.F.,.F.,(4,3,3,4),(0.,0.000285005,0.000427507,0.00057001),.UNSPECIFIED.);
#18899=EDGE_CURVE('',#8507,#8831,#18898,.T.);
#18900=ORIENTED_EDGE('',*,*,#18899,.F.);
#18901=ORIENTED_EDGE('',*,*,#8512,.F.);
#18902=CARTESIAN_POINT('',(-34.397758429,30.991679772,13.));
#18903=CARTESIAN_POINT('',(-34.361743996,30.95944228,13.));
#18904=CARTESIAN_POINT('',(-34.335176266,30.919524273,13.012027179));
#18905=CARTESIAN_POINT('',(-34.319043922,30.878919759,13.03156335));
#18906=CARTESIAN_POINT('',(-34.302911578,30.838315245,13.051099522));
#18907=CARTESIAN_POINT('',(-34.296909905,30.797781602,13.077374019));
#18908=CARTESIAN_POINT('',(-34.297960248,30.759847576,13.106439143));
#18909=CARTESIAN_POINT('',(-34.300060936,30.683979525,13.164569392));
#18910=CARTESIAN_POINT('',(-34.328725186,30.619327249,13.232145649));
#18911=CARTESIAN_POINT('',(-34.373669219,30.568789057,13.3));
#18912=B_SPLINE_CURVE_WITH_KNOTS('',3,(#18902,#18903,#18904,#18905,#18906,#18907,#18908,#18909,#18910,#18911),.UNSPECIFIED.,.F.,.F.,(4,3,3,4),(0.,0.000142502,0.000285005,0.00057001),.UNSPECIFIED.);
#18913=EDGE_CURVE('',#8763,#8505,#18912,.T.);
#18914=ORIENTED_EDGE('',*,*,#18913,.F.);
#18915=ORIENTED_EDGE('',*,*,#8769,.F.);
#18916=ORIENTED_EDGE('',*,*,#8737,.F.);
#18917=ORIENTED_EDGE('',*,*,#8844,.F.);
#18918=EDGE_LOOP('',(#18900,#18901,#18914,#18915,#18916,#18917));
#18919=FACE_BOUND('',#18918,.T.);
#18920=ADVANCED_FACE('',(#18919),#18887,.F.);
#18921=CARTESIAN_POINT('',(0.,0.,13.3));
#18922=DIRECTION('',(0.,0.,1.));
#18923=DIRECTION('',(1.,0.,-0.));
#18924=AXIS2_PLACEMENT_3D('',#18921,#18922,#18923);
#18925=TOROIDAL_SURFACE('',#18924,46.3,0.3);
#18926=ORIENTED_EDGE('',*,*,#18913,.T.);
#18927=ORIENTED_EDGE('',*,*,#8536,.F.);
#18928=CARTESIAN_POINT('',(-30.991679772,34.397758429,13.));
#18929=CARTESIAN_POINT('',(-30.95944228,34.361743996,13.));
#18930=CARTESIAN_POINT('',(-30.919524273,34.335176266,13.012027179));
#18931=CARTESIAN_POINT('',(-30.878919759,34.319043922,13.03156335));
#18932=CARTESIAN_POINT('',(-30.838315245,34.302911578,13.051099522));
#18933=CARTESIAN_POINT('',(-30.797781602,34.296909905,13.077374019));
#18934=CARTESIAN_POINT('',(-30.759847576,34.297960248,13.106439143));
#18935=CARTESIAN_POINT('',(-30.683979525,34.300060936,13.164569392));
#18936=CARTESIAN_POINT('',(-30.61932894,34.328723683,13.232147904));
#18937=CARTESIAN_POINT('',(-30.568789057,34.373669219,13.3));
#18938=B_SPLINE_CURVE_WITH_KNOTS('',3,(#18928,#18929,#18930,#18931,#18932,#18933,#18934,#18935,#18936,#18937),.UNSPECIFIED.,.F.,.F.,(4,3,3,4),(0.,0.000142502,0.000285005,0.00057001),.UNSPECIFIED.);
#18939=EDGE_CURVE('',#8772,#8524,#18938,.T.);
#18940=ORIENTED_EDGE('',*,*,#18939,.F.);
#18941=ORIENTED_EDGE('',*,*,#8778,.F.);
#18942=EDGE_LOOP('',(#18926,#18927,#18940,#18941));
#18943=FACE_BOUND('',#18942,.T.);
#18944=ADVANCED_FACE('',(#18943),#18925,.F.);
#18945=CARTESIAN_POINT('',(0.,0.,0.7));
#18946=DIRECTION('',(0.,0.,1.));
#18947=DIRECTION('',(1.,0.,-0.));
#18948=AXIS2_PLACEMENT_3D('',#18945,#18946,#18947);
#18949=TOROIDAL_SURFACE('',#18948,46.3,0.3);
#18950=ORIENTED_EDGE('',*,*,#8837,.F.);
#18951=CARTESIAN_POINT('',(-30.568789057,34.373669219,0.7));
#18952=CARTESIAN_POINT('',(-30.619327249,34.328725186,0.767854351));
#18953=CARTESIAN_POINT('',(-30.683979525,34.300060936,0.835430608));
#18954=CARTESIAN_POINT('',(-30.759847576,34.297960248,0.893560857));
#18955=CARTESIAN_POINT('',(-30.797781602,34.296909905,0.922625981));
#18956=CARTESIAN_POINT('',(-30.838315245,34.302911578,0.948900478));
#18957=CARTESIAN_POINT('',(-30.878919759,34.319043922,0.96843665));
#18958=CARTESIAN_POINT('',(-30.919524273,34.335176266,0.987972821));
#18959=CARTESIAN_POINT('',(-30.95944228,34.361743996,1.));
#18960=CARTESIAN_POINT('',(-30.991679772,34.397758429,1.));
#18961=B_SPLINE_CURVE_WITH_KNOTS('',3,(#18951,#18952,#18953,#18954,#18955,#18956,#18957,#18958,#18959,#18960),.UNSPECIFIED.,.F.,.F.,(4,3,3,4),(0.,0.000285005,0.000427507,0.00057001),.UNSPECIFIED.);
#18962=EDGE_CURVE('',#8515,#8822,#18961,.T.);
#18963=ORIENTED_EDGE('',*,*,#18962,.F.);
#18964=ORIENTED_EDGE('',*,*,#8521,.F.);
#18965=ORIENTED_EDGE('',*,*,#18899,.T.);
#18966=EDGE_LOOP('',(#18950,#18963,#18964,#18965));
#18967=FACE_BOUND('',#18966,.T.);
#18968=ADVANCED_FACE('',(#18967),#18949,.F.);
#18969=CARTESIAN_POINT('',(-30.768150725,34.597845323,22.));
#18970=DIRECTION('',(0.,0.,-1.));
#18971=DIRECTION('',(-1.,0.,0.));
#18972=AXIS2_PLACEMENT_3D('',#18969,#18970,#18971);
#18973=CYLINDRICAL_SURFACE('',#18972,0.3);
#18974=ORIENTED_EDGE('',*,*,#18939,.T.);
#18975=ORIENTED_EDGE('',*,*,#8529,.F.);
#18976=ORIENTED_EDGE('',*,*,#18962,.T.);
#18977=ORIENTED_EDGE('',*,*,#8828,.F.);
#18978=ORIENTED_EDGE('',*,*,#8655,.F.);
#18979=ORIENTED_EDGE('',*,*,#8785,.F.);
#18980=EDGE_LOOP('',(#18974,#18975,#18976,#18977,#18978,#18979));
#18981=FACE_BOUND('',#18980,.T.);
#18982=ADVANCED_FACE('',(#18981),#18973,.F.);
#18983=CARTESIAN_POINT('',(-45.374936332,10.16686544,13.));
#18984=DIRECTION('',(-0.,0.,-1.));
#18985=DIRECTION('',(-0.258819045,-0.965925826,0.));
#18986=AXIS2_PLACEMENT_3D('',#18983,#18984,#18985);
#18987=CYLINDRICAL_SURFACE('',#18986,0.5);
#18988=ORIENTED_EDGE('',*,*,#7591,.F.);
#18989=ORIENTED_EDGE('',*,*,#7691,.F.);
#18990=ORIENTED_EDGE('',*,*,#7556,.F.);
#18991=ORIENTED_EDGE('',*,*,#7453,.F.);
#18992=ORIENTED_EDGE('',*,*,#7512,.F.);
#18993=ORIENTED_EDGE('',*,*,#7649,.F.);
#18994=EDGE_LOOP('',(#18988,#18989,#18990,#18991,#18992,#18993));
#18995=FACE_BOUND('',#18994,.T.);
#18996=ADVANCED_FACE('',(#18995),#18987,.T.);
#18997=CARTESIAN_POINT('',(-34.212414839,31.492231913,13.));
#18998=DIRECTION('',(-0.,0.,-1.));
#18999=DIRECTION('',(-0.707106781,-0.707106781,0.));
#19000=AXIS2_PLACEMENT_3D('',#18997,#18998,#18999);
#19001=CYLINDRICAL_SURFACE('',#19000,0.5);
#19002=ORIENTED_EDGE('',*,*,#8889,.F.);
#19003=ORIENTED_EDGE('',*,*,#8989,.F.);
#19004=ORIENTED_EDGE('',*,*,#8854,.F.);
#19005=ORIENTED_EDGE('',*,*,#8751,.F.);
#19006=ORIENTED_EDGE('',*,*,#8811,.F.);
#19007=ORIENTED_EDGE('',*,*,#8947,.F.);
#19008=EDGE_LOOP('',(#19002,#19003,#19004,#19005,#19006,#19007));
#19009=FACE_BOUND('',#19008,.T.);
#19010=ADVANCED_FACE('',(#19009),#19001,.T.);
#19011=CARTESIAN_POINT('',(-41.197444465,21.564335593,13.));
#19012=DIRECTION('',(-0.,0.,-1.));
#19013=DIRECTION('',(-0.5,-0.866025404,0.));
#19014=AXIS2_PLACEMENT_3D('',#19011,#19012,#19013);
#19015=CYLINDRICAL_SURFACE('',#19014,0.5);
#19016=ORIENTED_EDGE('',*,*,#9282,.F.);
#19017=ORIENTED_EDGE('',*,*,#9382,.F.);
#19018=ORIENTED_EDGE('',*,*,#9247,.F.);
#19019=ORIENTED_EDGE('',*,*,#9144,.F.);
#19020=ORIENTED_EDGE('',*,*,#9204,.F.);
#19021=ORIENTED_EDGE('',*,*,#9340,.F.);
#19022=EDGE_LOOP('',(#19016,#19017,#19018,#19019,#19020,#19021));
#19023=FACE_BOUND('',#19022,.T.);
#19024=ADVANCED_FACE('',(#19023),#19015,.T.);
#19025=CARTESIAN_POINT('',(-46.460201274,-1.923459793,13.));
#19026=DIRECTION('',(-0.,0.,-1.));
#19027=DIRECTION('',(-0.,-1.,0.));
#19028=AXIS2_PLACEMENT_3D('',#19025,#19026,#19027);
#19029=CYLINDRICAL_SURFACE('',#19028,0.5);
#19030=ORIENTED_EDGE('',*,*,#9675,.F.);
#19031=ORIENTED_EDGE('',*,*,#9775,.F.);
#19032=ORIENTED_EDGE('',*,*,#9641,.F.);
#19033=ORIENTED_EDGE('',*,*,#9537,.F.);
#19034=ORIENTED_EDGE('',*,*,#9597,.F.);
#19035=ORIENTED_EDGE('',*,*,#9733,.F.);
#19036=EDGE_LOOP('',(#19030,#19031,#19032,#19033,#19034,#19035));
#19037=FACE_BOUND('',#19036,.T.);
#19038=ADVANCED_FACE('',(#19037),#19029,.T.);
#19039=CARTESIAN_POINT('',(-44.379280278,-13.882704419,13.));
#19040=DIRECTION('',(0.,0.,-1.));
#19041=DIRECTION('',(0.258819045,-0.965925826,0.));
#19042=AXIS2_PLACEMENT_3D('',#19039,#19040,#19041);
#19043=CYLINDRICAL_SURFACE('',#19042,0.5);
#19044=ORIENTED_EDGE('',*,*,#10068,.F.);
#19045=ORIENTED_EDGE('',*,*,#10168,.F.);
#19046=ORIENTED_EDGE('',*,*,#10034,.F.);
#19047=ORIENTED_EDGE('',*,*,#9930,.F.);
#19048=ORIENTED_EDGE('',*,*,#9990,.F.);
#19049=ORIENTED_EDGE('',*,*,#10126,.F.);
#19050=EDGE_LOOP('',(#19044,#19045,#19046,#19047,#19048,#19049));
#19051=FACE_BOUND('',#19050,.T.);
#19052=ADVANCED_FACE('',(#19051),#19043,.T.);
#19053=CARTESIAN_POINT('',(-39.273984672,-24.895865681,13.));
#19054=DIRECTION('',(0.,0.,-1.));
#19055=DIRECTION('',(0.5,-0.866025404,0.));
#19056=AXIS2_PLACEMENT_3D('',#19053,#19054,#19055);
#19057=CYLINDRICAL_SURFACE('',#19056,0.5);
#19058=ORIENTED_EDGE('',*,*,#10461,.F.);
#19059=ORIENTED_EDGE('',*,*,#10561,.F.);
#19060=ORIENTED_EDGE('',*,*,#10426,.F.);
#19061=ORIENTED_EDGE('',*,*,#10323,.F.);
#19062=ORIENTED_EDGE('',*,*,#10383,.F.);
#19063=ORIENTED_EDGE('',*,*,#10519,.F.);
#19064=EDGE_LOOP('',(#19058,#19059,#19060,#19061,#19062,#19063));
#19065=FACE_BOUND('',#19064,.T.);
#19066=ADVANCED_FACE('',(#19065),#19057,.T.);
#19067=CARTESIAN_POINT('',(-31.492231913,-34.212414839,13.));
#19068=DIRECTION('',(0.,0.,-1.));
#19069=DIRECTION('',(0.707106781,-0.707106781,0.));
#19070=AXIS2_PLACEMENT_3D('',#19067,#19068,#19069);
#19071=CYLINDRICAL_SURFACE('',#19070,0.5);
#19072=ORIENTED_EDGE('',*,*,#10854,.F.);
#19073=ORIENTED_EDGE('',*,*,#10954,.F.);
#19074=ORIENTED_EDGE('',*,*,#10819,.F.);
#19075=ORIENTED_EDGE('',*,*,#10716,.F.);
#19076=ORIENTED_EDGE('',*,*,#10776,.F.);
#19077=ORIENTED_EDGE('',*,*,#10912,.F.);
#19078=EDGE_LOOP('',(#19072,#19073,#19074,#19075,#19076,#19077));
#19079=FACE_BOUND('',#19078,.T.);
#19080=ADVANCED_FACE('',(#19079),#19071,.T.);
#19081=CARTESIAN_POINT('',(-21.564335593,-41.197444465,13.));
#19082=DIRECTION('',(0.,0.,-1.));
#19083=DIRECTION('',(0.866025404,-0.5,0.));
#19084=AXIS2_PLACEMENT_3D('',#19081,#19082,#19083);
#19085=CYLINDRICAL_SURFACE('',#19084,0.5);
#19086=ORIENTED_EDGE('',*,*,#11247,.F.);
#19087=ORIENTED_EDGE('',*,*,#11347,.F.);
#19088=ORIENTED_EDGE('',*,*,#11212,.F.);
#19089=ORIENTED_EDGE('',*,*,#11109,.F.);
#19090=ORIENTED_EDGE('',*,*,#11169,.F.);
#19091=ORIENTED_EDGE('',*,*,#11305,.F.);
#19092=EDGE_LOOP('',(#19086,#19087,#19088,#19089,#19090,#19091));
#19093=FACE_BOUND('',#19092,.T.);
#19094=ADVANCED_FACE('',(#19093),#19085,.T.);
#19095=CARTESIAN_POINT('',(-10.16686544,-45.374936332,13.));
#19096=DIRECTION('',(0.,0.,-1.));
#19097=DIRECTION('',(0.965925826,-0.258819045,0.));
#19098=AXIS2_PLACEMENT_3D('',#19095,#19096,#19097);
#19099=CYLINDRICAL_SURFACE('',#19098,0.5);
#19100=ORIENTED_EDGE('',*,*,#11640,.F.);
#19101=ORIENTED_EDGE('',*,*,#11740,.F.);
#19102=ORIENTED_EDGE('',*,*,#11605,.F.);
#19103=ORIENTED_EDGE('',*,*,#11502,.F.);
#19104=ORIENTED_EDGE('',*,*,#11562,.F.);
#19105=ORIENTED_EDGE('',*,*,#11698,.F.);
#19106=EDGE_LOOP('',(#19100,#19101,#19102,#19103,#19104,#19105));
#19107=FACE_BOUND('',#19106,.T.);
#19108=ADVANCED_FACE('',(#19107),#19099,.T.);
#19109=CARTESIAN_POINT('',(1.923459793,-46.460201274,13.));
#19110=DIRECTION('',(0.,0.,-1.));
#19111=DIRECTION('',(1.,-0.,0.));
#19112=AXIS2_PLACEMENT_3D('',#19109,#19110,#19111);
#19113=CYLINDRICAL_SURFACE('',#19112,0.5);
#19114=ORIENTED_EDGE('',*,*,#12033,.F.);
#19115=ORIENTED_EDGE('',*,*,#12133,.F.);
#19116=ORIENTED_EDGE('',*,*,#11998,.F.);
#19117=ORIENTED_EDGE('',*,*,#11895,.F.);
#19118=ORIENTED_EDGE('',*,*,#11955,.F.);
#19119=ORIENTED_EDGE('',*,*,#12091,.F.);
#19120=EDGE_LOOP('',(#19114,#19115,#19116,#19117,#19118,#19119));
#19121=FACE_BOUND('',#19120,.T.);
#19122=ADVANCED_FACE('',(#19121),#19113,.T.);
#19123=CARTESIAN_POINT('',(13.882704419,-44.379280278,13.));
#19124=DIRECTION('',(0.,0.,-1.));
#19125=DIRECTION('',(0.965925826,0.258819045,0.));
#19126=AXIS2_PLACEMENT_3D('',#19123,#19124,#19125);
#19127=CYLINDRICAL_SURFACE('',#19126,0.5);
#19128=ORIENTED_EDGE('',*,*,#12426,.F.);
#19129=ORIENTED_EDGE('',*,*,#12526,.F.);
#19130=ORIENTED_EDGE('',*,*,#12392,.F.);
#19131=ORIENTED_EDGE('',*,*,#12288,.F.);
#19132=ORIENTED_EDGE('',*,*,#12348,.F.);
#19133=ORIENTED_EDGE('',*,*,#12484,.F.);
#19134=EDGE_LOOP('',(#19128,#19129,#19130,#19131,#19132,#19133));
#19135=FACE_BOUND('',#19134,.T.);
#19136=ADVANCED_FACE('',(#19135),#19127,.T.);
#19137=CARTESIAN_POINT('',(24.895865681,-39.273984672,13.));
#19138=DIRECTION('',(0.,0.,-1.));
#19139=DIRECTION('',(0.866025404,0.5,0.));
#19140=AXIS2_PLACEMENT_3D('',#19137,#19138,#19139);
#19141=CYLINDRICAL_SURFACE('',#19140,0.5);
#19142=ORIENTED_EDGE('',*,*,#12819,.F.);
#19143=ORIENTED_EDGE('',*,*,#12919,.F.);
#19144=ORIENTED_EDGE('',*,*,#12784,.F.);
#19145=ORIENTED_EDGE('',*,*,#12681,.F.);
#19146=ORIENTED_EDGE('',*,*,#12741,.F.);
#19147=ORIENTED_EDGE('',*,*,#12877,.F.);
#19148=EDGE_LOOP('',(#19142,#19143,#19144,#19145,#19146,#19147));
#19149=FACE_BOUND('',#19148,.T.);
#19150=ADVANCED_FACE('',(#19149),#19141,.T.);
#19151=CARTESIAN_POINT('',(34.212414839,-31.492231913,13.));
#19152=DIRECTION('',(0.,0.,-1.));
#19153=DIRECTION('',(0.707106781,0.707106781,0.));
#19154=AXIS2_PLACEMENT_3D('',#19151,#19152,#19153);
#19155=CYLINDRICAL_SURFACE('',#19154,0.5);
#19156=ORIENTED_EDGE('',*,*,#13212,.F.);
#19157=ORIENTED_EDGE('',*,*,#13312,.F.);
#19158=ORIENTED_EDGE('',*,*,#13177,.F.);
#19159=ORIENTED_EDGE('',*,*,#13074,.F.);
#19160=ORIENTED_EDGE('',*,*,#13134,.F.);
#19161=ORIENTED_EDGE('',*,*,#13270,.F.);
#19162=EDGE_LOOP('',(#19156,#19157,#19158,#19159,#19160,#19161));
#19163=FACE_BOUND('',#19162,.T.);
#19164=ADVANCED_FACE('',(#19163),#19155,.T.);
#19165=CARTESIAN_POINT('',(41.197444465,-21.564335593,13.));
#19166=DIRECTION('',(0.,0.,-1.));
#19167=DIRECTION('',(0.5,0.866025404,0.));
#19168=AXIS2_PLACEMENT_3D('',#19165,#19166,#19167);
#19169=CYLINDRICAL_SURFACE('',#19168,0.5);
#19170=ORIENTED_EDGE('',*,*,#13605,.F.);
#19171=ORIENTED_EDGE('',*,*,#13705,.F.);
#19172=ORIENTED_EDGE('',*,*,#13570,.F.);
#19173=ORIENTED_EDGE('',*,*,#13467,.F.);
#19174=ORIENTED_EDGE('',*,*,#13526,.F.);
#19175=ORIENTED_EDGE('',*,*,#13663,.F.);
#19176=EDGE_LOOP('',(#19170,#19171,#19172,#19173,#19174,#19175));
#19177=FACE_BOUND('',#19176,.T.);
#19178=ADVANCED_FACE('',(#19177),#19169,.T.);
#19179=CARTESIAN_POINT('',(45.374936332,-10.16686544,13.));
#19180=DIRECTION('',(0.,0.,-1.));
#19181=DIRECTION('',(0.258819045,0.965925826,0.));
#19182=AXIS2_PLACEMENT_3D('',#19179,#19180,#19181);
#19183=CYLINDRICAL_SURFACE('',#19182,0.5);
#19184=ORIENTED_EDGE('',*,*,#13998,.F.);
#19185=ORIENTED_EDGE('',*,*,#14098,.F.);
#19186=ORIENTED_EDGE('',*,*,#13963,.F.);
#19187=ORIENTED_EDGE('',*,*,#13860,.F.);
#19188=ORIENTED_EDGE('',*,*,#13919,.F.);
#19189=ORIENTED_EDGE('',*,*,#14056,.F.);
#19190=EDGE_LOOP('',(#19184,#19185,#19186,#19187,#19188,#19189));
#19191=FACE_BOUND('',#19190,.T.);
#19192=ADVANCED_FACE('',(#19191),#19183,.T.);
#19193=CARTESIAN_POINT('',(46.460201274,1.923459793,13.));
#19194=DIRECTION('',(0.,0.,-1.));
#19195=DIRECTION('',(0.,1.,0.));
#19196=AXIS2_PLACEMENT_3D('',#19193,#19194,#19195);
#19197=CYLINDRICAL_SURFACE('',#19196,0.5);
#19198=ORIENTED_EDGE('',*,*,#14409,.F.);
#19199=ORIENTED_EDGE('',*,*,#14509,.F.);
#19200=ORIENTED_EDGE('',*,*,#14374,.F.);
#19201=ORIENTED_EDGE('',*,*,#14253,.F.);
#19202=ORIENTED_EDGE('',*,*,#14322,.F.);
#19203=ORIENTED_EDGE('',*,*,#14467,.F.);
#19204=EDGE_LOOP('',(#19198,#19199,#19200,#19201,#19202,#19203));
#19205=FACE_BOUND('',#19204,.T.);
#19206=ADVANCED_FACE('',(#19205),#19197,.T.);
#19207=CARTESIAN_POINT('',(44.379280278,13.882704419,13.));
#19208=DIRECTION('',(0.,0.,-1.));
#19209=DIRECTION('',(-0.258819045,0.965925826,0.));
#19210=AXIS2_PLACEMENT_3D('',#19207,#19208,#19209);
#19211=CYLINDRICAL_SURFACE('',#19210,0.5);
#19212=ORIENTED_EDGE('',*,*,#14802,.F.);
#19213=ORIENTED_EDGE('',*,*,#14902,.F.);
#19214=ORIENTED_EDGE('',*,*,#14768,.F.);
#19215=ORIENTED_EDGE('',*,*,#14664,.F.);
#19216=ORIENTED_EDGE('',*,*,#14724,.F.);
#19217=ORIENTED_EDGE('',*,*,#14860,.F.);
#19218=EDGE_LOOP('',(#19212,#19213,#19214,#19215,#19216,#19217));
#19219=FACE_BOUND('',#19218,.T.);
#19220=ADVANCED_FACE('',(#19219),#19211,.T.);
#19221=CARTESIAN_POINT('',(39.273984672,24.895865681,13.));
#19222=DIRECTION('',(0.,0.,-1.));
#19223=DIRECTION('',(-0.5,0.866025404,0.));
#19224=AXIS2_PLACEMENT_3D('',#19221,#19222,#19223);
#19225=CYLINDRICAL_SURFACE('',#19224,0.5);
#19226=ORIENTED_EDGE('',*,*,#15195,.F.);
#19227=ORIENTED_EDGE('',*,*,#15295,.F.);
#19228=ORIENTED_EDGE('',*,*,#15160,.F.);
#19229=ORIENTED_EDGE('',*,*,#15057,.F.);
#19230=ORIENTED_EDGE('',*,*,#15116,.F.);
#19231=ORIENTED_EDGE('',*,*,#15253,.F.);
#19232=EDGE_LOOP('',(#19226,#19227,#19228,#19229,#19230,#19231));
#19233=FACE_BOUND('',#19232,.T.);
#19234=ADVANCED_FACE('',(#19233),#19225,.T.);
#19235=CARTESIAN_POINT('',(31.492231913,34.212414839,13.));
#19236=DIRECTION('',(0.,0.,-1.));
#19237=DIRECTION('',(-0.707106781,0.707106781,0.));
#19238=AXIS2_PLACEMENT_3D('',#19235,#19236,#19237);
#19239=CYLINDRICAL_SURFACE('',#19238,0.5);
#19240=ORIENTED_EDGE('',*,*,#15588,.F.);
#19241=ORIENTED_EDGE('',*,*,#15688,.F.);
#19242=ORIENTED_EDGE('',*,*,#15553,.F.);
#19243=ORIENTED_EDGE('',*,*,#15450,.F.);
#19244=ORIENTED_EDGE('',*,*,#15509,.F.);
#19245=ORIENTED_EDGE('',*,*,#15646,.F.);
#19246=EDGE_LOOP('',(#19240,#19241,#19242,#19243,#19244,#19245));
#19247=FACE_BOUND('',#19246,.T.);
#19248=ADVANCED_FACE('',(#19247),#19239,.T.);
#19249=CARTESIAN_POINT('',(45.346688328,9.347077494,22.));
#19250=DIRECTION('',(0.,0.,-1.));
#19251=DIRECTION('',(-1.,0.,0.));
#19252=AXIS2_PLACEMENT_3D('',#19249,#19250,#19251);
#19253=CYLINDRICAL_SURFACE('',#19252,0.3);
#19254=ORIENTED_EDGE('',*,*,#16828,.T.);
#19255=ORIENTED_EDGE('',*,*,#16892,.F.);
#19256=ORIENTED_EDGE('',*,*,#7891,.F.);
#19257=ORIENTED_EDGE('',*,*,#16798,.T.);
#19258=EDGE_LOOP('',(#19254,#19255,#19256,#19257));
#19259=FACE_BOUND('',#19258,.T.);
#19260=ADVANCED_FACE('',(#19259),#19253,.F.);
#19261=CARTESIAN_POINT('',(45.346688328,-9.347077494,22.));
#19262=DIRECTION('',(0.,0.,-1.));
#19263=DIRECTION('',(-1.,0.,0.));
#19264=AXIS2_PLACEMENT_3D('',#19261,#19262,#19263);
#19265=CYLINDRICAL_SURFACE('',#19264,0.3);
#19266=ORIENTED_EDGE('',*,*,#16914,.T.);
#19267=ORIENTED_EDGE('',*,*,#16962,.F.);
#19268=ORIENTED_EDGE('',*,*,#13877,.F.);
#19269=ORIENTED_EDGE('',*,*,#13846,.F.);
#19270=ORIENTED_EDGE('',*,*,#13953,.F.);
#19271=ORIENTED_EDGE('',*,*,#17015,.F.);
#19272=EDGE_LOOP('',(#19266,#19267,#19268,#19269,#19270,#19271));
#19273=FACE_BOUND('',#19272,.T.);
#19274=ADVANCED_FACE('',(#19273),#19265,.F.);
#19275=CARTESIAN_POINT('',(14.578537603,-43.944922817,22.));
#19276=DIRECTION('',(0.,0.,-1.));
#19277=DIRECTION('',(-1.,0.,0.));
#19278=AXIS2_PLACEMENT_3D('',#19275,#19276,#19277);
#19279=CYLINDRICAL_SURFACE('',#19278,0.3);
#19280=ORIENTED_EDGE('',*,*,#17222,.T.);
#19281=ORIENTED_EDGE('',*,*,#17260,.F.);
#19282=ORIENTED_EDGE('',*,*,#12306,.F.);
#19283=ORIENTED_EDGE('',*,*,#12274,.F.);
#19284=ORIENTED_EDGE('',*,*,#12382,.F.);
#19285=ORIENTED_EDGE('',*,*,#17180,.T.);
#19286=EDGE_LOOP('',(#19280,#19281,#19282,#19283,#19284,#19285));
#19287=FACE_BOUND('',#19286,.T.);
#19288=ADVANCED_FACE('',(#19287),#19279,.F.);
#19289=CARTESIAN_POINT('',(41.382335721,-20.765170123,22.));
#19290=DIRECTION('',(0.,0.,-1.));
#19291=DIRECTION('',(-1.,0.,0.));
#19292=AXIS2_PLACEMENT_3D('',#19289,#19290,#19291);
#19293=CYLINDRICAL_SURFACE('',#19292,0.3);
#19294=ORIENTED_EDGE('',*,*,#17380,.T.);
#19295=ORIENTED_EDGE('',*,*,#17428,.F.);
#19296=ORIENTED_EDGE('',*,*,#13484,.F.);
#19297=ORIENTED_EDGE('',*,*,#13453,.F.);
#19298=ORIENTED_EDGE('',*,*,#13560,.F.);
#19299=ORIENTED_EDGE('',*,*,#17481,.F.);
#19300=EDGE_LOOP('',(#19294,#19295,#19296,#19297,#19298,#19299));
#19301=FACE_BOUND('',#19300,.T.);
#19302=ADVANCED_FACE('',(#19301),#19293,.F.);
#19303=CARTESIAN_POINT('',(34.597845323,-30.768150725,22.));
#19304=DIRECTION('',(0.,0.,-1.));
#19305=DIRECTION('',(-1.,0.,0.));
#19306=AXIS2_PLACEMENT_3D('',#19303,#19304,#19305);
#19307=CYLINDRICAL_SURFACE('',#19306,0.3);
#19308=ORIENTED_EDGE('',*,*,#17588,.T.);
#19309=ORIENTED_EDGE('',*,*,#17626,.F.);
#19310=ORIENTED_EDGE('',*,*,#13092,.F.);
#19311=ORIENTED_EDGE('',*,*,#13060,.F.);
#19312=ORIENTED_EDGE('',*,*,#13167,.F.);
#19313=ORIENTED_EDGE('',*,*,#17546,.T.);
#19314=EDGE_LOOP('',(#19308,#19309,#19310,#19311,#19312,#19313));
#19315=FACE_BOUND('',#19314,.T.);
#19316=ADVANCED_FACE('',(#19315),#19307,.F.);
#19317=CARTESIAN_POINT('',(0.,0.,0.7));
#19318=DIRECTION('',(0.,0.,1.));
#19319=DIRECTION('',(1.,0.,-0.));
#19320=AXIS2_PLACEMENT_3D('',#19317,#19318,#19319);
#19321=TOROIDAL_SURFACE('',#19320,46.3,0.3);
#19322=ORIENTED_EDGE('',*,*,#17743,.T.);
#19323=ORIENTED_EDGE('',*,*,#14348,.F.);
#19324=ORIENTED_EDGE('',*,*,#17795,.F.);
#19325=ORIENTED_EDGE('',*,*,#8180,.F.);
#19326=EDGE_LOOP('',(#19322,#19323,#19324,#19325));
#19327=FACE_BOUND('',#19326,.T.);
#19328=ADVANCED_FACE('',(#19327),#19321,.F.);
#19329=CARTESIAN_POINT('',(0.,0.,13.3));
#19330=DIRECTION('',(0.,0.,1.));
#19331=DIRECTION('',(1.,0.,-0.));
#19332=AXIS2_PLACEMENT_3D('',#19329,#19330,#19331);
#19333=TOROIDAL_SURFACE('',#19332,46.3,0.3);
#19334=ORIENTED_EDGE('',*,*,#17837,.T.);
#19335=ORIENTED_EDGE('',*,*,#8197,.F.);
#19336=ORIENTED_EDGE('',*,*,#17781,.T.);
#19337=ORIENTED_EDGE('',*,*,#14289,.F.);
#19338=EDGE_LOOP('',(#19334,#19335,#19336,#19337));
#19339=FACE_BOUND('',#19338,.T.);
#19340=ADVANCED_FACE('',(#19339),#19333,.F.);
#19341=CARTESIAN_POINT('',(34.597845323,30.768150725,22.));
#19342=DIRECTION('',(0.,0.,-1.));
#19343=DIRECTION('',(-1.,0.,0.));
#19344=AXIS2_PLACEMENT_3D('',#19341,#19342,#19343);
#19345=CYLINDRICAL_SURFACE('',#19344,0.3);
#19346=ORIENTED_EDGE('',*,*,#17970,.T.);
#19347=ORIENTED_EDGE('',*,*,#17903,.T.);
#19348=ORIENTED_EDGE('',*,*,#8241,.F.);
#19349=ORIENTED_EDGE('',*,*,#17954,.T.);
#19350=EDGE_LOOP('',(#19346,#19347,#19348,#19349));
#19351=FACE_BOUND('',#19350,.T.);
#19352=ADVANCED_FACE('',(#19351),#19345,.F.);
#19353=CARTESIAN_POINT('',(41.382335721,20.765170123,22.));
#19354=DIRECTION('',(0.,0.,-1.));
#19355=DIRECTION('',(-1.,0.,0.));
#19356=AXIS2_PLACEMENT_3D('',#19353,#19354,#19355);
#19357=CYLINDRICAL_SURFACE('',#19356,0.3);
#19358=ORIENTED_EDGE('',*,*,#18105,.T.);
#19359=ORIENTED_EDGE('',*,*,#18038,.T.);
#19360=ORIENTED_EDGE('',*,*,#8277,.F.);
#19361=ORIENTED_EDGE('',*,*,#18089,.T.);
#19362=EDGE_LOOP('',(#19358,#19359,#19360,#19361));
#19363=FACE_BOUND('',#19362,.T.);
#19364=ADVANCED_FACE('',(#19363),#19357,.F.);
#19365=CARTESIAN_POINT('',(2.70800302,-46.220739064,22.));
#19366=DIRECTION('',(0.,0.,-1.));
#19367=DIRECTION('',(-1.,0.,0.));
#19368=AXIS2_PLACEMENT_3D('',#19365,#19366,#19367);
#19369=CYLINDRICAL_SURFACE('',#19368,0.3);
#19370=ORIENTED_EDGE('',*,*,#18328,.T.);
#19371=ORIENTED_EDGE('',*,*,#18376,.F.);
#19372=ORIENTED_EDGE('',*,*,#11913,.F.);
#19373=ORIENTED_EDGE('',*,*,#11881,.F.);
#19374=ORIENTED_EDGE('',*,*,#11988,.F.);
#19375=ORIENTED_EDGE('',*,*,#18429,.F.);
#19376=EDGE_LOOP('',(#19370,#19371,#19372,#19373,#19374,#19375));
#19377=FACE_BOUND('',#19376,.T.);
#19378=ADVANCED_FACE('',(#19377),#19369,.F.);
#19379=CARTESIAN_POINT('',(25.455568941,-38.674332701,22.));
#19380=DIRECTION('',(0.,0.,-1.));
#19381=DIRECTION('',(-1.,0.,0.));
#19382=AXIS2_PLACEMENT_3D('',#19379,#19380,#19381);
#19383=CYLINDRICAL_SURFACE('',#19382,0.3);
#19384=ORIENTED_EDGE('',*,*,#18738,.T.);
#19385=ORIENTED_EDGE('',*,*,#18776,.F.);
#19386=ORIENTED_EDGE('',*,*,#12699,.F.);
#19387=ORIENTED_EDGE('',*,*,#12667,.F.);
#19388=ORIENTED_EDGE('',*,*,#12774,.F.);
#19389=ORIENTED_EDGE('',*,*,#18696,.T.);
#19390=EDGE_LOOP('',(#19384,#19385,#19386,#19387,#19388,#19389));
#19391=FACE_BOUND('',#19390,.T.);
#19392=ADVANCED_FACE('',(#19391),#19383,.F.);
#19393=CLOSED_SHELL('',(#7375,#7417,#7457,#7517,#7577,#7628,#7671,#7714,#7728,#8540,#8591,#8612,#8633,#8673,#8715,#8755,#8815,#8875,#8926,#8969,#9012,#9026,#9066,#9108,#9148,#9208,
#9268,#9319,#9362,#9405,#9419,#9459,#9501,#9541,#9601,#9661,#9712,#9755,#9798,#9812,#9852,#9894,#9934,#9994,#10054,#10105,#10148,#10191,#10205,#10245,#10287,
#10327,#10387,#10447,#10498,#10541,#10584,#10598,#10638,#10680,#10720,#10780,#10840,#10891,#10934,#10977,#10991,#11031,#11073,#11113,#11173,#11233,#11284,#11327,#11370,#11384,
#11424,#11466,#11506,#11566,#11626,#11677,#11720,#11763,#11777,#11817,#11859,#11899,#11959,#12019,#12070,#12113,#12156,#12170,#12210,#12252,#12292,#12352,#12412,#12463,#12506,
#12549,#12563,#12603,#12645,#12685,#12745,#12805,#12856,#12899,#12942,#12956,#12996,#13038,#13078,#13138,#13198,#13249,#13292,#13335,#13349,#13389,#13431,#13471,#13531,#13591,
#13642,#13685,#13728,#13742,#13782,#13824,#13864,#13924,#13984,#14035,#14078,#14121,#14135,#14175,#14217,#14257,#14326,#14395,#14446,#14489,#14532,#14546,#14586,#14628,#14668,
#14728,#14788,#14839,#14882,#14925,#14939,#14979,#15021,#15061,#15121,#15181,#15232,#15275,#15318,#15332,#15372,#15414,#15454,#15514,#15574,#15625,#15668,#15711,#15725,#15783,
#15841,#15872,#15903,#15925,#15945,#15965,#16646,#16665,#16701,#16727,#16753,#16765,#16816,#16849,#16875,#16900,#16945,#16982,#17019,#17033,#17069,#17095,#17121,#17133,#17184,
#17210,#17241,#17266,#17304,#17328,#17352,#17366,#17411,#17448,#17485,#17499,#17550,#17576,#17607,#17632,#17670,#17694,#17718,#17732,#17762,#17800,#17826,#17844,#17882,#17921,
#17960,#17979,#18017,#18056,#18095,#18114,#18152,#18176,#18200,#18214,#18252,#18276,#18300,#18314,#18359,#18396,#18433,#18447,#18484,#18510,#18536,#18549,#18585,#18611,#18637,
#18649,#18700,#18726,#18757,#18782,#18820,#18844,#18868,#18882,#18920,#18944,#18968,#18982,#18996,#19010,#19024,#19038,#19052,#19066,#19080,#19094,#19108,#19122,#19136,#19150,
#19164,#19178,#19192,#19206,#19220,#19234,#19248,#19260,#19274,#19288,#19302,#19316,#19328,#19340,#19352,#19364,#19378,#19392));
#19394=MANIFOLD_SOLID_BREP('Shroud',#19393);
#7335=STYLED_ITEM('',(#517),#19394);
#16=SHAPE_REPRESENTATION('root',(#15),#10);
#17=ADVANCED_BREP_SHAPE_REPRESENTATION('root',(#510,#1002,#5247,#7334,#19394),#10);
#19402=SHAPE_REPRESENTATION_RELATIONSHIP('','',#16,#17);
#19403=CARTESIAN_POINT('',(0.,0.,0.));
#19404=DIRECTION('',(0.,0.,1.));
#19405=DIRECTION('',(1.,0.,0.));
#19406=AXIS2_PLACEMENT_3D('',#19403,#19404,#19405);
#19408=MAPPED_ITEM('',#19407,#19406);
#19407=REPRESENTATION_MAP(#19406,#16);
#19409=APPLICATION_CONTEXT('Managed model based 3d engineering');
#19410=APPLICATION_PROTOCOL_DEFINITION('international standard','ap242_managed_model_based_3d_engineering',2014,#19409);
#19411=PRODUCT_CONTEXT('',#19409,'mechanical');
#19412=PRODUCT_DEFINITION_CONTEXT('part definition',#19409,'design');
#24=PRODUCT('root','root','',(#19411));
#19413=PRODUCT_RELATED_PRODUCT_CATEGORY('part','',(#24));
#19414=PRODUCT_DEFINITION_FORMATION_WITH_SPECIFIED_SOURCE('','',#24,.NOT_KNOWN.);
#25=PRODUCT_DEFINITION('design','',#19414,#19412);
#23=PRODUCT_DEFINITION_SHAPE('','',#25);
#19415=SHAPE_DEFINITION_REPRESENTATION(#23,#16);
#11=DRAUGHTING_MODEL('',(#19408),#10);
#19416=DESCRIPTIVE_REPRESENTATION_ITEM('KEY','/Users/armen/Library/Containers/com.shapr3d.shapr/Data/tmp/2F2BF5F8-9357-434E-B6AC-0B301DFBE1F4.tmp');
#19417=PROPERTY_DEFINITION('KEY','',#25);
#19418=REPRESENTATION('',(#19416),#10);
#19419=PROPERTY_DEFINITION_REPRESENTATION(#19417,#19418);
#19420=GENERAL_PROPERTY('','KEY','');
#19421=GENERAL_PROPERTY_ASSOCIATION('','',#19420,#19417);
#1=MECHANICAL_DESIGN_GEOMETRIC_PRESENTATION_REPRESENTATION('',(#26,#518,#1003,#5248,#7335),#10);
ENDSEC;
END-ISO-10303-21;
